Jenis Kelamin,Usia,Pekerjaan,Pendidikan Terakhir,Jumlah Platform Media Sosial yang Digunakan,Media Sosial yang Paling Sering Digunakan,Durasi Penggunaan Media Sosial per Hari,Tujuan Utama Penggunaan Media Sosial,Kebijakan keamanan siber di Indonesia saat ini sudah efektif dalam mengatur pengiriman pesan untuk mencegah penyalahgunaan data di media sosial.,Kebijakan di Indonesia telah efektif dalam memastikan adanya pemberitahuan rutin kepada masyarakat mengenai potensi ancaman siber di media sosial.,Kebijakan dan strategi siber di Indonesia saat ini sudah efektif dalam mengatur penggunaan internet dan situs jaringan sosial untuk menangkal risiko keamanan.,Kebijakan keamanan siber di Indonesia telah efektif dalam menjaga integritas (keakuratan dan kelengkapan) data pengguna di platform media sosial.,Kebijakan yang ada di Indonesia saat ini sudah efektif dalam memberikan aturan yang jelas mengenai penanganan informasi sensitif di media sosial.,Kebijakan keamanan informasi terkait media sosial di Indonesia sudah diperbarui secara periodik sehingga relevan dengan ancaman siber terkini.,Kebijakan keamanan informasi siber di Indonesia yang ada saat ini sudah dirumuskan dengan jelas dan mudah dipahami oleh masyarakat umum.,Strategi keamanan siber di Indonesia telah efektif dalam mengatur risiko keamanan yang timbul dari penggunaan aplikasi media sosial di perangkat seluler.,Situs penegakan fakta yang ada saat ini (misalnya yang dikelola pemerintah) telah efektif dalam meningkatkan ketahanan siber pengguna media sosial di Indonesia.,Manajemen keamanan teknologi siber oleh pihak berwenang di Indonesia sudah ditangani oleh para ahli sehingga efektif dalam melindungi pengguna media sosial.,Kebijakan keamanan siber nasional yang berkaitan dengan media sosial sudah dapat diakses dengan mudah oleh seluruh lapisan masyarakat.,Kebijakan dan strategi yang ada telah berhasil memastikan ketersediaan data pengguna di media sosial dari gangguan atau serangan siber.,"Kolaborasi antara pemerintah, swasta, dan masyarakat dalam merumuskan kebijakan keamanan siber media sosial di Indonesia sudah berjalan efektif.",Kebijakan di Indonesia telah memberikan panduan yang efektif mengenai penggunaan media sosial (Social Networking Sites) yang aman dan bertanggung jawab.,Kebijakan siber di Indonesia secara umum sudah efektif dalam menjaga kerahasiaan data pribadi pengguna di media sosial.,Kebijakan dan strategi siber di Indonesia telah efektif dalam mendorong praktik pengelolaan kata sandi (password) yang aman di kalangan pengguna media sosial.,Masyarakat pengguna media sosial di Indonesia secara umum sudah memiliki kesadaran (awareness) yang tinggi terhadap ancaman peretasan (hacking).,Masyarakat pengguna media sosial di Indonesia sudah bijak dalam membedakan informasi pribadi yang sensitif dan yang aman untuk dibagikan secara publik.,Masyarakat pengguna media sosial di Indonesia memiliki kesadaran yang baik mengenai kebijakan privasi dan bagaimana aplikasi dapat mengumpulkan data pribadi mereka tanpa izin.,Masyarakat pengguna media sosial di Indonesia sudah memiliki kesadaran yang tinggi untuk tidak sembarangan mengunduh atau membuka file/lampiran yang mencurigakan.,Masyarakat pengguna media sosial di Indonesia sudah terbiasa memastikan keamanan sebuah situs web (misalnya dengan memeriksa sertifikat digital) sebelum memasukkan data pribadi.,Penggunaan software antivirus yang diperbarui secara berkala sudah menjadi praktik umum bagi masyarakat pengguna media sosial di Indonesia untuk melindungi perangkat mereka.,Masyarakat pengguna media sosial di Indonesia sudah memahami risiko dan menerapkan kehati-hatian saat mengakses akun mereka menggunakan jaringan internet publik.,"Masyarakat pengguna media sosial di Indonesia secara umum sudah memiliki kesadaran privasi yang baik, seperti tidak membagikan lokasi atau informasi personal secara berlebihan.","Praktik membuat dan menggunakan password yang kuat (kombinasi huruf, angka, dan simbol) sudah menjadi budaya di kalangan pengguna media sosial Indonesia.",Masyarakat pengguna media sosial di Indonesia memiliki kesadaran yang tinggi terhadap ancaman virus dan dampaknya terhadap keamanan data.,Penggunaan verifikasi dua faktor (Two-Factor Authentication) sudah menjadi kebiasaan umum bagi masyarakat Indonesia untuk mengamankan akun media sosial mereka.,Masyarakat pengguna media sosial di Indonesia sudah memiliki kemampuan yang baik untuk mengenali dan menghindari berbagai jenis penipuan online (scam/phishing).,Masyarakat di Indonesia secara umum telah mengaktifkan dan memahami fungsi firewall sebagai lapisan perlindungan dasar pada perangkat mereka.,Memperbarui aplikasi media sosial dan sistem operasi secara rutin sudah menjadi budaya keamanan siber yang baik di kalangan masyarakat Indonesia untuk menghindari kerentanan.,Artikel berita yang berkualitas mengenai ancaman siber sudah tersedia dan mudah diakses oleh pengguna media sosial di Indonesia.,Ketersediaan dan pemanfaatan metode pelatihan berbasis komputer (CBT) untuk edukasi keamanan siber bagi masyarakat di Indonesia sudah memadai.,"Program edukasi keamanan siber di Indonesia saat ini sudah memberikan pengetahuan teknis (misalnya tentang firewall, enkripsi) yang relevan bagi pengguna media sosial.",Pemanfaatan media kreatif seperti video dan game edukasi untuk meningkatkan kesadaran keamanan siber di kalangan pengguna media sosial Indonesia saat ini sudah baik.,Penggunaan media informasi seperti poster (baik digital maupun fisik) telah dimanfaatkan secara luas untuk kampanye kesadaran keamanan siber di Indonesia.,Frekuensi dan kualitas penyelenggaraan web seminar (webinar) bertema keamanan siber yang ditujukan untuk pengguna media sosial di Indonesia sudah baik.,Program pelatihan kesadaran keamanan siber secara umum telah menjangkau sebagian besar masyarakat pengguna media sosial di Indonesia.,Budaya saling berbagi pengetahuan (knowledge sharing) mengenai ancaman siber di dalam komunitas-komunitas online di Indonesia saat ini sudah berkembang dengan baik.,Metode pemberitahuan keamanan melalui email (email messaging) sudah umum digunakan oleh berbagai pihak di Indonesia untuk meningkatkan kewaspadaan pengguna media sosial.,Ketersediaan pelatihan atau sosialisasi mengenai kebijakan dan regulasi keamanan siber (seperti UU ITE/PDP) bagi masyarakat umum di Indonesia sudah memadai.,Materi pelatihan keamanan siber di Indonesia saat ini telah relevan dan membahas tantangan-tantangan terkini (seperti phishing dan ransomware) yang dihadapi pengguna media sosial.,Pemanfaatan forum diskusi kelompok (baik online maupun offline) sebagai sarana edukasi keamanan siber di Indonesia sudah berjalan secara efektif.,"Perlindungan hukum di Indonesia saat ini sudah memadai untuk melindungi sistem informasi kritis (misalnya, perbankan) dari ancaman siber yang berasal dari media sosial.",Peraturan dan penegakannya di Indonesia saat ini sudah efektif dalam mengontrol konten ilegal dan berbahaya (seperti ujaran kebencian) di media sosial.,Pembagian tanggung jawab keamanan siber terkait media sosial antar lembaga pemerintah di Indonesia saat ini sudah berjalan dengan jelas dan terkoordinasi.,Kerangka hukum di Indonesia saat ini telah berhasil menyeimbangkan antara kebebasan berbicara dengan pencegahan penyebaran konten berbahaya di media sosial.,"Peraturan di Indonesia saat ini telah efektif dalam mengatur peran dan kewajiban sektor swasta (platform media sosial, ISP) dalam menjaga keamanan siber nasional.",Penerapan standar sertifikasi keamanan siber untuk produk dan layanan TIK dalam ekosistem media sosial di Indonesia sudah berjalan dengan baik.,Kerangka hukum pertahanan siber (cyber defence) di Indonesia saat ini sudah memadai untuk merespons ancaman skala besar yang berasal dari media sosial.,Peraturan yang ada di Indonesia saat ini sudah efektif dalam menangani penyebaran disinformasi di media sosial yang dapat merusak kepercayaan publik.,Kerangka hukum di Indonesia sudah memadai untuk mendukung upaya pencegahan dan investigasi kejahatan siber yang terjadi melalui media sosial.,"Koordinasi keamanan siber antar-sektor (pemerintah, swasta, akademisi) dalam menangani isu-isu di media sosial Indonesia saat ini sudah berjalan secara efektif.",Peraturan di Indonesia saat ini sudah efektif dalam mencegah dan menindak penyalahgunaan data pengguna media sosial untuk kepentingan politik.,Mekanisme verifikasi usia di platform media sosial Indonesia saat ini sudah andal dalam mencegah akses anak-anak terhadap konten dewasa.,Pengguna media sosial di Indonesia saat ini sudah memiliki kontrol penuh dan efektif terhadap data pribadi yang mereka bagikan.,Mekanisme pelaporan dan pencegahan profil palsu (impersonation) di platform media sosial Indonesia saat ini sudah berjalan secara efektif.,Sistem perlindungan data personal dan finansial di platform media sosial Indonesia saat ini sudah transparan dan mampu meyakinkan pengguna akan keamanannya.,Penggunaan sertifikat digital dan protokol keamanan untuk melindungi data pengguna sudah menjadi standar umum yang diterapkan oleh platform media sosial di Indonesia.,Platform media sosial di Indonesia saat ini telah memiliki standar yang efektif untuk membatasi akses bagi individu dengan rekam jejak kriminal.,Proses verifikasi data pengguna saat pembuatan akun di platform media sosial Indonesia sudah efektif untuk mencegah pembuatan akun palsu.,Platform media sosial di Indonesia telah menyediakan mekanisme yang memadai untuk membantu pihak berwenang dalam melacak profil yang diduga terlibat aktivitas kriminal.,Sejauh mana Anda proaktif mencari info kerentanan keamanan pada aplikasi media sosial yang Anda gunakan dan segera melakukan pembaruan (update)?,"Sejauh mana Anda memastikan selalu menggunakan koneksi aman (ditandai ""https"" atau ikon gembok) saat mengakses media sosial selama menggunakan browser?","Sejauh mana Anda secara rutin memantau aktivitas akun media sosial Anda (misalnya, riwayat login, aplikasi terhubung) untuk mendeteksi hal yang mencurigakan?",Sejauh mana Anda secara sadar meninjau ulang dan menyesuaikan pengaturan keamanan dan privasi di akun media sosial Anda setiap kali ada perubahan?,Sejauh mana Anda meninjau dan mengelola izin untuk aplikasi pihak ketiga yang terhubung dengan akun media sosial Anda?,"Sejauh mana Anda berhati-hati dalam memilih jaringan internet (misalnya, menghindari Wi-Fi publik yang tidak aman) saat akan mengakses media sosial?",Sejauh mana Anda menetapkan dan mengikuti aturan pribadi untuk diri sendiri mengenai apa yang boleh dan tidak boleh dibagikan di media sosial?,Sejauh mana Anda secara aktif mencari informasi atau edukasi untuk meningkatkan kesadaran Anda terhadap ancaman siber terbaru di media sosial?,"Sejauh mana Anda menerapkan praktik kontrol akses yang ketat, seperti tidak pernah membagikan kata sandi Anda kepada siapa pun?",Sejauh mana Anda berusaha memahami atau mencari aturan dasar dalam undang-undang (seperti UU ITE) yang berkaitan dengan perilaku di media sosial?,Sejauh mana Anda menganggap dan mengelola profil media sosial Anda sebagai aset digital pribadi yang penting dan perlu dilindungi?,"Sejauh mana Anda memastikan perangkat pribadi (ponsel, laptop, tablet, dll) yang digunakan untuk mengakses media sosial telah terpasang pelindung dari malware?","Sejauh mana Anda secara aktif meninjau dan menerapkan pengaturan privasi yang paling ketat (misalnya, siapa yang bisa melihat postingan Anda) pada akun media sosial Anda?",Sejauh mana Anda berhati-hati dan memeriksa keamanan aplikasi lain seperti game online sebelum menghubungkannya dengan akun media sosial Anda?,"Sejauh mana Anda telah menyiapkan langkah-langkah pemulihan (misalnya, email atau nomor telepon pemulihan) agar dapat menguasai kembali akun media sosial Anda jika diretas?","Sejauh mana Anda mengetahui langkah-langkah yang harus diambil jika terjadi insiden keamanan pada akun media sosial Anda (misalnya, segera mengganti password atau penggunaan OTP)?","Sejauh mana Anda menerapkan praktik keamanan dasar (misalnya, kunci layar, tidak melakukan root/jailbreak) pada semua perangkat pribadi Anda yang digunakan untuk mengakses media sosial?",Kebijakan keamanan siber yang ada di Indonesia saat ini sudah menjadi acuan yang jelas untuk pelaksanaan analisis kerentanan (vulnerability analyses) secara berkala.,Pengguna media sosial di Indonesia sudah memiliki kebiasaan untuk mengecek fakta atau memverifikasi kebenaran berita kepada sumber luar yang kredibel sebelum menyebarkannya.,Platform media sosial di Indonesia saat ini sudah menyertakan fitur pendeteksi berita bohong (fake news detector) otomatis yang tertanam dalam sistem mereka untuk memantau dan mendeteksi kabar palsu.,Penghasilan/uang saku per bulan
Laki-Laki,18 -29 Tahun,Pelajar / Mahasiswa,S1/D3/D4,2- 3 Platform,Instagram,3-4 Jam,Hiburan/Rekreasi,Tidak Setuju,Tidak Setuju,Tidak Setuju,Tidak Setuju,Tidak Setuju,Setuju,Netral,Tidak Setuju,Tidak Setuju,Netral,Netral,Netral,Tidak Setuju,Tidak Setuju,Tidak Setuju,Netral,Netral,Netral,Netral,Netral,Netral,Netral,Tidak Setuju,Tidak Setuju,Tidak Setuju,Tidak Setuju,Tidak Setuju,Tidak Setuju,Tidak Setuju,Tidak Setuju,Tidak Setuju,Tidak Setuju,Netral,Netral,Tidak Setuju,Tidak Setuju,Tidak Setuju,Tidak Setuju,Tidak Setuju,Tidak Setuju,Tidak Setuju,Tidak Setuju,Tidak Setuju,Tidak Setuju,Tidak Setuju,Tidak Setuju,Sangat Tidak Setuju,Sangat Tidak Setuju,Tidak Setuju,Tidak Setuju,Tidak Setuju,Tidak Setuju,Tidak Setuju,Tidak Setuju,Netral,Netral,Netral,Netral,Netral,Tidak Setuju,Tidak Setuju,Sering,Sering,Kadang-Kadang,Kadang-Kadang,Kadang-Kadang,Kadang-Kadang,Kadang-Kadang,Kadang-Kadang,Kadang-Kadang,Kadang-Kadang,Cukup Peduli,Jarang Memastikan,Kadang-Kadang,Kadang-Kadang,Kadang-Kadang,Cukup Tahu,Jarang,,,,
Laki-Laki,18 -29 Tahun,Pelajar / Mahasiswa,SMA/Sederajat,2- 3 Platform,Youtube,Lebih dari 5 Jam,Edukasi/Informasi,Sangat Tidak Setuju,Sangat Tidak Setuju,Sangat Tidak Setuju,Sangat Tidak Setuju,Sangat Tidak Setuju,Sangat Tidak Setuju,Sangat Tidak Setuju,Sangat Tidak Setuju,Sangat Tidak Setuju,Sangat Tidak Setuju,Sangat Tidak Setuju,Sangat Tidak Setuju,Sangat Tidak Setuju,Sangat Tidak Setuju,Sangat Tidak Setuju,Sangat Tidak Setuju,Sangat Tidak Setuju,Sangat Tidak Setuju,Sangat Tidak Setuju,Sangat Tidak Setuju,Sangat Tidak Setuju,Sangat Tidak Setuju,Sangat Tidak Setuju,Sangat Tidak Setuju,Sangat Tidak Setuju,Sangat Tidak Setuju,Sangat Tidak Setuju,Sangat Tidak Setuju,Sangat Tidak Setuju,Sangat Tidak Setuju,Sangat Tidak Setuju,Sangat Tidak Setuju,Sangat Tidak Setuju,Sangat Tidak Setuju,Sangat Tidak Setuju,Sangat Tidak Setuju,Sangat Tidak Setuju,Sangat Tidak Setuju,Sangat Tidak Setuju,Sangat Tidak Setuju,Sangat Tidak Setuju,Sangat Tidak Setuju,Sangat Tidak Setuju,Sangat Tidak Setuju,Sangat Tidak Setuju,Sangat Tidak Setuju,Sangat Tidak Setuju,Sangat Tidak Setuju,Sangat Tidak Setuju,Sangat Tidak Setuju,Sangat Tidak Setuju,Sangat Tidak Setuju,Sangat Tidak Setuju,Sangat Tidak Setuju,Sangat Tidak Setuju,Sangat Tidak Setuju,Sangat Tidak Setuju,Sangat Tidak Setuju,Sangat Tidak Setuju,Sangat Tidak Setuju,Sangat Tidak Setuju,Sering,Selalu,Selalu,Selalu,Selalu,Sering,Selalu,Kadang-Kadang,Selalu,Sering,Sangat Peduli,Sangat/Selalu Memastikan,Selalu,Selalu,Selalu,Sangat Tahu / Sangat Memahami Langkah-Langkah yang Tepat,Selalu,Sangat Tidak Setuju,Sangat Tidak Setuju,Sangat Tidak Setuju,3.000.000-5.000.000
Perempuan,Kurang dari 18 tahun,Pelajar / Mahasiswa,SMA/Sederajat,2- 3 Platform,Instagram,3-4 Jam,Komunikasi Sosial,Sangat Setuju,Sangat Setuju,Setuju,Setuju,Setuju,Setuju,Setuju,Setuju,Setuju,Setuju,Setuju,Setuju,Setuju,Setuju,Setuju,Setuju,Setuju,Netral,Netral,Netral,Netral,Setuju,Setuju,Netral,Setuju,Setuju,Setuju,Setuju,Setuju,Setuju,Setuju,Setuju,Netral,Setuju,Setuju,Setuju,Setuju,Setuju,Setuju,Setuju,Setuju,Setuju,Setuju,Setuju,Setuju,Setuju,Setuju,Setuju,Setuju,Setuju,Setuju,Setuju,Setuju,Setuju,Setuju,Setuju,Setuju,Setuju,Setuju,Setuju,Setuju,Kadang-Kadang,Kadang-Kadang,Sering,Kadang-Kadang,Sering,Jarang,Sering,Sering,Sering,Sering,Sangat Peduli,Sering Memastikan,Sering,Sering,Sering,Sangat Tahu / Sangat Memahami Langkah-Langkah yang Tepat,Selalu,Setuju,Setuju,Setuju,3.000.000-5.000.000
Laki-Laki,18 -29 Tahun,Pelajar / Mahasiswa,SMA/Sederajat,4-5 Platform,Instagram,1 -2 Jam,Edukasi/Informasi,Sangat Setuju,Sangat Setuju,Sangat Setuju,Sangat Setuju,Sangat Setuju,Sangat Setuju,Sangat Setuju,Sangat Setuju,Sangat Setuju,Sangat Setuju,Sangat Setuju,Sangat Setuju,Sangat Setuju,Sangat Setuju,Sangat Setuju,Sangat Setuju,Sangat Setuju,Sangat Setuju,Sangat Setuju,Sangat Setuju,Sangat Setuju,Sangat Setuju,Sangat Setuju,Sangat Setuju,Sangat Setuju,Sangat Setuju,Sangat Setuju,Sangat Setuju,Sangat Setuju,Sangat Setuju,Sangat Setuju,Sangat Setuju,Sangat Setuju,Sangat Setuju,Sangat Setuju,Sangat Setuju,Sangat Setuju,Sangat Setuju,Sangat Setuju,Sangat Setuju,Sangat Setuju,Sangat Setuju,Sangat Setuju,Sangat Setuju,Sangat Setuju,Sangat Setuju,Sangat Setuju,Sangat Setuju,Sangat Setuju,Sangat Setuju,Sangat Setuju,Sangat Setuju,Sangat Setuju,Sangat Setuju,Sangat Setuju,Sangat Setuju,Sangat Setuju,Sangat Setuju,Sangat Setuju,Sangat Setuju,Sangat Setuju,Selalu,Selalu,Selalu,Selalu,Selalu,Selalu,Selalu,Selalu,Selalu,Selalu,Sangat Peduli,Sangat/Selalu Memastikan,Selalu,Selalu,Selalu,Sangat Tahu / Sangat Memahami Langkah-Langkah yang Tepat,Selalu,Sangat Setuju,Sangat Setuju,Sangat Setuju,500.000-1.500.000
Laki-Laki,18 -29 Tahun,Pelajar / Mahasiswa,SMA/Sederajat,2- 3 Platform,Instagram,2-3 Jam,Komunikasi Sosial,Tidak Setuju,Setuju,Setuju,Setuju,Netral,Tidak Setuju,Tidak Setuju,Tidak Setuju,Sangat Tidak Setuju,Netral,Netral,Tidak Setuju,Netral,Tidak Setuju,Sangat Tidak Setuju,Netral,Netral,Netral,Setuju,Sangat Setuju,Sangat Setuju,Sangat Setuju,Netral,Sangat Setuju,Sangat Setuju,Sangat Setuju,Sangat Setuju,Netral,Sangat Setuju,Sangat Setuju,Setuju,Setuju,Setuju,Setuju,Setuju,Setuju,Setuju,Setuju,Tidak Setuju,Tidak Setuju,Netral,Netral,Setuju,Setuju,Setuju,Setuju,Setuju,Setuju,Setuju,Setuju,Setuju,Setuju,Setuju,Sangat Tidak Setuju,Sangat Tidak Setuju,Sangat Tidak Setuju,Sangat Tidak Setuju,Sangat Tidak Setuju,Sangat Tidak Setuju,Tidak Setuju,Tidak Setuju,Kadang-Kadang,Sering,Sering,Sering,Sering,Sering,Sering,Sering,Sering,Sering,Peduli,Kadang Memastikan,Kadang-Kadang,Kadang-Kadang,Kadang-Kadang,Cukup Tahu,Kadang-Kadang,Tidak Setuju,Setuju,Tidak Setuju,500.000-1.500.000
Laki-Laki,18 -29 Tahun,Pelajar / Mahasiswa,SMA/Sederajat,4-5 Platform,Instagram,4-5 Jam,Hiburan/Rekreasi,Sangat Tidak Setuju,Sangat Tidak Setuju,Tidak Setuju,Sangat Tidak Setuju,Sangat Tidak Setuju,Sangat Tidak Setuju,Sangat Tidak Setuju,Sangat Tidak Setuju,Sangat Tidak Setuju,Sangat Tidak Setuju,Netral,Netral,Netral,Netral,Netral,Netral,Tidak Setuju,Sangat Tidak Setuju,Sangat Tidak Setuju,Sangat Tidak Setuju,Sangat Tidak Setuju,Sangat Tidak Setuju,Sangat Tidak Setuju,Sangat Tidak Setuju,Setuju,Tidak Setuju,Tidak Setuju,Tidak Setuju,Sangat Tidak Setuju,Tidak Setuju,Netral,Sangat Tidak Setuju,Sangat Tidak Setuju,Sangat Tidak Setuju,Sangat Tidak Setuju,Sangat Tidak Setuju,Sangat Tidak Setuju,Sangat Tidak Setuju,Sangat Tidak Setuju,Sangat Tidak Setuju,Sangat Tidak Setuju,Sangat Tidak Setuju,Sangat Tidak Setuju,Sangat Tidak Setuju,Sangat Tidak Setuju,Sangat Tidak Setuju,Netral,Netral,Netral,Netral,Tidak Setuju,Tidak Setuju,Tidak Setuju,Sangat Tidak Setuju,Tidak Setuju,Tidak Setuju,Tidak Setuju,Tidak Setuju,Tidak Setuju,Tidak Setuju,Tidak Setuju,Kadang-Kadang,Sering,Kadang-Kadang,Kadang-Kadang,Selalu,Kadang-Kadang,Selalu,Selalu,Selalu,Selalu,Sangat Peduli,Sangat/Selalu Memastikan,Selalu,Selalu,Selalu,Sangat Tahu / Sangat Memahami Langkah-Langkah yang Tepat,Selalu,Netral,Tidak Setuju,Tidak Setuju,500.000-1.500.000
Laki-Laki,18 -29 Tahun,Pelajar / Mahasiswa,S1/D3/D4,2- 3 Platform,Instagram,2-3 Jam,Hiburan/Rekreasi,Setuju,Setuju,Netral,Netral,Netral,Netral,Setuju,Setuju,Setuju,Setuju,Setuju,Netral,Netral,Netral,Netral,Netral,Setuju,Netral,Netral,Setuju,Netral,Netral,Netral,Netral,Setuju,Netral,Netral,Netral,Netral,Netral,Setuju,Sangat Setuju,Setuju,Setuju,Netral,Netral,Netral,Netral,Netral,Netral,Netral,Setuju,Setuju,Setuju,Setuju,Netral,Setuju,Setuju,Setuju,Setuju,Setuju,Setuju,Setuju,Netral,Netral,Netral,Setuju,Setuju,Setuju,Netral,Netral,Sering,Sering,Sering,Kadang-Kadang,Sering,Sering,Kadang-Kadang,Kadang-Kadang,Sering,Sering,Cukup Peduli,Kadang Memastikan,Kadang-Kadang,Kadang-Kadang,Kadang-Kadang,Cukup Tahu,Sering,Netral,Netral,Sangat Setuju,500.000-1.500.000
Laki-Laki,18 -29 Tahun,Pelajar / Mahasiswa,S1/D3/D4,Lebih dari 5 Platform,Instagram,2-3 Jam,Hiburan/Rekreasi,Netral,Setuju,Setuju,Sangat Setuju,Setuju,Setuju,Setuju,Netral,Netral,Sangat Setuju,Setuju,Setuju,Tidak Setuju,Setuju,Setuju,Setuju,Setuju,Sangat Setuju,Netral,Setuju,Sangat Setuju,Sangat Setuju,Sangat Setuju,Sangat Setuju,Setuju,Netral,Setuju,Sangat Setuju,Setuju,Sangat Setuju,Setuju,Netral,Netral,Sangat Setuju,Sangat Setuju,Setuju,Netral,Setuju,Netral,Sangat Setuju,Setuju,Setuju,Netral,Sangat Setuju,Setuju,Sangat Setuju,Netral,Setuju,Setuju,Setuju,Sangat Setuju,Netral,Setuju,Sangat Setuju,Setuju,Sangat Setuju,Setuju,Setuju,Sangat Setuju,Setuju,Setuju,Jarang,Selalu,Jarang,Kadang-Kadang,Kadang-Kadang,Selalu,Selalu,Kadang-Kadang,Selalu,Selalu,Cukup Peduli,Sangat/Selalu Memastikan,Sering,Selalu,Sering,Sangat Tahu / Sangat Memahami Langkah-Langkah yang Tepat,Sering,Sangat Setuju,Setuju,Sangat Tidak Setuju,500.000-1.500.000
Laki-Laki,18 -29 Tahun,Pelajar / Mahasiswa,SMA/Sederajat,Lebih dari 5 Platform,Facebook,Lebih dari 5 Jam,Komunikasi Sosial,Sangat Tidak Setuju,Tidak Setuju,Sangat Tidak Setuju,Sangat Tidak Setuju,Netral,Tidak Setuju,Tidak Setuju,Sangat Tidak Setuju,Sangat Tidak Setuju,Sangat Tidak Setuju,Sangat Tidak Setuju,Sangat Tidak Setuju,Sangat Tidak Setuju,Sangat Tidak Setuju,Sangat Tidak Setuju,Sangat Tidak Setuju,Sangat Tidak Setuju,Sangat Tidak Setuju,Sangat Tidak Setuju,Tidak Setuju,Tidak Setuju,Sangat Tidak Setuju,Tidak Setuju,Sangat Tidak Setuju,Netral,Tidak Setuju,Netral,Sangat Tidak Setuju,Tidak Setuju,Setuju,Sangat Tidak Setuju,Sangat Tidak Setuju,Sangat Tidak Setuju,Netral,Setuju,Netral,Sangat Tidak Setuju,Setuju,Netral,Sangat Tidak Setuju,Tidak Setuju,Tidak Setuju,Sangat Tidak Setuju,Sangat Tidak Setuju,Sangat Tidak Setuju,Sangat Tidak Setuju,Sangat Tidak Setuju,Sangat Tidak Setuju,Sangat Tidak Setuju,Sangat Tidak Setuju,Sangat Tidak Setuju,Sangat Tidak Setuju,Sangat Tidak Setuju,Netral,Sangat Tidak Setuju,Sangat Tidak Setuju,Sangat Tidak Setuju,Sangat Tidak Setuju,Sangat Tidak Setuju,Sangat Tidak Setuju,Netral,Jarang,Jarang,Kadang-Kadang,Sering,Sering,Sering,Kadang-Kadang,Jarang,Selalu,Jarang,Cukup Peduli,Kadang Memastikan,Sering,Selalu,Selalu,Sangat Tahu / Sangat Memahami Langkah-Langkah yang Tepat,Selalu,Sangat Tidak Setuju,Sangat Tidak Setuju,Sangat Tidak Setuju,1.500.000-3.000.000
Laki-Laki,18 -29 Tahun,Pelajar / Mahasiswa,SMA/Sederajat,2- 3 Platform,Instagram,3-4 Jam,Hiburan/Rekreasi,Setuju,Netral,Sangat Setuju,Sangat Setuju,Sangat Setuju,Sangat Setuju,Sangat Setuju,Sangat Setuju,Sangat Setuju,Sangat Setuju,Sangat Setuju,Sangat Setuju,Sangat Setuju,Sangat Setuju,Sangat Setuju,Sangat Setuju,Tidak Setuju,Tidak Setuju,Tidak Setuju,Setuju,Sangat Tidak Setuju,Setuju,Netral,Sangat Setuju,Sangat Setuju,Sangat Setuju,Sangat Setuju,Netral,Sangat Setuju,Sangat Setuju,Sangat Setuju,Sangat Setuju,Sangat Tidak Setuju,Sangat Tidak Setuju,Sangat Setuju,Sangat Setuju,Netral,Netral,Sangat Setuju,Setuju,Netral,Netral,Sangat Tidak Setuju,Sangat Tidak Setuju,Netral,Sangat Setuju,Netral,Setuju,Tidak Setuju,Sangat Tidak Setuju,Netral,Netral,Sangat Setuju,Sangat Setuju,Sangat Setuju,Netral,Netral,Setuju,Sangat Setuju,Sangat Setuju,Sangat Setuju,Sering,Kadang-Kadang,Sering,Selalu,Tidak pernah,Tidak pernah,Selalu,Selalu,Selalu,Selalu,Sangat Peduli,Sangat/Selalu Memastikan,Selalu,Selalu,Selalu,Sangat Tahu / Sangat Memahami Langkah-Langkah yang Tepat,Selalu,Sangat Setuju,Tidak Setuju,Sangat Setuju,1.500.000-3.000.000
Laki-Laki,Kurang dari 18 tahun,Pelajar / Mahasiswa,S1/D3/D4,4-5 Platform,Instagram,4-5 Jam,Hiburan/Rekreasi,Netral,Netral,Tidak Setuju,Tidak Setuju,Tidak Setuju,Netral,Netral,Netral,Netral,Netral,Netral,Netral,Netral,Tidak Setuju,Netral,Netral,Netral,Netral,Netral,Netral,Netral,Netral,Netral,Netral,Netral,Netral,Netral,Netral,Netral,Netral,Netral,Tidak Setuju,Tidak Setuju,Tidak Setuju,Tidak Setuju,Tidak Setuju,Tidak Setuju,Tidak Setuju,Tidak Setuju,Tidak Setuju,Tidak Setuju,Tidak Setuju,Netral,Netral,Netral,Netral,Netral,Netral,Netral,Netral,Tidak Setuju,Netral,Netral,Sangat Tidak Setuju,Tidak Setuju,Tidak Setuju,Tidak Setuju,Netral,Tidak Setuju,Tidak Setuju,Tidak Setuju,Kadang-Kadang,Sering,Kadang-Kadang,Kadang-Kadang,Kadang-Kadang,Kadang-Kadang,Kadang-Kadang,Kadang-Kadang,Kadang-Kadang,Kadang-Kadang,Peduli,Kadang Memastikan,Kadang-Kadang,Kadang-Kadang,Kadang-Kadang,Kurang Tahu,Kadang-Kadang,Netral,Netral,Tidak Setuju,500.000-1.500.000
Laki-Laki,18 -29 Tahun,Pelajar / Mahasiswa,SMA/Sederajat,4-5 Platform,Instagram,Lebih dari 5 Jam,Hiburan/Rekreasi,Netral,Netral,Netral,Netral,Netral,Netral,Netral,Netral,Netral,Netral,Netral,Netral,Netral,Netral,Netral,Netral,Netral,Netral,Netral,Netral,Netral,Netral,Netral,Netral,Netral,Netral,Netral,Netral,Netral,Netral,Netral,Netral,Netral,Netral,Netral,Netral,Netral,Netral,Netral,Netral,Netral,Netral,Netral,Netral,Netral,Netral,Netral,Netral,Netral,Netral,Netral,Netral,Netral,Netral,Netral,Netral,Netral,Netral,Netral,Netral,Netral,Kadang-Kadang,Selalu,Kadang-Kadang,Selalu,Kadang-Kadang,Jarang,Sering,Tidak pernah,Selalu,Tidak pernah,Cukup Peduli,Sering Memastikan,Sering,Sering,Selalu,Tahu,Sering,Netral,Netral,Netral,500.000-1.500.000
Perempuan,Kurang dari 18 tahun,Pelajar / Mahasiswa,SMA/Sederajat,4-5 Platform,Instagram,Lebih dari 5 Jam,Hiburan/Rekreasi,Setuju,Setuju,Setuju,Setuju,Setuju,Setuju,Setuju,Setuju,Setuju,Setuju,Setuju,Setuju,Setuju,Setuju,Setuju,Setuju,Setuju,Setuju,Setuju,Setuju,Setuju,Setuju,Setuju,Setuju,Setuju,Setuju,Setuju,Setuju,Setuju,Setuju,Setuju,Setuju,Setuju,Setuju,Setuju,Setuju,Setuju,Setuju,Setuju,Setuju,Setuju,Setuju,Setuju,Setuju,Setuju,Setuju,Setuju,Setuju,Setuju,Setuju,Setuju,Setuju,Setuju,Setuju,Setuju,Setuju,Setuju,Setuju,Setuju,Setuju,Setuju,Kadang-Kadang,Kadang-Kadang,Kadang-Kadang,Kadang-Kadang,Kadang-Kadang,Kadang-Kadang,Kadang-Kadang,Kadang-Kadang,Kadang-Kadang,Kadang-Kadang,Cukup Peduli,Kadang Memastikan,Kadang-Kadang,Kadang-Kadang,Kadang-Kadang,Cukup Tahu,Kadang-Kadang,Setuju,Setuju,Setuju,1.500.000-3.000.000
Laki-Laki,18 -29 Tahun,Pelajar / Mahasiswa,SMA/Sederajat,Lebih dari 5 Platform,Instagram,1 -2 Jam,Hiburan/Rekreasi,Netral,Netral,Netral,Netral,Netral,Netral,Netral,Netral,Sangat Tidak Setuju,Tidak Setuju,Sangat Tidak Setuju,Sangat Tidak Setuju,Sangat Tidak Setuju,Sangat Tidak Setuju,Sangat Tidak Setuju,Netral,Tidak Setuju,Tidak Setuju,Tidak Setuju,Netral,Tidak Setuju,Sangat Setuju,Tidak Setuju,Setuju,Setuju,Netral,Setuju,Netral,Tidak Setuju,Setuju,Netral,Tidak Setuju,Tidak Setuju,Netral,Tidak Setuju,Tidak Setuju,Netral,Setuju,Netral,Tidak Setuju,Tidak Setuju,Netral,Tidak Setuju,Netral,Tidak Setuju,Netral,Tidak Setuju,Netral,Tidak Setuju,Netral,Tidak Setuju,Netral,Tidak Setuju,Sangat Tidak Setuju,Tidak Setuju,Sangat Tidak Setuju,Sangat Tidak Setuju,Netral,Sangat Tidak Setuju,Sangat Tidak Setuju,Tidak Setuju,Kadang-Kadang,Sering,Kadang-Kadang,Selalu,Sering,Sering,Selalu,Kadang-Kadang,Sering,Kadang-Kadang,Cukup Peduli,Sering Memastikan,Kadang-Kadang,Kadang-Kadang,Sering,Sangat Tahu / Sangat Memahami Langkah-Langkah yang Tepat,Kadang-Kadang,Sangat Tidak Setuju,Tidak Setuju,Tidak Setuju,1.500.000-3.000.000
Laki-Laki,18 -29 Tahun,Pelajar / Mahasiswa,SMA/Sederajat,2- 3 Platform,Instagram,1 -2 Jam,Edukasi/Informasi,Tidak Setuju,Tidak Setuju,Tidak Setuju,Sangat Tidak Setuju,Tidak Setuju,Netral,Netral,Netral,Tidak Setuju,Setuju,Tidak Setuju,Tidak Setuju,Netral,Netral,Tidak Setuju,Netral,Setuju,Setuju,Setuju,Netral,Netral,Netral,Setuju,Netral,Sangat Setuju,Setuju,Setuju,Netral,Netral,Setuju,Setuju,Setuju,Setuju,Netral,Setuju,Setuju,Setuju,Netral,Tidak Setuju,Setuju,Setuju,Setuju,Netral,Netral,Tidak Setuju,Netral,Tidak Setuju,Setuju,Netral,Netral,Tidak Setuju,Netral,Netral,Setuju,Setuju,Setuju,Netral,Setuju,Setuju,Setuju,Netral,Kadang-Kadang,Sering,Jarang,Jarang,Selalu,Sering,Sering,Kadang-Kadang,Kadang-Kadang,Jarang,Peduli,Jarang Memastikan,Sering,Kadang-Kadang,Sering,Tahu,Sering,Setuju,Setuju,Netral,500.000-1.500.000
Laki-Laki,18 -29 Tahun,Pelajar / Mahasiswa,S1/D3/D4,4-5 Platform,Youtube,4-5 Jam,Edukasi/Informasi,Tidak Setuju,Tidak Setuju,Tidak Setuju,Tidak Setuju,Tidak Setuju,Tidak Setuju,Tidak Setuju,Tidak Setuju,Sangat Tidak Setuju,Tidak Setuju,Sangat Tidak Setuju,Tidak Setuju,Tidak Setuju,Netral,Sangat Tidak Setuju,Netral,Setuju,Tidak Setuju,Tidak Setuju,Tidak Setuju,Tidak Setuju,Netral,Tidak Setuju,Tidak Setuju,Tidak Setuju,Tidak Setuju,Netral,Tidak Setuju,Tidak Setuju,Netral,Setuju,Tidak Setuju,Tidak Setuju,Tidak Setuju,Tidak Setuju,Tidak Setuju,Tidak Setuju,Netral,Setuju,Tidak Setuju,Tidak Setuju,Netral,Tidak Setuju,Tidak Setuju,Tidak Setuju,Sangat Tidak Setuju,Tidak Setuju,Tidak Setuju,Tidak Setuju,Netral,Tidak Setuju,Netral,Sangat Tidak Setuju,Tidak Setuju,Tidak Setuju,Netral,Tidak Setuju,Tidak Setuju,Tidak Setuju,Tidak Setuju,Tidak Setuju,Kadang-Kadang,Sering,Kadang-Kadang,Sering,Selalu,Sering,Sering,Jarang,Sering,Jarang,Peduli,Kadang Memastikan,Kadang-Kadang,Kadang-Kadang,Sering,Tahu,Kadang-Kadang,Netral,Sangat Tidak Setuju,Tidak Setuju,Di bawah 500.000
Perempuan,18 -29 Tahun,Pelajar / Mahasiswa,SMA/Sederajat,2- 3 Platform,Instagram,2-3 Jam,Hiburan/Rekreasi,Netral,Netral,Netral,Netral,Netral,Netral,Netral,Netral,Netral,Netral,Netral,Netral,Netral,Netral,Netral,Netral,Netral,Netral,Netral,Netral,Netral,Setuju,Netral,Setuju,Setuju,Netral,Netral,Netral,Netral,Netral,Netral,Netral,Netral,Netral,Netral,Setuju,Netral,Setuju,Netral,Netral,Netral,Setuju,Netral,Netral,Netral,Netral,Netral,Netral,Netral,Netral,Netral,Setuju,Netral,Setuju,Setuju,Netral,Setuju,Setuju,Netral,Netral,Netral,Kadang-Kadang,Kadang-Kadang,Kadang-Kadang,Kadang-Kadang,Kadang-Kadang,Kadang-Kadang,Kadang-Kadang,Kadang-Kadang,Kadang-Kadang,Kadang-Kadang,Cukup Peduli,Kadang Memastikan,Kadang-Kadang,Kadang-Kadang,Kadang-Kadang,Cukup Tahu,Sering,Netral,Netral,Setuju,500.000-1.500.000
Laki-Laki,Kurang dari 18 tahun,Pelajar / Mahasiswa,SMA/Sederajat,4-5 Platform,Youtube,3-4 Jam,Hiburan/Rekreasi,Tidak Setuju,Tidak Setuju,Tidak Setuju,Tidak Setuju,Tidak Setuju,Tidak Setuju,Tidak Setuju,Tidak Setuju,Tidak Setuju,Tidak Setuju,Tidak Setuju,Tidak Setuju,Tidak Setuju,Tidak Setuju,Tidak Setuju,Tidak Setuju,Netral,Netral,Netral,Setuju,Netral,Setuju,Netral,Netral,Netral,Setuju,Setuju,Setuju,Setuju,Tidak Setuju,Netral,Tidak Setuju,Tidak Setuju,Tidak Setuju,Netral,Tidak Setuju,Netral,Tidak Setuju,Tidak Setuju,Tidak Setuju,Tidak Setuju,Tidak Setuju,Sangat Tidak Setuju,Tidak Setuju,Tidak Setuju,Tidak Setuju,Tidak Setuju,Tidak Setuju,Tidak Setuju,Tidak Setuju,Tidak Setuju,Tidak Setuju,Tidak Setuju,Sangat Tidak Setuju,Netral,Netral,Netral,Tidak Setuju,Tidak Setuju,Sangat Tidak Setuju,Netral,Sering,Kadang-Kadang,Jarang,Tidak pernah,Sering,Kadang-Kadang,Selalu,Jarang,Sering,Tidak pernah,Peduli,Sangat/Selalu Memastikan,Kadang-Kadang,Kadang-Kadang,Kadang-Kadang,Cukup Tahu,Sering,Tidak Setuju,Netral,Netral,500.000-1.500.000
Laki-Laki,18 -29 Tahun,Pelajar / Mahasiswa,SMA/Sederajat,2- 3 Platform,Youtube,3-4 Jam,Hiburan/Rekreasi,Setuju,Setuju,Sangat Setuju,Sangat Setuju,Netral,Setuju,Setuju,Netral,Netral,Sangat Setuju,Setuju,Sangat Setuju,Netral,Netral,Setuju,Setuju,Netral,Netral,Setuju,Setuju,Netral,Netral,Sangat Setuju,Sangat Setuju,Netral,Setuju,Setuju,Setuju,Netral,Setuju,Netral,Setuju,Setuju,Setuju,Setuju,Setuju,Netral,Netral,Sangat Setuju,Sangat Setuju,Netral,Netral,Setuju,Setuju,Setuju,Setuju,Sangat Setuju,Sangat Setuju,Netral,Netral,Netral,Sangat Setuju,Sangat Setuju,Netral,Setuju,Setuju,Netral,Setuju,Sangat Setuju,Sangat Setuju,Sangat Setuju,Sering,Sering,Selalu,Selalu,Kadang-Kadang,Kadang-Kadang,Sering,Sering,Selalu,Selalu,Peduli,Sering Memastikan,Sering,Kadang-Kadang,Kadang-Kadang,Cukup Tahu,Sering,Netral,Netral,Netral,500.000-1.500.000
Laki-Laki,18 -29 Tahun,Pelajar / Mahasiswa,SMA/Sederajat,2- 3 Platform,Instagram,Kurang dari 1 jam,Hiburan/Rekreasi,Tidak Setuju,Tidak Setuju,Tidak Setuju,Tidak Setuju,Tidak Setuju,Tidak Setuju,Tidak Setuju,Tidak Setuju,Tidak Setuju,Tidak Setuju,Tidak Setuju,Tidak Setuju,Tidak Setuju,Tidak Setuju,Tidak Setuju,Tidak Setuju,Tidak Setuju,Tidak Setuju,Tidak Setuju,Tidak Setuju,Tidak Setuju,Tidak Setuju,Tidak Setuju,Tidak Setuju,Tidak Setuju,Tidak Setuju,Tidak Setuju,Tidak Setuju,Tidak Setuju,Tidak Setuju,Tidak Setuju,Tidak Setuju,Tidak Setuju,Tidak Setuju,Tidak Setuju,Tidak Setuju,Tidak Setuju,Tidak Setuju,Tidak Setuju,Tidak Setuju,Tidak Setuju,Tidak Setuju,Tidak Setuju,Tidak Setuju,Tidak Setuju,Tidak Setuju,Tidak Setuju,Tidak Setuju,Tidak Setuju,Tidak Setuju,Tidak Setuju,Tidak Setuju,Tidak Setuju,Tidak Setuju,Tidak Setuju,Tidak Setuju,Tidak Setuju,Tidak Setuju,Tidak Setuju,Tidak Setuju,Tidak Setuju,Kadang-Kadang,Kadang-Kadang,Kadang-Kadang,Kadang-Kadang,Kadang-Kadang,Kadang-Kadang,Kadang-Kadang,Kadang-Kadang,Kadang-Kadang,Kadang-Kadang,Cukup Peduli,Kadang Memastikan,Kadang-Kadang,Kadang-Kadang,Kadang-Kadang,Sangat Tahu / Sangat Memahami Langkah-Langkah yang Tepat,Kadang-Kadang,Tidak Setuju,Tidak Setuju,Tidak Setuju,Di bawah 500.000
Laki-Laki,18 -29 Tahun,Pelajar / Mahasiswa,S1/D3/D4,2- 3 Platform,Instagram,2-3 Jam,Hiburan/Rekreasi,Setuju,Setuju,Setuju,Setuju,Setuju,Setuju,Setuju,Setuju,Setuju,Setuju,Setuju,Setuju,Setuju,Setuju,Setuju,Setuju,Setuju,Setuju,Setuju,Setuju,Setuju,Setuju,Setuju,Setuju,Setuju,Setuju,Setuju,Setuju,Setuju,Setuju,Setuju,Setuju,Setuju,Setuju,Setuju,Setuju,Setuju,Setuju,Setuju,Setuju,Setuju,Setuju,Setuju,Setuju,Setuju,Setuju,Setuju,Setuju,Setuju,Setuju,Setuju,Setuju,Setuju,Setuju,Setuju,Setuju,Setuju,Setuju,Setuju,Setuju,Setuju,Sering,Sering,Sering,Sering,Sering,Sering,Sering,Sering,Sering,Sering,Peduli,Sering Memastikan,Sering,Sering,Sering,Tahu,Sering,Setuju,Setuju,Setuju,Di bawah 500.000
Laki-Laki,18 -29 Tahun,Pelajar / Mahasiswa,SMA/Sederajat,2- 3 Platform,Youtube,4-5 Jam,Edukasi/Informasi,Sangat Tidak Setuju,Sangat Tidak Setuju,Sangat Tidak Setuju,Sangat Tidak Setuju,Sangat Tidak Setuju,Sangat Tidak Setuju,Sangat Tidak Setuju,Sangat Tidak Setuju,Sangat Tidak Setuju,Sangat Tidak Setuju,Sangat Tidak Setuju,Sangat Tidak Setuju,Sangat Tidak Setuju,Sangat Tidak Setuju,Sangat Tidak Setuju,Sangat Tidak Setuju,Tidak Setuju,Sangat Tidak Setuju,Sangat Tidak Setuju,Sangat Tidak Setuju,Sangat Tidak Setuju,Tidak Setuju,Tidak Setuju,Tidak Setuju,Tidak Setuju,Netral,Netral,Tidak Setuju,Tidak Setuju,Tidak Setuju,Setuju,Setuju,Setuju,Setuju,Setuju,Setuju,Setuju,Setuju,Setuju,Setuju,Setuju,Setuju,Tidak Setuju,Tidak Setuju,Tidak Setuju,Tidak Setuju,Setuju,Tidak Setuju,Tidak Setuju,Tidak Setuju,Tidak Setuju,Tidak Setuju,Tidak Setuju,Tidak Setuju,Tidak Setuju,Tidak Setuju,Tidak Setuju,Tidak Setuju,Tidak Setuju,Tidak Setuju,Tidak Setuju,Selalu,Selalu,Sering,Sering,Sering,Sering,Sering,Sering,Sering,Sering,Peduli,Sering Memastikan,Sering,Sering,Sering,Sangat Tahu / Sangat Memahami Langkah-Langkah yang Tepat,Selalu,Sangat Tidak Setuju,Tidak Setuju,Tidak Setuju,3.000.000-5.000.000
Laki-Laki,18 -29 Tahun,Pelajar / Mahasiswa,SMA/Sederajat,2- 3 Platform,X (Twitter),2-3 Jam,Hiburan/Rekreasi,Sangat Tidak Setuju,Netral,Sangat Tidak Setuju,Netral,Netral,Netral,Netral,Sangat Tidak Setuju,Netral,Netral,Netral,Netral,Sangat Tidak Setuju,Netral,Netral,Netral,Tidak Setuju,Tidak Setuju,Tidak Setuju,Tidak Setuju,Tidak Setuju,Netral,Netral,Netral,Tidak Setuju,Sangat Tidak Setuju,Sangat Tidak Setuju,Sangat Tidak Setuju,Netral,Netral,Netral,Netral,Tidak Setuju,Netral,Netral,Netral,Netral,Netral,Tidak Setuju,Netral,Netral,Netral,Netral,Tidak Setuju,Netral,Tidak Setuju,Tidak Setuju,Netral,Netral,Netral,Netral,Netral,Tidak Setuju,Sangat Tidak Setuju,Sangat Tidak Setuju,Tidak Setuju,Netral,Netral,Netral,Sangat Tidak Setuju,Netral,Kadang-Kadang,Kadang-Kadang,Jarang,Kadang-Kadang,Tidak pernah,Selalu,Selalu,Tidak pernah,Selalu,Tidak pernah,Cukup Peduli,Sangat/Selalu Memastikan,Selalu,Selalu,Selalu,Sangat Tahu / Sangat Memahami Langkah-Langkah yang Tepat,Selalu,Netral,Tidak Setuju,Netral,500.000-1.500.000
Laki-Laki,Kurang dari 18 tahun,Pelajar / Mahasiswa,S1/D3/D4,2- 3 Platform,Instagram,Lebih dari 5 Jam,Hiburan/Rekreasi,Tidak Setuju,Tidak Setuju,Netral,Netral,Netral,Netral,Netral,Netral,Netral,Netral,Netral,Netral,Netral,Netral,Netral,Netral,Netral,Netral,Netral,Netral,Netral,Netral,Netral,Netral,Netral,Netral,Netral,Netral,Netral,Netral,Netral,Netral,Netral,Netral,Netral,Netral,Netral,Netral,Netral,Netral,Netral,Netral,Netral,Netral,Netral,Netral,Netral,Netral,Netral,Netral,Netral,Netral,Netral,Netral,Netral,Netral,Netral,Netral,Netral,Netral,Netral,Kadang-Kadang,Kadang-Kadang,Kadang-Kadang,Kadang-Kadang,Kadang-Kadang,Kadang-Kadang,Kadang-Kadang,Kadang-Kadang,Kadang-Kadang,Kadang-Kadang,Cukup Peduli,Kadang Memastikan,Kadang-Kadang,Kadang-Kadang,Kadang-Kadang,Cukup Tahu,Kadang-Kadang,Netral,Netral,Netral,1.500.000-3.000.000
Perempuan,18 -29 Tahun,Pelajar / Mahasiswa,SMA/Sederajat,2- 3 Platform,Instagram,1 -2 Jam,Hiburan/Rekreasi,Netral,Netral,Setuju,Setuju,Tidak Setuju,Netral,Tidak Setuju,Netral,Setuju,Netral,Netral,Netral,Netral,Setuju,Setuju,Setuju,Setuju,Netral,Setuju,Setuju,Setuju,Setuju,Setuju,Setuju,Setuju,Setuju,Setuju,Setuju,Setuju,Setuju,Setuju,Setuju,Setuju,Setuju,Setuju,Netral,Netral,Setuju,Setuju,Netral,Setuju,Setuju,Netral,Netral,Netral,Setuju,Netral,Netral,Netral,Netral,Netral,Netral,Netral,Netral,Netral,Netral,Netral,Netral,Netral,Netral,Netral,Kadang-Kadang,Sering,Sering,Sering,Sering,Selalu,Sering,Sering,Selalu,Selalu,Sangat Peduli,Sering Memastikan,Selalu,Selalu,Sering,Cukup Tahu,Sering,Setuju,Setuju,Netral,500.000-1.500.000
Laki-Laki,Kurang dari 18 tahun,Pelajar / Mahasiswa,SMA/Sederajat,2- 3 Platform,Instagram,2-3 Jam,Hiburan/Rekreasi,Netral,Netral,Netral,Setuju,Netral,Netral,Netral,Setuju,Netral,Netral,Netral,Setuju,Netral,Netral,Setuju,Netral,Setuju,Setuju,Setuju,Netral,Netral,Netral,Netral,Netral,Netral,Netral,Netral,Netral,Netral,Netral,Setuju,Setuju,Setuju,Setuju,Netral,Netral,Netral,Netral,Netral,Netral,Netral,Netral,Netral,Netral,Netral,Netral,Netral,Netral,Netral,Netral,Netral,Netral,Setuju,Setuju,Setuju,Setuju,Netral,Netral,Netral,Netral,Netral,Sering,Sering,Sering,Sering,Sering,Sering,Sering,Sering,Sering,Sering,Peduli,Sering Memastikan,Sering,Sering,Sering,Sangat Tahu / Sangat Memahami Langkah-Langkah yang Tepat,Selalu,Netral,Netral,Netral,500.000-1.500.000
Laki-Laki,18 -29 Tahun,Pelajar / Mahasiswa,Di bawah SMA/Sederajat,Lebih dari 5 Platform,Instagram,3-4 Jam,Komunikasi Sosial,Sangat Setuju,Netral,Netral,Netral,Netral,Netral,Netral,Netral,Netral,Netral,Netral,Netral,Netral,Netral,Netral,Netral,Netral,Netral,Netral,Netral,Netral,Netral,Netral,Netral,Netral,Netral,Netral,Netral,Netral,Netral,Netral,Netral,Netral,Netral,Netral,Netral,Netral,Netral,Netral,Netral,Netral,Netral,Netral,Netral,Netral,Netral,Netral,Netral,Netral,Netral,Netral,Netral,Netral,Netral,Netral,Netral,Netral,Netral,Netral,Netral,Netral,Kadang-Kadang,Kadang-Kadang,Sering,Kadang-Kadang,Kadang-Kadang,Kadang-Kadang,Kadang-Kadang,Kadang-Kadang,Kadang-Kadang,Kadang-Kadang,Sangat Peduli,Kadang Memastikan,Kadang-Kadang,Kadang-Kadang,Kadang-Kadang,Cukup Tahu,Kadang-Kadang,Tidak Setuju,Netral,Netral,1.500.000-3.000.000
Perempuan,18 -29 Tahun,Pelajar / Mahasiswa,SMA/Sederajat,4-5 Platform,Instagram,4-5 Jam,Hiburan/Rekreasi,Netral,Netral,Netral,Netral,Netral,Netral,Netral,Netral,Netral,Setuju,Setuju,Netral,Setuju,Setuju,Setuju,Setuju,Netral,Netral,Netral,Netral,Netral,Setuju,Netral,Netral,Netral,Setuju,Netral,Setuju,Netral,Netral,Netral,Netral,Netral,Netral,Setuju,Setuju,Setuju,Setuju,Setuju,Setuju,Setuju,Setuju,Netral,Tidak Setuju,Netral,Netral,Netral,Netral,Netral,Netral,Netral,Netral,Netral,Tidak Setuju,Netral,Netral,Netral,Netral,Netral,Netral,Netral,Kadang-Kadang,Sering,Kadang-Kadang,Sering,Sering,Jarang,Kadang-Kadang,Kadang-Kadang,Kadang-Kadang,Kadang-Kadang,Peduli,Jarang Memastikan,Sering,Kadang-Kadang,Kadang-Kadang,Cukup Tahu,Sering,Setuju,Setuju,Netral,1.500.000-3.000.000
Laki-Laki,18 -29 Tahun,Pelajar / Mahasiswa,SMA/Sederajat,2- 3 Platform,Instagram,Lebih dari 5 Jam,Komunikasi Sosial,Setuju,Setuju,Setuju,Setuju,Setuju,Setuju,Setuju,Setuju,Netral,Setuju,Netral,Netral,Netral,Netral,Netral,Setuju,Netral,Netral,Setuju,Setuju,Setuju,Netral,Netral,Setuju,Netral,Setuju,Setuju,Setuju,Netral,Netral,Setuju,Setuju,Setuju,Netral,Setuju,Setuju,Setuju,Setuju,Netral,Setuju,Netral,Netral,Setuju,Netral,Netral,Setuju,Netral,Netral,Netral,Netral,Setuju,Netral,Setuju,Netral,Netral,Setuju,Netral,Setuju,Netral,Setuju,Setuju,Sering,Sering,Sering,Jarang,Kadang-Kadang,Kadang-Kadang,Jarang,Sering,Sering,Kadang-Kadang,Peduli,Kadang Memastikan,Sering,Kadang-Kadang,Kadang-Kadang,Cukup Tahu,Kadang-Kadang,Setuju,Setuju,Setuju,500.000-1.500.000
Laki-Laki,18 -29 Tahun,Pelajar / Mahasiswa,SMA/Sederajat,2- 3 Platform,Instagram,2-3 Jam,Edukasi/Informasi,Tidak Setuju,Netral,Netral,Netral,Netral,Netral,Setuju,Netral,Netral,Tidak Setuju,Setuju,Netral,Tidak Setuju,Netral,Tidak Setuju,Netral,Tidak Setuju,Netral,Netral,Netral,Tidak Setuju,Setuju,Tidak Setuju,Tidak Setuju,Tidak Setuju,Netral,Tidak Setuju,Setuju,Tidak Setuju,Setuju,Setuju,Netral,Netral,Setuju,Setuju,Setuju,Netral,Netral,Netral,Setuju,Setuju,Netral,Tidak Setuju,Setuju,Netral,Netral,Setuju,Netral,Netral,Tidak Setuju,Netral,Netral,Tidak Setuju,Setuju,Netral,Setuju,Netral,Netral,Setuju,Netral,Setuju,Sering,Selalu,Sering,Sering,Kadang-Kadang,Sering,Sering,Sering,Selalu,Kadang-Kadang,Sangat Peduli,Sering Memastikan,Sering,Sering,Selalu,Tahu,Sering,Netral,Netral,Netral,500.000-1.500.000
Laki-Laki,18 -29 Tahun,Pelajar / Mahasiswa,SMA/Sederajat,2- 3 Platform,Youtube,2-3 Jam,Hiburan/Rekreasi,Netral,Netral,Tidak Setuju,Netral,Netral,Netral,Setuju,Netral,Setuju,Setuju,Netral,Sangat Setuju,Netral,Tidak Setuju,Setuju,Netral,Setuju,Netral,Netral,Setuju,Netral,Netral,Tidak Setuju,Netral,Netral,Setuju,Tidak Setuju,Netral,Setuju,Netral,Netral,Setuju,Netral,Netral,Netral,Netral,Netral,Netral,Netral,Setuju,Netral,Setuju,Netral,Netral,Netral,Netral,Netral,Netral,Netral,Netral,Netral,Netral,Netral,Tidak Setuju,Netral,Tidak Setuju,Netral,Netral,Tidak Setuju,Netral,Netral,Jarang,Jarang,Jarang,Jarang,Jarang,Jarang,Kadang-Kadang,Kadang-Kadang,Sering,Kadang-Kadang,Cukup Peduli,Kadang Memastikan,Jarang,Jarang,Jarang,Cukup Tahu,Jarang,Netral,Netral,Netral,3.000.000-5.000.000
Perempuan,18 -29 Tahun,Pelajar / Mahasiswa,SMA/Sederajat,Lebih dari 5 Platform,Instagram,3-4 Jam,Hiburan/Rekreasi,Sangat Tidak Setuju,Sangat Tidak Setuju,Sangat Tidak Setuju,Sangat Tidak Setuju,Sangat Tidak Setuju,Sangat Tidak Setuju,Sangat Tidak Setuju,Sangat Tidak Setuju,Sangat Tidak Setuju,Sangat Tidak Setuju,Netral,Sangat Tidak Setuju,Sangat Tidak Setuju,Sangat Tidak Setuju,Sangat Tidak Setuju,Sangat Tidak Setuju,Netral,Sangat Tidak Setuju,Sangat Tidak Setuju,Tidak Setuju,Tidak Setuju,Netral,Sangat Tidak Setuju,Sangat Tidak Setuju,Netral,Sangat Tidak Setuju,Tidak Setuju,Tidak Setuju,Sangat Tidak Setuju,Sangat Tidak Setuju,Netral,Sangat Tidak Setuju,Tidak Setuju,Netral,Sangat Tidak Setuju,Netral,Sangat Tidak Setuju,Netral,Netral,Sangat Tidak Setuju,Sangat Tidak Setuju,Netral,Sangat Tidak Setuju,Sangat Tidak Setuju,Sangat Tidak Setuju,Sangat Tidak Setuju,Sangat Tidak Setuju,Netral,Sangat Tidak Setuju,Sangat Tidak Setuju,Sangat Tidak Setuju,Sangat Tidak Setuju,Sangat Tidak Setuju,Sangat Tidak Setuju,Sangat Tidak Setuju,Sangat Tidak Setuju,Sangat Tidak Setuju,Sangat Tidak Setuju,Netral,Sangat Tidak Setuju,Setuju,Sering,Kadang-Kadang,Selalu,Selalu,Sering,Kadang-Kadang,Selalu,Selalu,Selalu,Jarang,Peduli,Sangat/Selalu Memastikan,Selalu,Sering,Sering,Cukup Tahu,Selalu,Sangat Tidak Setuju,Sangat Tidak Setuju,Sangat Tidak Setuju,1.500.000-3.000.000
Laki-Laki,18 -29 Tahun,Pelajar / Mahasiswa,S1/D3/D4,2- 3 Platform,Instagram,2-3 Jam,Hiburan/Rekreasi,Tidak Setuju,Netral,Tidak Setuju,Netral,Netral,Netral,Tidak Setuju,Setuju,Netral,Netral,Setuju,Setuju,Netral,Tidak Setuju,Tidak Setuju,Netral,Tidak Setuju,Netral,Setuju,Tidak Setuju,Netral,Netral,Setuju,Setuju,Netral,Setuju,Netral,Netral,Netral,Netral,Netral,Tidak Setuju,Netral,Setuju,Setuju,Setuju,Setuju,Netral,Netral,Setuju,Netral,Netral,Netral,Netral,Tidak Setuju,Netral,Setuju,Setuju,Netral,Setuju,Netral,Netral,Netral,Sangat Tidak Setuju,Netral,Tidak Setuju,Netral,Setuju,Setuju,Tidak Setuju,Netral,Kadang-Kadang,Sering,Sering,Sering,Kadang-Kadang,Kadang-Kadang,Sering,Kadang-Kadang,Kadang-Kadang,Sering,Cukup Peduli,Sering Memastikan,Selalu,Sering,Sering,Sangat Tahu / Sangat Memahami Langkah-Langkah yang Tepat,Sering,Netral,Netral,Tidak Setuju,Di bawah 500.000
Perempuan,18 -29 Tahun,Pelajar / Mahasiswa,SMA/Sederajat,Lebih dari 5 Platform,TikTok,Lebih dari 5 Jam,Hiburan/Rekreasi,Netral,Tidak Setuju,Netral,Netral,Netral,Netral,Netral,Netral,Netral,Netral,Netral,Netral,Netral,Netral,Netral,Netral,Tidak Setuju,Tidak Setuju,Netral,Tidak Setuju,Tidak Setuju,Tidak Setuju,Netral,Tidak Setuju,Netral,Tidak Setuju,Setuju,Netral,Netral,Netral,Netral,Netral,Netral,Setuju,Setuju,Setuju,Netral,Setuju,Netral,Netral,Netral,Netral,Netral,Tidak Setuju,Netral,Netral,Netral,Netral,Netral,Netral,Netral,Netral,Netral,Netral,Netral,Netral,Tidak Setuju,Netral,Netral,Tidak Setuju,Netral,Kadang-Kadang,Sering,Selalu,Sering,Selalu,Sering,Sering,Sering,Selalu,Kadang-Kadang,Sangat Peduli,Sering Memastikan,Selalu,Selalu,Selalu,Sangat Tahu / Sangat Memahami Langkah-Langkah yang Tepat,Selalu,Netral,Tidak Setuju,Tidak Setuju,3.000.000-5.000.000
Laki-Laki,18 -29 Tahun,Pelajar / Mahasiswa,SMA/Sederajat,2- 3 Platform,Instagram,3-4 Jam,Komunikasi Sosial,Sangat Setuju,Tidak Setuju,Netral,Netral,Tidak Setuju,Tidak Setuju,Tidak Setuju,Tidak Setuju,Tidak Setuju,Tidak Setuju,Setuju,Tidak Setuju,Netral,Netral,Tidak Setuju,Tidak Setuju,Netral,Setuju,Netral,Tidak Setuju,Tidak Setuju,Setuju,Setuju,Setuju,Netral,Setuju,Netral,Netral,Netral,Tidak Setuju,Setuju,Setuju,Setuju,Netral,Setuju,Setuju,Setuju,Setuju,Tidak Setuju,Setuju,Setuju,Setuju,Setuju,Setuju,Netral,Setuju,Setuju,Netral,Tidak Setuju,Setuju,Netral,Netral,Setuju,Tidak Setuju,Tidak Setuju,Netral,Setuju,Setuju,Setuju,Netral,Setuju,Kadang-Kadang,Selalu,Sering,Jarang,Kadang-Kadang,Kadang-Kadang,Selalu,Selalu,Sering,Jarang,Peduli,Sering Memastikan,Sering,Kadang-Kadang,Kadang-Kadang,Tahu,Sering,Netral,Tidak Setuju,Netral,1.500.000-3.000.000
Laki-Laki,18 -29 Tahun,Pelajar / Mahasiswa,SMA/Sederajat,2- 3 Platform,Instagram,1 -2 Jam,Hiburan/Rekreasi,Sangat Tidak Setuju,Tidak Setuju,Netral,Netral,Netral,Sangat Tidak Setuju,Netral,Sangat Tidak Setuju,Sangat Tidak Setuju,Sangat Tidak Setuju,Netral,Sangat Tidak Setuju,Netral,Netral,Sangat Tidak Setuju,Sangat Tidak Setuju,Sangat Tidak Setuju,Tidak Setuju,Tidak Setuju,Sangat Tidak Setuju,Sangat Tidak Setuju,Sangat Tidak Setuju,Sangat Tidak Setuju,Sangat Tidak Setuju,Setuju,Tidak Setuju,Netral,Sangat Tidak Setuju,Sangat Tidak Setuju,Sangat Tidak Setuju,Netral,Setuju,Tidak Setuju,Tidak Setuju,Netral,Tidak Setuju,Tidak Setuju,Sangat Tidak Setuju,Netral,Sangat Tidak Setuju,Sangat Tidak Setuju,Tidak Setuju,Sangat Tidak Setuju,Tidak Setuju,Sangat Tidak Setuju,Netral,Netral,Sangat Tidak Setuju,Sangat Tidak Setuju,Sangat Tidak Setuju,Sangat Tidak Setuju,Sangat Tidak Setuju,Tidak Setuju,Tidak Setuju,Sangat Tidak Setuju,Sangat Tidak Setuju,Sangat Tidak Setuju,Sangat Tidak Setuju,Sangat Tidak Setuju,Netral,Sangat Tidak Setuju,Sering,Sering,Selalu,Selalu,Selalu,Sering,Selalu,Kadang-Kadang,Sering,Kadang-Kadang,Sangat Peduli,Sering Memastikan,Sering,Selalu,Selalu,Sangat Tahu / Sangat Memahami Langkah-Langkah yang Tepat,Selalu,Sangat Tidak Setuju,Tidak Setuju,Tidak Setuju,500.000-1.500.000
Perempuan,18 -29 Tahun,Pelajar / Mahasiswa,S1/D3/D4,2- 3 Platform,Youtube,2-3 Jam,Hiburan/Rekreasi,Tidak Setuju,Netral,Tidak Setuju,Netral,Netral,Tidak Setuju,Netral,Tidak Setuju,Sangat Tidak Setuju,Tidak Setuju,Tidak Setuju,Netral,Tidak Setuju,Tidak Setuju,Tidak Setuju,Netral,Netral,Sangat Tidak Setuju,Tidak Setuju,Tidak Setuju,Tidak Setuju,Tidak Setuju,Sangat Tidak Setuju,Netral,Setuju,Setuju,Netral,Sangat Tidak Setuju,Tidak Setuju,Netral,Setuju,Netral,Netral,Setuju,Setuju,Netral,Tidak Setuju,Netral,Netral,Sangat Tidak Setuju,Setuju,Netral,Sangat Tidak Setuju,Netral,Tidak Setuju,Netral,Netral,Tidak Setuju,Tidak Setuju,Tidak Setuju,Tidak Setuju,Netral,Netral,Tidak Setuju,Sangat Tidak Setuju,Tidak Setuju,Tidak Setuju,Netral,Tidak Setuju,Netral,Tidak Setuju,Kadang-Kadang,Selalu,Kadang-Kadang,Sering,Kadang-Kadang,Sering,Selalu,Sering,Selalu,Sering,Sangat Peduli,Sering Memastikan,Kadang-Kadang,Sering,Kadang-Kadang,Cukup Tahu,Kadang-Kadang,Sangat Tidak Setuju,Sangat Tidak Setuju,Sangat Tidak Setuju,500.000-1.500.000
Perempuan,18 -29 Tahun,Pelajar / Mahasiswa,SMA/Sederajat,Lebih dari 5 Platform,WhatsApp,3-4 Jam,Komunikasi Sosial,Tidak Setuju,Setuju,Netral,Netral,Tidak Setuju,Tidak Setuju,Netral,Netral,Netral,Netral,Sangat Tidak Setuju,Tidak Setuju,Tidak Setuju,Netral,Setuju,Netral,Netral,Netral,Sangat Tidak Setuju,Netral,Sangat Tidak Setuju,Netral,Netral,Netral,Setuju,Netral,Netral,Tidak Setuju,Sangat Tidak Setuju,Tidak Setuju,Tidak Setuju,Tidak Setuju,Tidak Setuju,Netral,Setuju,Netral,Tidak Setuju,Tidak Setuju,Setuju,Tidak Setuju,Tidak Setuju,Tidak Setuju,Tidak Setuju,Sangat Tidak Setuju,Tidak Setuju,Tidak Setuju,Tidak Setuju,Tidak Setuju,Netral,Sangat Tidak Setuju,Tidak Setuju,Tidak Setuju,Netral,Tidak Setuju,Tidak Setuju,Sangat Tidak Setuju,Netral,Setuju,Netral,Netral,Setuju,Kadang-Kadang,Tidak pernah,Jarang,Kadang-Kadang,Selalu,Kadang-Kadang,Sering,Tidak pernah,Selalu,Kadang-Kadang,Sangat Peduli,Sangat Tidak Memastikan,Kadang-Kadang,Jarang,Sering,Tahu,Sering,Tidak Setuju,Tidak Setuju,Sangat Tidak Setuju,500.000-1.500.000
Laki-Laki,18 -29 Tahun,Pelajar / Mahasiswa,SMA/Sederajat,2- 3 Platform,Youtube,4-5 Jam,Hiburan/Rekreasi,Tidak Setuju,Sangat Tidak Setuju,Tidak Setuju,Netral,Tidak Setuju,Netral,Netral,Netral,Sangat Tidak Setuju,Sangat Tidak Setuju,Netral,Sangat Tidak Setuju,Tidak Setuju,Tidak Setuju,Sangat Tidak Setuju,Netral,Tidak Setuju,Tidak Setuju,Tidak Setuju,Sangat Tidak Setuju,Sangat Tidak Setuju,Setuju,Sangat Tidak Setuju,Setuju,Netral,Setuju,Netral,Setuju,Setuju,Setuju,Tidak Setuju,Netral,Setuju,Netral,Netral,Netral,Sangat Tidak Setuju,Netral,Netral,Tidak Setuju,Netral,Netral,Netral,Netral,Netral,Netral,Netral,Netral,Netral,Netral,Netral,Netral,Netral,Netral,Netral,Netral,Netral,Netral,Netral,Netral,Netral,Kadang-Kadang,Selalu,Kadang-Kadang,Jarang,Jarang,Jarang,Selalu,Sering,Selalu,Tidak pernah,Tidak Terlalu Peduli,Sering Memastikan,Kadang-Kadang,Jarang,Kadang-Kadang,Tahu,Sering,Netral,Tidak Setuju,Netral,500.000-1.500.000
Laki-Laki,18 -29 Tahun,Pelajar / Mahasiswa,S1/D3/D4,2- 3 Platform,Youtube,1 -2 Jam,Hiburan/Rekreasi,Setuju,Setuju,Setuju,Setuju,Setuju,Setuju,Netral,Tidak Setuju,Tidak Setuju,Setuju,Setuju,Netral,Tidak Setuju,Tidak Setuju,Tidak Setuju,Tidak Setuju,Netral,Netral,Netral,Netral,Netral,Setuju,Netral,Setuju,Setuju,Netral,Setuju,Netral,Setuju,Setuju,Setuju,Netral,Netral,Tidak Setuju,Setuju,Setuju,Netral,Netral,Setuju,Setuju,Setuju,Setuju,Netral,Tidak Setuju,Setuju,Setuju,Setuju,Setuju,Tidak Setuju,Tidak Setuju,Tidak Setuju,Tidak Setuju,Netral,Netral,Netral,Netral,Setuju,Setuju,Setuju,Setuju,Netral,Kadang-Kadang,Sering,Sering,Selalu,Sering,Selalu,Selalu,Kadang-Kadang,Selalu,Sering,Sangat Peduli,Sering Memastikan,Sering,Sering,Selalu,Tahu,Sering,Tidak Setuju,Netral,Tidak Setuju,Di bawah 500.000
Laki-Laki,18 -29 Tahun,Pelajar / Mahasiswa,SMA/Sederajat,2- 3 Platform,Youtube,2-3 Jam,Pekerjaan/Bisnis,Tidak Setuju,Netral,Sangat Tidak Setuju,Netral,Tidak Setuju,Sangat Tidak Setuju,Tidak Setuju,Tidak Setuju,Setuju,Sangat Tidak Setuju,Setuju,Tidak Setuju,Netral,Setuju,Tidak Setuju,Tidak Setuju,Netral,Tidak Setuju,Tidak Setuju,Tidak Setuju,Tidak Setuju,Sangat Tidak Setuju,Sangat Tidak Setuju,Netral,Sangat Tidak Setuju,Tidak Setuju,Tidak Setuju,Sangat Tidak Setuju,Tidak Setuju,Netral,Setuju,Tidak Setuju,Tidak Setuju,Sangat Tidak Setuju,Tidak Setuju,Setuju,Tidak Setuju,Setuju,Netral,Tidak Setuju,Tidak Setuju,Netral,Setuju,Tidak Setuju,Tidak Setuju,Sangat Tidak Setuju,Netral,Netral,Tidak Setuju,Netral,Tidak Setuju,Netral,Sangat Tidak Setuju,Sangat Tidak Setuju,Tidak Setuju,Tidak Setuju,Setuju,Tidak Setuju,Sangat Setuju,Tidak Setuju,Netral,Sering,Selalu,Sering,Selalu,Selalu,Selalu,Selalu,Sering,Selalu,Kadang-Kadang,Sangat Peduli,Sangat/Selalu Memastikan,Kadang-Kadang,Selalu,Selalu,Sangat Tahu / Sangat Memahami Langkah-Langkah yang Tepat,Selalu,Tidak Setuju,Tidak Setuju,Netral,3.000.000-5.000.000
Laki-Laki,18 -29 Tahun,Pelajar / Mahasiswa,SMA/Sederajat,4-5 Platform,Instagram,2-3 Jam,Hiburan/Rekreasi,Setuju,Netral,Setuju,Setuju,Setuju,Setuju,Setuju,Setuju,Setuju,Setuju,Setuju,Setuju,Setuju,Setuju,Setuju,Setuju,Setuju,Setuju,Setuju,Setuju,Setuju,Setuju,Setuju,Setuju,Setuju,Setuju,Setuju,Setuju,Setuju,Setuju,Setuju,Setuju,Setuju,Netral,Setuju,Setuju,Setuju,Setuju,Setuju,Setuju,Setuju,Setuju,Setuju,Setuju,Setuju,Setuju,Setuju,Setuju,Setuju,Setuju,Setuju,Setuju,Setuju,Setuju,Setuju,Setuju,Setuju,Setuju,Setuju,Setuju,Setuju,Sering,Selalu,Sering,Sering,Sering,Sering,Sering,Sering,Sering,Sering,Peduli,Sering Memastikan,Sering,Sering,Sering,Tahu,Sering,Setuju,Setuju,Setuju,1.500.000-3.000.000
Laki-Laki,18 -29 Tahun,Pelajar / Mahasiswa,SMA/Sederajat,4-5 Platform,Instagram,2-3 Jam,Promosi diri/Branding,Sangat Setuju,Netral,Sangat Setuju,Setuju,Sangat Setuju,Setuju,Netral,Tidak Setuju,Sangat Setuju,Setuju,Setuju,Sangat Setuju,Sangat Setuju,Sangat Setuju,Sangat Setuju,Sangat Setuju,Setuju,Setuju,Setuju,Netral,Setuju,Setuju,Setuju,Setuju,Setuju,Setuju,Setuju,Setuju,Sangat Setuju,Sangat Setuju,Tidak Setuju,Setuju,Setuju,Setuju,Setuju,Setuju,Setuju,Sangat Setuju,Sangat Setuju,Setuju,Setuju,Setuju,Setuju,Setuju,Setuju,Setuju,Setuju,Setuju,Setuju,Setuju,Setuju,Setuju,Sangat Setuju,Sangat Setuju,Setuju,Netral,Netral,Setuju,Setuju,Setuju,Setuju,Sering,Sering,Sering,Kadang-Kadang,Kadang-Kadang,Sering,Kadang-Kadang,Kadang-Kadang,Sering,Sering,Peduli,Sering Memastikan,Sering,Kadang-Kadang,Sering,Cukup Tahu,Kadang-Kadang,Sangat Setuju,Sangat Setuju,Setuju,500.000-1.500.000
Laki-Laki,18 -29 Tahun,Pelajar / Mahasiswa,SMA/Sederajat,Lebih dari 5 Platform,X (Twitter),Lebih dari 5 Jam,Hiburan/Rekreasi,Netral,Netral,Netral,Netral,Netral,Netral,Netral,Netral,Netral,Netral,Netral,Netral,Netral,Netral,Netral,Netral,Netral,Netral,Netral,Netral,Netral,Netral,Netral,Netral,Netral,Netral,Netral,Netral,Netral,Netral,Netral,Netral,Netral,Netral,Netral,Netral,Netral,Netral,Netral,Netral,Netral,Netral,Netral,Netral,Netral,Netral,Netral,Netral,Netral,Netral,Netral,Netral,Netral,Netral,Netral,Netral,Netral,Netral,Netral,Netral,Netral,Kadang-Kadang,Kadang-Kadang,Kadang-Kadang,Kadang-Kadang,Kadang-Kadang,Kadang-Kadang,Kadang-Kadang,Kadang-Kadang,Kadang-Kadang,Kadang-Kadang,Cukup Peduli,Kadang Memastikan,Kadang-Kadang,Kadang-Kadang,Kadang-Kadang,Cukup Tahu,Kadang-Kadang,Netral,Netral,Netral,500.000-1.500.000
Laki-Laki,18 -29 Tahun,Pelajar / Mahasiswa,SMA/Sederajat,Lebih dari 5 Platform,Instagram,3-4 Jam,Komunikasi Sosial,Sangat Setuju,Setuju,Setuju,Setuju,Setuju,Setuju,Setuju,Setuju,Setuju,Setuju,Setuju,Setuju,Setuju,Setuju,Setuju,Setuju,Setuju,Setuju,Setuju,Netral,Netral,Netral,Setuju,Tidak Setuju,Netral,Netral,Netral,Tidak Setuju,Setuju,Setuju,Netral,Netral,Netral,Netral,Netral,Netral,Netral,Netral,Netral,Netral,Setuju,Netral,Netral,Netral,Netral,Netral,Netral,Netral,Netral,Netral,Netral,Netral,Netral,Netral,Netral,Netral,Netral,Netral,Netral,Netral,Netral,Kadang-Kadang,Kadang-Kadang,Sering,Kadang-Kadang,Kadang-Kadang,Sering,Kadang-Kadang,Kadang-Kadang,Kadang-Kadang,Kadang-Kadang,Cukup Peduli,Sering Memastikan,Kadang-Kadang,Kadang-Kadang,Kadang-Kadang,Sangat Tahu / Sangat Memahami Langkah-Langkah yang Tepat,Kadang-Kadang,Setuju,Setuju,Netral,Di bawah 500.000
Perempuan,18 -29 Tahun,Pelajar / Mahasiswa,SMA/Sederajat,4-5 Platform,Instagram,3-4 Jam,Hiburan/Rekreasi,Sangat Setuju,Sangat Setuju,Netral,Netral,Setuju,Setuju,Netral,Netral,Netral,Netral,Netral,Netral,Netral,Netral,Netral,Netral,Netral,Netral,Netral,Netral,Netral,Netral,Netral,Netral,Netral,Netral,Netral,Netral,Netral,Netral,Netral,Netral,Netral,Netral,Netral,Netral,Netral,Netral,Netral,Netral,Netral,Netral,Netral,Netral,Netral,Netral,Netral,Netral,Netral,Netral,Netral,Netral,Netral,Netral,Netral,Netral,Netral,Netral,Netral,Netral,Netral,Kadang-Kadang,Kadang-Kadang,Kadang-Kadang,Sering,Sering,Sering,Kadang-Kadang,Kadang-Kadang,Kadang-Kadang,Kadang-Kadang,Cukup Peduli,Kadang Memastikan,Kadang-Kadang,Kadang-Kadang,Kadang-Kadang,Cukup Tahu,Kadang-Kadang,Netral,Netral,Netral,500.000-1.500.000
Perempuan,18 -29 Tahun,Pelajar / Mahasiswa,SMA/Sederajat,4-5 Platform,TikTok,4-5 Jam,Hiburan/Rekreasi,Netral,Tidak Setuju,Tidak Setuju,Tidak Setuju,Setuju,Netral,Netral,Netral,Netral,Netral,Netral,Netral,Netral,Netral,Netral,Netral,Netral,Netral,Tidak Setuju,Netral,Netral,Netral,Netral,Netral,Netral,Netral,Netral,Netral,Netral,Netral,Netral,Netral,Setuju,Netral,Tidak Setuju,Netral,Netral,Setuju,Netral,Setuju,Netral,Netral,Netral,Netral,Netral,Netral,Netral,Netral,Netral,Netral,Netral,Netral,Netral,Netral,Netral,Netral,Netral,Netral,Netral,Netral,Netral,Sering,Kadang-Kadang,Kadang-Kadang,Kadang-Kadang,Kadang-Kadang,Kadang-Kadang,Kadang-Kadang,Kadang-Kadang,Kadang-Kadang,Sering,Cukup Peduli,Kadang Memastikan,Kadang-Kadang,Kadang-Kadang,Kadang-Kadang,Sangat Tahu / Sangat Memahami Langkah-Langkah yang Tepat,Kadang-Kadang,Netral,Netral,Netral,1.500.000-3.000.000
Laki-Laki,18 -29 Tahun,Pelajar / Mahasiswa,SMA/Sederajat,2- 3 Platform,Instagram,2-3 Jam,Hiburan/Rekreasi,Netral,Netral,Netral,Netral,Netral,Netral,Netral,Netral,Netral,Netral,Netral,Netral,Netral,Netral,Netral,Netral,Netral,Netral,Netral,Netral,Netral,Netral,Netral,Netral,Netral,Netral,Netral,Netral,Netral,Netral,Netral,Netral,Netral,Netral,Netral,Netral,Netral,Netral,Netral,Netral,Netral,Netral,Netral,Netral,Netral,Netral,Netral,Netral,Netral,Netral,Netral,Netral,Netral,Netral,Netral,Netral,Netral,Netral,Netral,Netral,Netral,Kadang-Kadang,Kadang-Kadang,Kadang-Kadang,Kadang-Kadang,Kadang-Kadang,Kadang-Kadang,Kadang-Kadang,Kadang-Kadang,Kadang-Kadang,Kadang-Kadang,Cukup Peduli,Kadang Memastikan,Kadang-Kadang,Kadang-Kadang,Kadang-Kadang,Cukup Tahu,Kadang-Kadang,Netral,Netral,Netral,1.500.000-3.000.000
Perempuan,18 -29 Tahun,Pelajar / Mahasiswa,SMA/Sederajat,4-5 Platform,TikTok,1 -2 Jam,Edukasi/Informasi,Netral,Netral,Netral,Netral,Netral,Netral,Netral,Netral,Netral,Netral,Netral,Netral,Netral,Netral,Netral,Netral,Netral,Netral,Netral,Setuju,Setuju,Setuju,Netral,Netral,Netral,Netral,Netral,Netral,Netral,Netral,Netral,Netral,Netral,Netral,Netral,Netral,Netral,Netral,Netral,Netral,Netral,Setuju,Netral,Netral,Netral,Netral,Netral,Netral,Netral,Netral,Netral,Netral,Netral,Netral,Netral,Netral,Netral,Netral,Netral,Netral,Netral,Kadang-Kadang,Kadang-Kadang,Kadang-Kadang,Kadang-Kadang,Kadang-Kadang,Kadang-Kadang,Kadang-Kadang,Kadang-Kadang,Kadang-Kadang,Kadang-Kadang,Peduli,Sangat/Selalu Memastikan,Selalu,Selalu,Kadang-Kadang,Sangat Tahu / Sangat Memahami Langkah-Langkah yang Tepat,Kadang-Kadang,Netral,Netral,Netral,1.500.000-3.000.000
Laki-Laki,18 -29 Tahun,Pelajar / Mahasiswa,SMA/Sederajat,2- 3 Platform,Instagram,3-4 Jam,Hiburan/Rekreasi,Setuju,Setuju,Setuju,Setuju,Setuju,Setuju,Setuju,Setuju,Setuju,Setuju,Setuju,Setuju,Setuju,Setuju,Setuju,Setuju,Setuju,Setuju,Setuju,Setuju,Setuju,Setuju,Setuju,Setuju,Setuju,Setuju,Setuju,Setuju,Setuju,Setuju,Setuju,Setuju,Setuju,Setuju,Setuju,Setuju,Setuju,Setuju,Setuju,Setuju,Setuju,Setuju,Setuju,Setuju,Setuju,Setuju,Setuju,Setuju,Setuju,Setuju,Setuju,Setuju,Netral,Netral,Netral,Setuju,Setuju,Netral,Netral,Setuju,Setuju,Sering,Sering,Sering,Kadang-Kadang,Kadang-Kadang,Sering,Kadang-Kadang,Sering,Kadang-Kadang,Sering,Cukup Peduli,Sering Memastikan,Kadang-Kadang,Sering,Kadang-Kadang,Tahu,Kadang-Kadang,Setuju,Setuju,Setuju,1.500.000-3.000.000
Laki-Laki,18 -29 Tahun,Pelajar / Mahasiswa,SMA/Sederajat,1 Platform,Instagram,2-3 Jam,Komunikasi Sosial,Netral,Netral,Netral,Setuju,Setuju,Setuju,Setuju,Netral,Setuju,Setuju,Setuju,Setuju,Setuju,Setuju,Setuju,Setuju,Setuju,Setuju,Setuju,Setuju,Setuju,Tidak Setuju,Setuju,Setuju,Netral,Netral,Sangat Tidak Setuju,Setuju,Setuju,Setuju,Setuju,Setuju,Netral,Setuju,Setuju,Setuju,Tidak Setuju,Setuju,Tidak Setuju,Setuju,Netral,Setuju,Netral,Setuju,Setuju,Netral,Netral,Setuju,Tidak Setuju,Tidak Setuju,Netral,Setuju,Setuju,Setuju,Setuju,Netral,Netral,Setuju,Netral,Setuju,Setuju,Jarang,Sering,Tidak pernah,Sering,Sering,Sering,Sering,Kadang-Kadang,Sering,Kadang-Kadang,Peduli,Sering Memastikan,Sering,Sering,Sering,Tahu,Kadang-Kadang,Setuju,Setuju,Netral,500.000-1.500.000
Laki-Laki,18 -29 Tahun,Pelajar / Mahasiswa,SMA/Sederajat,2- 3 Platform,Instagram,1 -2 Jam,Hiburan/Rekreasi,Sangat Setuju,Sangat Setuju,Setuju,Tidak Setuju,Netral,Setuju,Setuju,Setuju,Tidak Setuju,Tidak Setuju,Netral,Netral,Netral,Tidak Setuju,Tidak Setuju,Netral,Netral,Netral,Netral,Netral,Netral,Netral,Netral,Netral,Netral,Netral,Netral,Netral,Netral,Netral,Netral,Netral,Netral,Netral,Netral,Netral,Netral,Netral,Netral,Netral,Netral,Netral,Netral,Netral,Netral,Netral,Netral,Netral,Netral,Netral,Netral,Netral,Netral,Netral,Netral,Netral,Netral,Netral,Netral,Netral,Netral,Kadang-Kadang,Kadang-Kadang,Kadang-Kadang,Kadang-Kadang,Kadang-Kadang,Kadang-Kadang,Kadang-Kadang,Kadang-Kadang,Kadang-Kadang,Kadang-Kadang,Cukup Peduli,Kadang Memastikan,Kadang-Kadang,Kadang-Kadang,Kadang-Kadang,Cukup Tahu,Kadang-Kadang,Netral,Netral,Netral,1.500.000-3.000.000
Perempuan,18 -29 Tahun,Pelajar / Mahasiswa,SMA/Sederajat,4-5 Platform,TikTok,Lebih dari 5 Jam,Hiburan/Rekreasi,Netral,Netral,Netral,Netral,Netral,Netral,Netral,Netral,Netral,Netral,Netral,Netral,Netral,Netral,Netral,Netral,Sangat Setuju,Setuju,Setuju,Netral,Tidak Setuju,Netral,Netral,Netral,Netral,Netral,Netral,Netral,Netral,Netral,Netral,Netral,Netral,Netral,Netral,Netral,Netral,Netral,Netral,Netral,Netral,Netral,Netral,Netral,Netral,Netral,Netral,Netral,Netral,Netral,Netral,Netral,Netral,Netral,Netral,Netral,Netral,Netral,Netral,Netral,Netral,Kadang-Kadang,Kadang-Kadang,Kadang-Kadang,Kadang-Kadang,Kadang-Kadang,Kadang-Kadang,Kadang-Kadang,Kadang-Kadang,Kadang-Kadang,Kadang-Kadang,Sangat Peduli,Sering Memastikan,Sering,Selalu,Sering,Sangat Tahu / Sangat Memahami Langkah-Langkah yang Tepat,Selalu,Netral,Netral,Netral,3.000.000-5.000.000
Perempuan,18 -29 Tahun,Pelajar / Mahasiswa,SMA/Sederajat,4-5 Platform,TikTok,Lebih dari 5 Jam,Hiburan/Rekreasi,Netral,Netral,Netral,Netral,Netral,Netral,Netral,Netral,Netral,Netral,Setuju,Netral,Netral,Netral,Netral,Netral,Setuju,Netral,Setuju,Setuju,Netral,Netral,Netral,Setuju,Setuju,Setuju,Setuju,Netral,Netral,Netral,Netral,Netral,Netral,Netral,Netral,Netral,Netral,Netral,Netral,Netral,Netral,Netral,Netral,Netral,Netral,Netral,Netral,Netral,Netral,Netral,Netral,Netral,Netral,Netral,Netral,Netral,Netral,Netral,Netral,Netral,Netral,Kadang-Kadang,Kadang-Kadang,Kadang-Kadang,Kadang-Kadang,Kadang-Kadang,Kadang-Kadang,Kadang-Kadang,Kadang-Kadang,Kadang-Kadang,Kadang-Kadang,Peduli,Sering Memastikan,Kadang-Kadang,Kadang-Kadang,Kadang-Kadang,Cukup Tahu,Kadang-Kadang,Netral,Netral,Netral,3.000.000-5.000.000
Laki-Laki,18 -29 Tahun,Pelajar / Mahasiswa,SMA/Sederajat,4-5 Platform,Youtube,4-5 Jam,Promosi diri/Branding,Sangat Tidak Setuju,Setuju,Netral,Netral,Netral,Setuju,Tidak Setuju,Setuju,Netral,Tidak Setuju,Netral,Tidak Setuju,Netral,Sangat Tidak Setuju,Tidak Setuju,Sangat Tidak Setuju,Netral,Netral,Netral,Netral,Netral,Netral,Netral,Netral,Netral,Netral,Netral,Netral,Netral,Netral,Tidak Setuju,Tidak Setuju,Tidak Setuju,Tidak Setuju,Netral,Netral,Tidak Setuju,Tidak Setuju,Tidak Setuju,Netral,Tidak Setuju,Setuju,Tidak Setuju,Netral,Tidak Setuju,Tidak Setuju,Netral,Tidak Setuju,Netral,Setuju,Tidak Setuju,Setuju,Netral,Tidak Setuju,Netral,Tidak Setuju,Netral,Netral,Tidak Setuju,Tidak Setuju,Tidak Setuju,Jarang,Kadang-Kadang,Jarang,Sering,Kadang-Kadang,Sering,Kadang-Kadang,Sering,Jarang,Sering,Tidak Terlalu Peduli,Sering Memastikan,Kadang-Kadang,Kadang-Kadang,Sering,Kurang Tahu,Kadang-Kadang,Tidak Setuju,Netral,Netral,1.500.000-3.000.000
Perempuan,18 -29 Tahun,Pelajar / Mahasiswa,SMA/Sederajat,2- 3 Platform,Instagram,2-3 Jam,Hiburan/Rekreasi,Tidak Setuju,Netral,Tidak Setuju,Tidak Setuju,Setuju,Netral,Tidak Setuju,Setuju,Tidak Setuju,Netral,Setuju,Tidak Setuju,Sangat Tidak Setuju,Netral,Netral,Setuju,Netral,Netral,Netral,Netral,Netral,Netral,Netral,Netral,Netral,Netral,Netral,Netral,Netral,Netral,Netral,Netral,Netral,Netral,Netral,Netral,Netral,Netral,Netral,Netral,Netral,Netral,Netral,Netral,Setuju,Setuju,Setuju,Setuju,Setuju,Setuju,Netral,Netral,Netral,Sangat Setuju,Netral,Setuju,Setuju,Setuju,Setuju,Setuju,Setuju,Kadang-Kadang,Sering,Sering,Sering,Kadang-Kadang,Sering,Kadang-Kadang,Kadang-Kadang,Kadang-Kadang,Kadang-Kadang,Sangat Peduli,Kadang Memastikan,Kadang-Kadang,Kadang-Kadang,Kadang-Kadang,Cukup Tahu,Kadang-Kadang,Setuju,Netral,Setuju,1.500.000-3.000.000
Laki-Laki,18 -29 Tahun,Pelajar / Mahasiswa,SMA/Sederajat,2- 3 Platform,TikTok,2-3 Jam,Promosi diri/Branding,Tidak Setuju,Netral,Tidak Setuju,Tidak Setuju,Tidak Setuju,Tidak Setuju,Netral,Tidak Setuju,Netral,Tidak Setuju,Tidak Setuju,Tidak Setuju,Setuju,Netral,Tidak Setuju,Setuju,Setuju,Setuju,Setuju,Setuju,Setuju,Netral,Setuju,Tidak Setuju,Setuju,Tidak Setuju,Setuju,Tidak Setuju,Tidak Setuju,Netral,Setuju,Setuju,Setuju,Setuju,Setuju,Setuju,Setuju,Setuju,Setuju,Setuju,Setuju,Setuju,Sangat Setuju,Setuju,Setuju,Setuju,Setuju,Setuju,Setuju,Setuju,Setuju,Setuju,Setuju,Setuju,Setuju,Setuju,Setuju,Setuju,Setuju,Setuju,Setuju,Kadang-Kadang,Kadang-Kadang,Kadang-Kadang,Kadang-Kadang,Kadang-Kadang,Jarang,Jarang,Jarang,Jarang,Kadang-Kadang,Tidak Terlalu Peduli,Sering Memastikan,Sering,Kadang-Kadang,Jarang,Tahu,Kadang-Kadang,Setuju,Netral,Setuju,Di bawah 500.000
Laki-Laki,18 -29 Tahun,Pelajar / Mahasiswa,S1/D3/D4,2- 3 Platform,Instagram,3-4 Jam,Hiburan/Rekreasi,Netral,Netral,Netral,Netral,Netral,Netral,Netral,Netral,Netral,Netral,Netral,Netral,Netral,Netral,Netral,Setuju,Setuju,Setuju,Setuju,Setuju,Netral,Setuju,Setuju,Setuju,Sangat Setuju,Setuju,Setuju,Setuju,Setuju,Setuju,Netral,Netral,Netral,Netral,Netral,Netral,Netral,Netral,Netral,Netral,Netral,Netral,Netral,Netral,Netral,Netral,Netral,Netral,Netral,Netral,Netral,Netral,Netral,Netral,Netral,Netral,Netral,Netral,Netral,Netral,Netral,Kadang-Kadang,Kadang-Kadang,Kadang-Kadang,Kadang-Kadang,Kadang-Kadang,Kadang-Kadang,Kadang-Kadang,Kadang-Kadang,Kadang-Kadang,Kadang-Kadang,Sangat Peduli,Kadang Memastikan,Kadang-Kadang,Kadang-Kadang,Kadang-Kadang,Sangat Tahu / Sangat Memahami Langkah-Langkah yang Tepat,Selalu,Netral,Setuju,Netral,3.000.000-5.000.000
Perempuan,18 -29 Tahun,Pelajar / Mahasiswa,SMA/Sederajat,2- 3 Platform,WhatsApp,3-4 Jam,Komunikasi Sosial,Netral,Netral,Netral,Netral,Netral,Netral,Netral,Netral,Netral,Netral,Netral,Netral,Netral,Netral,Netral,Netral,Netral,Netral,Netral,Netral,Netral,Netral,Netral,Netral,Netral,Netral,Netral,Netral,Netral,Netral,Netral,Netral,Netral,Netral,Netral,Netral,Netral,Netral,Netral,Netral,Netral,Netral,Netral,Netral,Netral,Netral,Netral,Netral,Netral,Netral,Netral,Netral,Netral,Netral,Netral,Netral,Netral,Netral,Netral,Netral,Netral,Tidak pernah,Tidak pernah,Kadang-Kadang,Kadang-Kadang,Kadang-Kadang,Kadang-Kadang,Sering,Kadang-Kadang,Sering,Jarang,Peduli,Kadang Memastikan,Selalu,Kadang-Kadang,Kadang-Kadang,Cukup Tahu,Kadang-Kadang,Netral,Netral,Netral,500.000-1.500.000
Laki-Laki,18 -29 Tahun,Pelajar / Mahasiswa,SMA/Sederajat,2- 3 Platform,Instagram,3-4 Jam,Hiburan/Rekreasi,Sangat Setuju,Sangat Setuju,Sangat Setuju,Sangat Setuju,Sangat Setuju,Sangat Setuju,Sangat Setuju,Sangat Setuju,Sangat Setuju,Sangat Setuju,Sangat Setuju,Sangat Setuju,Sangat Setuju,Sangat Setuju,Sangat Setuju,Sangat Setuju,Setuju,Setuju,Setuju,Setuju,Setuju,Sangat Setuju,Sangat Setuju,Sangat Setuju,Sangat Setuju,Sangat Setuju,Sangat Setuju,Sangat Setuju,Sangat Setuju,Sangat Setuju,Sangat Setuju,Sangat Setuju,Sangat Setuju,Sangat Setuju,Sangat Setuju,Sangat Setuju,Sangat Setuju,Sangat Setuju,Sangat Setuju,Sangat Setuju,Sangat Setuju,Sangat Setuju,Setuju,Tidak Setuju,Netral,Netral,Sangat Setuju,Sangat Setuju,Setuju,Sangat Setuju,Sangat Setuju,Sangat Setuju,Sangat Setuju,Sangat Setuju,Sangat Setuju,Sangat Setuju,Sangat Setuju,Sangat Setuju,Sangat Setuju,Sangat Setuju,Sangat Setuju,Kadang-Kadang,Sering,Kadang-Kadang,Sering,Sering,Jarang,Selalu,Selalu,Selalu,Kadang-Kadang,Sangat Peduli,Jarang Memastikan,Selalu,Selalu,Selalu,Sangat Tahu / Sangat Memahami Langkah-Langkah yang Tepat,Selalu,Sangat Setuju,Sangat Setuju,Sangat Setuju,Di bawah 500.000
Perempuan,18 -29 Tahun,Pelajar / Mahasiswa,SMA/Sederajat,Lebih dari 5 Platform,X (Twitter),4-5 Jam,Komunikasi Sosial,Tidak Setuju,Tidak Setuju,Tidak Setuju,Netral,Tidak Setuju,Setuju,Netral,Tidak Setuju,Setuju,Setuju,Sangat Setuju,Setuju,Setuju,Setuju,Tidak Setuju,Setuju,Setuju,Setuju,Tidak Setuju,Setuju,Netral,Setuju,Setuju,Setuju,Setuju,Setuju,Setuju,Sangat Setuju,Tidak Setuju,Sangat Setuju,Setuju,Sangat Tidak Setuju,Setuju,Setuju,Netral,Tidak Setuju,Setuju,Sangat Setuju,Setuju,Netral,Tidak Setuju,Setuju,Tidak Setuju,Tidak Setuju,Tidak Setuju,Tidak Setuju,Setuju,Setuju,Setuju,Tidak Setuju,Netral,Setuju,Tidak Setuju,Tidak Setuju,Tidak Setuju,Sangat Tidak Setuju,Tidak Setuju,Setuju,Setuju,Sangat Tidak Setuju,Sangat Tidak Setuju,Sering,Sering,Kadang-Kadang,Selalu,Jarang,Kadang-Kadang,Sering,Jarang,Selalu,Kadang-Kadang,Peduli,Sering Memastikan,Jarang,Sering,Sering,Tahu,Sering,Netral,Tidak Setuju,Tidak Setuju,Di bawah 500.000
Perempuan,18 -29 Tahun,Pelajar / Mahasiswa,SMA/Sederajat,4-5 Platform,Instagram,3-4 Jam,Hiburan/Rekreasi,Setuju,Netral,Netral,Netral,Netral,Setuju,Setuju,Setuju,Setuju,Setuju,Setuju,Setuju,Setuju,Setuju,Sangat Setuju,Setuju,Netral,Netral,Netral,Netral,Netral,Setuju,Setuju,Setuju,Setuju,Setuju,Setuju,Setuju,Setuju,Setuju,Setuju,Setuju,Setuju,Setuju,Setuju,Setuju,Setuju,Setuju,Setuju,Setuju,Setuju,Setuju,Setuju,Setuju,Setuju,Setuju,Setuju,Setuju,Setuju,Netral,Setuju,Setuju,Setuju,Netral,Setuju,Setuju,Setuju,Setuju,Setuju,Setuju,Setuju,Sering,Jarang,Jarang,Kadang-Kadang,Kadang-Kadang,Sering,Sering,Kadang-Kadang,Sering,Jarang,Sangat Peduli,Jarang Memastikan,Sering,Sering,Sering,Cukup Tahu,Sering,Sangat Setuju,Setuju,Netral,500.000-1.500.000
Laki-Laki,18 -29 Tahun,Pelajar / Mahasiswa,SMA/Sederajat,4-5 Platform,Instagram,Lebih dari 5 Jam,Hiburan/Rekreasi,Netral,Netral,Netral,Netral,Netral,Netral,Netral,Netral,Netral,Netral,Netral,Netral,Netral,Netral,Netral,Netral,Netral,Netral,Netral,Netral,Netral,Netral,Netral,Netral,Netral,Netral,Netral,Netral,Netral,Netral,Netral,Netral,Netral,Netral,Netral,Netral,Netral,Netral,Netral,Netral,Netral,Netral,Netral,Netral,Netral,Netral,Netral,Netral,Netral,Netral,Netral,Netral,Netral,Netral,Netral,Netral,Netral,Netral,Netral,Netral,Netral,Kadang-Kadang,Kadang-Kadang,Kadang-Kadang,Kadang-Kadang,Kadang-Kadang,Kadang-Kadang,Kadang-Kadang,Kadang-Kadang,Kadang-Kadang,Kadang-Kadang,Sangat Peduli,Kadang Memastikan,Kadang-Kadang,Kadang-Kadang,Kadang-Kadang,Cukup Tahu,Kadang-Kadang,Netral,Netral,Netral,Di bawah 500.000
Perempuan,18 -29 Tahun,Pelajar / Mahasiswa,SMA/Sederajat,Lebih dari 5 Platform,Instagram,1 -2 Jam,Komunikasi Sosial,Setuju,Setuju,Netral,Netral,Setuju,Setuju,Setuju,Netral,Setuju,Setuju,Setuju,Setuju,Setuju,Setuju,Netral,Setuju,Setuju,Setuju,Setuju,Setuju,Setuju,Netral,Setuju,Setuju,Setuju,Setuju,Setuju,Setuju,Setuju,Setuju,Setuju,Setuju,Setuju,Setuju,Setuju,Setuju,Setuju,Netral,Setuju,Netral,Netral,Netral,Netral,Netral,Netral,Netral,Netral,Netral,Setuju,Netral,Setuju,Netral,Setuju,Netral,Netral,Netral,Netral,Setuju,Netral,Setuju,Netral,Sering,Sering,Sering,Kadang-Kadang,Kadang-Kadang,Kadang-Kadang,Sering,Kadang-Kadang,Kadang-Kadang,Kadang-Kadang,Peduli,Sering Memastikan,Kadang-Kadang,Kadang-Kadang,Kadang-Kadang,Tahu,Sering,Setuju,Setuju,Netral,500.000-1.500.000
Perempuan,18 -29 Tahun,Pelajar / Mahasiswa,Di bawah SMA/Sederajat,4-5 Platform,Instagram,3-4 Jam,Hiburan/Rekreasi,Tidak Setuju,Netral,Tidak Setuju,Netral,Sangat Tidak Setuju,Netral,Netral,Netral,Netral,Setuju,Sangat Setuju,Sangat Setuju,Netral,Netral,Sangat Tidak Setuju,Setuju,Netral,Netral,Netral,Netral,Netral,Netral,Netral,Netral,Netral,Setuju,Netral,Netral,Netral,Netral,Setuju,Netral,Tidak Setuju,Netral,Sangat Setuju,Netral,Netral,Netral,Netral,Netral,Netral,Netral,Netral,Netral,Netral,Netral,Netral,Netral,Netral,Netral,Netral,Netral,Netral,Netral,Netral,Netral,Setuju,Setuju,Netral,Setuju,Setuju,Kadang-Kadang,Kadang-Kadang,Kadang-Kadang,Kadang-Kadang,Kadang-Kadang,Kadang-Kadang,Kadang-Kadang,Kadang-Kadang,Kadang-Kadang,Kadang-Kadang,Sangat Peduli,Kadang Memastikan,Kadang-Kadang,Kadang-Kadang,Kadang-Kadang,Tahu,Kadang-Kadang,Netral,Netral,Netral,500.000-1.500.000
Laki-Laki,18 -29 Tahun,Pelajar / Mahasiswa,SMA/Sederajat,2- 3 Platform,WhatsApp,Lebih dari 5 Jam,Edukasi/Informasi,Netral,Netral,Netral,Netral,Netral,Netral,Netral,Netral,Netral,Netral,Setuju,Setuju,Setuju,Setuju,Setuju,Setuju,Netral,Netral,Setuju,Setuju,Netral,Netral,Netral,Netral,Netral,Netral,Netral,Netral,Netral,Netral,Netral,Netral,Netral,Netral,Netral,Netral,Setuju,Netral,Netral,Netral,Netral,Netral,Netral,Netral,Netral,Netral,Netral,Netral,Netral,Netral,Setuju,Netral,Netral,Netral,Netral,Netral,Netral,Netral,Netral,Netral,Netral,Kadang-Kadang,Kadang-Kadang,Sering,Kadang-Kadang,Kadang-Kadang,Kadang-Kadang,Kadang-Kadang,Kadang-Kadang,Kadang-Kadang,Kadang-Kadang,Cukup Peduli,Kadang Memastikan,Kadang-Kadang,Kadang-Kadang,Kadang-Kadang,Cukup Tahu,Kadang-Kadang,Setuju,Netral,Netral,500.000-1.500.000
Perempuan,18 -29 Tahun,Pelajar / Mahasiswa,SMA/Sederajat,4-5 Platform,TikTok,1 -2 Jam,Edukasi/Informasi,Netral,Tidak Setuju,Netral,Netral,Tidak Setuju,Setuju,Netral,Netral,Netral,Netral,Netral,Netral,Netral,Netral,Netral,Netral,Netral,Netral,Netral,Netral,Netral,Netral,Netral,Netral,Netral,Netral,Netral,Netral,Netral,Netral,Netral,Netral,Setuju,Setuju,Netral,Netral,Setuju,Netral,Netral,Netral,Netral,Setuju,Netral,Setuju,Netral,Netral,Netral,Netral,Netral,Netral,Netral,Netral,Netral,Netral,Netral,Netral,Netral,Netral,Netral,Netral,Netral,Kadang-Kadang,Kadang-Kadang,Kadang-Kadang,Kadang-Kadang,Kadang-Kadang,Kadang-Kadang,Kadang-Kadang,Kadang-Kadang,Kadang-Kadang,Kadang-Kadang,Cukup Peduli,Kadang Memastikan,Kadang-Kadang,Kadang-Kadang,Kadang-Kadang,Cukup Tahu,Kadang-Kadang,Netral,Netral,Netral,500.000-1.500.000
Perempuan,18 -29 Tahun,Pelajar / Mahasiswa,SMA/Sederajat,Lebih dari 5 Platform,TikTok,4-5 Jam,Hiburan/Rekreasi,Sangat Tidak Setuju,Netral,Tidak Setuju,Tidak Setuju,Tidak Setuju,Netral,Setuju,Tidak Setuju,Tidak Setuju,Netral,Setuju,Netral,Setuju,Netral,Netral,Netral,Sangat Setuju,Sangat Setuju,Sangat Setuju,Sangat Setuju,Netral,Setuju,Setuju,Setuju,Sangat Setuju,Netral,Netral,Tidak Setuju,Netral,Sangat Setuju,Sangat Setuju,Setuju,Netral,Setuju,Setuju,Netral,Netral,Setuju,Netral,Netral,Netral,Netral,Netral,Tidak Setuju,Tidak Setuju,Tidak Setuju,Tidak Setuju,Netral,Tidak Setuju,Netral,Netral,Setuju,Netral,Netral,Netral,Netral,Tidak Setuju,Setuju,Tidak Setuju,Setuju,Tidak Setuju,Kadang-Kadang,Selalu,Jarang,Sering,Sering,Selalu,Selalu,Jarang,Selalu,Kadang-Kadang,Sangat Peduli,Sering Memastikan,Jarang,Kadang-Kadang,Kadang-Kadang,Sangat Tahu / Sangat Memahami Langkah-Langkah yang Tepat,Selalu,Setuju,Netral,Tidak Setuju,1.500.000-3.000.000
Perempuan,18 -29 Tahun,Pelajar / Mahasiswa,S1/D3/D4,2- 3 Platform,Instagram,1 -2 Jam,Komunikasi Sosial,Sangat Setuju,Netral,Netral,Netral,Setuju,Netral,Netral,Netral,Netral,Netral,Netral,Netral,Setuju,Setuju,Netral,Setuju,Netral,Netral,Netral,Netral,Netral,Netral,Netral,Netral,Netral,Netral,Netral,Netral,Netral,Netral,Netral,Netral,Netral,Netral,Netral,Netral,Netral,Netral,Netral,Netral,Netral,Netral,Netral,Netral,Netral,Netral,Netral,Netral,Netral,Netral,Netral,Netral,Netral,Netral,Netral,Netral,Netral,Netral,Netral,Netral,Netral,Sering,Sering,Sering,Sering,Sering,Sering,Sering,Sering,Sering,Sering,Peduli,Sering Memastikan,Sering,Sering,Sering,Tahu,Sering,Netral,Netral,Netral,5.000.000-10.000.000
Laki-Laki,18 -29 Tahun,Pelajar / Mahasiswa,SMA/Sederajat,4-5 Platform,Youtube,4-5 Jam,Hiburan/Rekreasi,Tidak Setuju,Tidak Setuju,Tidak Setuju,Tidak Setuju,Netral,Netral,Tidak Setuju,Tidak Setuju,Tidak Setuju,Netral,Netral,Netral,Netral,Netral,Netral,Netral,Netral,Netral,Netral,Netral,Netral,Netral,Netral,Netral,Setuju,Setuju,Setuju,Setuju,Netral,Netral,Netral,Netral,Netral,Netral,Setuju,Tidak Setuju,Tidak Setuju,Netral,Tidak Setuju,Tidak Setuju,Netral,Netral,Tidak Setuju,Tidak Setuju,Tidak Setuju,Tidak Setuju,Tidak Setuju,Tidak Setuju,Tidak Setuju,Tidak Setuju,Tidak Setuju,Tidak Setuju,Tidak Setuju,Sangat Tidak Setuju,Tidak Setuju,Tidak Setuju,Tidak Setuju,Tidak Setuju,Tidak Setuju,Tidak Setuju,Tidak Setuju,Jarang,Sering,Sering,Kadang-Kadang,Sering,Sering,Sering,Sering,Sering,Kadang-Kadang,Cukup Peduli,Sering Memastikan,Sering,Sering,Sering,Tahu,Sering,Netral,Setuju,Tidak Setuju,500.000-1.500.000
Perempuan,18 -29 Tahun,Pelajar / Mahasiswa,SMA/Sederajat,4-5 Platform,Instagram,Lebih dari 5 Jam,Komunikasi Sosial,Sangat Setuju,Setuju,Setuju,Setuju,Setuju,Setuju,Tidak Setuju,Tidak Setuju,Netral,Netral,Setuju,Netral,Setuju,Setuju,Sangat Setuju,Setuju,Setuju,Netral,Netral,Netral,Netral,Netral,Netral,Netral,Netral,Netral,Setuju,Netral,Netral,Netral,Netral,Setuju,Netral,Netral,Netral,Netral,Netral,Netral,Netral,Netral,Netral,Netral,Netral,Tidak Setuju,Netral,Tidak Setuju,Netral,Netral,Netral,Netral,Netral,Netral,Netral,Netral,Netral,Netral,Setuju,Sangat Setuju,Netral,Setuju,Netral,Jarang,Jarang,Selalu,Selalu,Selalu,Kadang-Kadang,Sering,Kadang-Kadang,Selalu,Jarang,Sangat Peduli,Jarang Memastikan,Selalu,Kadang-Kadang,Jarang,Tahu,Selalu,Netral,Netral,Tidak Setuju,3.000.000-5.000.000
Laki-Laki,18 -29 Tahun,Pelajar / Mahasiswa,SMA/Sederajat,4-5 Platform,Instagram,3-4 Jam,Komunikasi Sosial,Sangat Setuju,Netral,Setuju,Netral,Netral,Tidak Setuju,Tidak Setuju,Netral,Netral,Netral,Netral,Netral,Netral,Netral,Netral,Netral,Tidak Setuju,Tidak Setuju,Tidak Setuju,Netral,Netral,Netral,Netral,Netral,Netral,Netral,Netral,Netral,Netral,Netral,Netral,Netral,Netral,Netral,Netral,Netral,Netral,Netral,Netral,Netral,Netral,Netral,Netral,Netral,Netral,Netral,Netral,Netral,Netral,Netral,Netral,Netral,Netral,Tidak Setuju,Tidak Setuju,Tidak Setuju,Netral,Netral,Netral,Netral,Netral,Kadang-Kadang,Kadang-Kadang,Sering,Kadang-Kadang,Sering,Kadang-Kadang,Sering,Sering,Selalu,Kadang-Kadang,Cukup Peduli,Jarang Memastikan,Sering,Sering,Sering,Tahu,Sering,Netral,Netral,Netral,1.500.000-3.000.000
Laki-Laki,18 -29 Tahun,Pelajar / Mahasiswa,SMA/Sederajat,4-5 Platform,Instagram,2-3 Jam,Komunikasi Sosial,Setuju,Setuju,Setuju,Setuju,Setuju,Setuju,Setuju,Setuju,Setuju,Setuju,Setuju,Setuju,Setuju,Setuju,Setuju,Setuju,Netral,Netral,Netral,Netral,Netral,Netral,Netral,Netral,Netral,Netral,Netral,Netral,Netral,Netral,Netral,Netral,Netral,Netral,Netral,Netral,Netral,Netral,Netral,Netral,Netral,Netral,Netral,Netral,Netral,Netral,Netral,Netral,Netral,Netral,Netral,Netral,Netral,Netral,Netral,Netral,Netral,Netral,Netral,Netral,Netral,Jarang,Kadang-Kadang,Kadang-Kadang,Kadang-Kadang,Kadang-Kadang,Kadang-Kadang,Kadang-Kadang,Kadang-Kadang,Kadang-Kadang,Kadang-Kadang,Peduli,Sering Memastikan,Sering,Sering,Sering,Tahu,Sering,Setuju,Netral,Netral,5.000.000-10.000.000
Perempuan,18 -29 Tahun,Pelajar / Mahasiswa,SMA/Sederajat,2- 3 Platform,Instagram,2-3 Jam,Hiburan/Rekreasi,Setuju,Netral,Netral,Netral,Netral,Netral,Netral,Netral,Netral,Netral,Netral,Netral,Netral,Netral,Netral,Netral,Netral,Netral,Netral,Netral,Netral,Netral,Netral,Netral,Netral,Netral,Netral,Netral,Netral,Netral,Netral,Netral,Netral,Netral,Netral,Netral,Netral,Netral,Netral,Netral,Netral,Netral,Netral,Netral,Netral,Netral,Netral,Netral,Netral,Netral,Netral,Netral,Netral,Netral,Netral,Netral,Netral,Netral,Netral,Netral,Netral,Kadang-Kadang,Kadang-Kadang,Kadang-Kadang,Sering,Tidak pernah,Sering,Kadang-Kadang,Kadang-Kadang,Kadang-Kadang,Kadang-Kadang,Peduli,Kadang Memastikan,Kadang-Kadang,Kadang-Kadang,Kadang-Kadang,Tahu,Sering,Netral,Netral,Netral,1.500.000-3.000.000
Perempuan,18 -29 Tahun,Pelajar / Mahasiswa,SMA/Sederajat,2- 3 Platform,Instagram,2-3 Jam,Hiburan/Rekreasi,Setuju,Setuju,Netral,Setuju,Netral,Setuju,Setuju,Setuju,Setuju,Setuju,Netral,Setuju,Netral,Netral,Netral,Netral,Setuju,Setuju,Setuju,Setuju,Netral,Netral,Netral,Netral,Netral,Setuju,Setuju,Netral,Netral,Netral,Netral,Setuju,Netral,Setuju,Setuju,Setuju,Setuju,Netral,Netral,Netral,Netral,Netral,Netral,Netral,Netral,Netral,Setuju,Netral,Netral,Netral,Netral,Setuju,Netral,Netral,Netral,Netral,Netral,Netral,Netral,Netral,Netral,Kadang-Kadang,Tidak pernah,Jarang,Jarang,Sering,Jarang,Jarang,Sering,Selalu,Tidak pernah,Sangat Peduli,Jarang Memastikan,Kadang-Kadang,Sering,Kadang-Kadang,Cukup Tahu,Kadang-Kadang,Netral,Netral,Netral,1.500.000-3.000.000
Perempuan,18 -29 Tahun,Pelajar / Mahasiswa,S1/D3/D4,4-5 Platform,TikTok,Lebih dari 5 Jam,Hiburan/Rekreasi,Setuju,Setuju,Netral,Setuju,Netral,Netral,Setuju,Setuju,Netral,Netral,Setuju,Netral,Setuju,Netral,Netral,Netral,Setuju,Setuju,Setuju,Tidak Setuju,Netral,Setuju,Netral,Netral,Setuju,Netral,Netral,Setuju,Netral,Netral,Netral,Tidak Setuju,Tidak Setuju,Netral,Setuju,Netral,Netral,Netral,Setuju,Tidak Setuju,Netral,Netral,Netral,Setuju,Netral,Netral,Netral,Tidak Setuju,Netral,Netral,Netral,Setuju,Netral,Netral,Netral,Setuju,Netral,Setuju,Setuju,Netral,Netral,Kadang-Kadang,Kadang-Kadang,Kadang-Kadang,Sering,Sering,Sering,Kadang-Kadang,Sering,Kadang-Kadang,Jarang,Peduli,Kadang Memastikan,Kadang-Kadang,Sering,Kadang-Kadang,Tahu,Kadang-Kadang,Setuju,Netral,Netral,1.500.000-3.000.000
Perempuan,18 -29 Tahun,Pelajar / Mahasiswa,SMA/Sederajat,Lebih dari 5 Platform,Instagram,Lebih dari 5 Jam,Komunikasi Sosial,Netral,Netral,Netral,Tidak Setuju,Tidak Setuju,Tidak Setuju,Tidak Setuju,Tidak Setuju,Tidak Setuju,Tidak Setuju,Tidak Setuju,Tidak Setuju,Tidak Setuju,Tidak Setuju,Tidak Setuju,Tidak Setuju,Sangat Tidak Setuju,Sangat Tidak Setuju,Tidak Setuju,Tidak Setuju,Sangat Tidak Setuju,Sangat Tidak Setuju,Sangat Tidak Setuju,Sangat Tidak Setuju,Tidak Setuju,Tidak Setuju,Tidak Setuju,Tidak Setuju,Tidak Setuju,Tidak Setuju,Tidak Setuju,Sangat Tidak Setuju,Sangat Tidak Setuju,Sangat Tidak Setuju,Sangat Tidak Setuju,Sangat Tidak Setuju,Sangat Tidak Setuju,Sangat Tidak Setuju,Sangat Tidak Setuju,Sangat Tidak Setuju,Tidak Setuju,Tidak Setuju,Sangat Tidak Setuju,Tidak Setuju,Tidak Setuju,Tidak Setuju,Tidak Setuju,Tidak Setuju,Tidak Setuju,Tidak Setuju,Sangat Tidak Setuju,Sangat Tidak Setuju,Sangat Tidak Setuju,Sangat Tidak Setuju,Sangat Tidak Setuju,Sangat Tidak Setuju,Sangat Tidak Setuju,Tidak Setuju,Tidak Setuju,Sangat Tidak Setuju,Tidak Setuju,Jarang,Selalu,Selalu,Selalu,Selalu,Sering,Selalu,Kadang-Kadang,Selalu,Kadang-Kadang,Peduli,Sering Memastikan,Sering,Sering,Selalu,Tahu,Selalu,Tidak Setuju,Tidak Setuju,Tidak Setuju,1.500.000-3.000.000
Laki-Laki,18 -29 Tahun,Tidak Bekerja,SMA/Sederajat,1 Platform,Instagram,1 -2 Jam,Komunikasi Sosial,Netral,Netral,Netral,Netral,Netral,Netral,Netral,Netral,Netral,Netral,Netral,Netral,Netral,Netral,Netral,Netral,Netral,Netral,Netral,Netral,Netral,Netral,Netral,Netral,Netral,Netral,Netral,Netral,Netral,Netral,Netral,Netral,Netral,Netral,Netral,Netral,Netral,Netral,Netral,Netral,Netral,Netral,Netral,Netral,Netral,Netral,Netral,Netral,Netral,Netral,Netral,Netral,Netral,Netral,Netral,Netral,Netral,Netral,Netral,Netral,Netral,Kadang-Kadang,Kadang-Kadang,Kadang-Kadang,Kadang-Kadang,Kadang-Kadang,Kadang-Kadang,Kadang-Kadang,Kadang-Kadang,Kadang-Kadang,Kadang-Kadang,Cukup Peduli,Kadang Memastikan,Kadang-Kadang,Kadang-Kadang,Kadang-Kadang,Cukup Tahu,Kadang-Kadang,Netral,Netral,Netral,500.000-1.500.000
Laki-Laki,18 -29 Tahun,Pelajar / Mahasiswa,S1/D3/D4,Lebih dari 5 Platform,Instagram,Lebih dari 5 Jam,Hiburan/Rekreasi,Sangat Tidak Setuju,Sangat Tidak Setuju,Sangat Tidak Setuju,Sangat Tidak Setuju,Sangat Tidak Setuju,Sangat Tidak Setuju,Sangat Tidak Setuju,Sangat Tidak Setuju,Sangat Tidak Setuju,Sangat Tidak Setuju,Sangat Tidak Setuju,Sangat Tidak Setuju,Sangat Tidak Setuju,Sangat Tidak Setuju,Sangat Tidak Setuju,Sangat Tidak Setuju,Sangat Tidak Setuju,Sangat Tidak Setuju,Sangat Tidak Setuju,Sangat Tidak Setuju,Sangat Tidak Setuju,Sangat Tidak Setuju,Sangat Tidak Setuju,Sangat Tidak Setuju,Sangat Tidak Setuju,Sangat Tidak Setuju,Sangat Tidak Setuju,Sangat Tidak Setuju,Sangat Tidak Setuju,Sangat Tidak Setuju,Sangat Tidak Setuju,Sangat Tidak Setuju,Sangat Tidak Setuju,Sangat Tidak Setuju,Sangat Tidak Setuju,Netral,Sangat Tidak Setuju,Sangat Tidak Setuju,Sangat Tidak Setuju,Sangat Tidak Setuju,Sangat Tidak Setuju,Sangat Tidak Setuju,Sangat Tidak Setuju,Sangat Tidak Setuju,Sangat Tidak Setuju,Sangat Tidak Setuju,Sangat Tidak Setuju,Sangat Tidak Setuju,Sangat Tidak Setuju,Sangat Tidak Setuju,Sangat Tidak Setuju,Sangat Tidak Setuju,Sangat Tidak Setuju,Sangat Tidak Setuju,Sangat Tidak Setuju,Sangat Tidak Setuju,Sangat Tidak Setuju,Sangat Tidak Setuju,Sangat Tidak Setuju,Sangat Tidak Setuju,Sangat Tidak Setuju,Sering,Sering,Sering,Sering,Sering,Sering,Sering,Sering,Sering,Sering,Peduli,Sering Memastikan,Sering,Sering,Sering,Sangat Tahu / Sangat Memahami Langkah-Langkah yang Tepat,Sering,Sangat Tidak Setuju,Sangat Tidak Setuju,Sangat Tidak Setuju,di atas 10.000.000
Perempuan,18 -29 Tahun,Pelajar / Mahasiswa,S1/D3/D4,Lebih dari 5 Platform,Instagram,1 -2 Jam,Hiburan/Rekreasi,Netral,Netral,Netral,Netral,Netral,Netral,Netral,Netral,Netral,Netral,Netral,Netral,Netral,Netral,Netral,Netral,Netral,Netral,Netral,Netral,Setuju,Netral,Netral,Netral,Setuju,Netral,Netral,Netral,Netral,Netral,Setuju,Setuju,Netral,Netral,Netral,Netral,Netral,Netral,Setuju,Setuju,Netral,Netral,Setuju,Netral,Setuju,Setuju,Netral,Setuju,Netral,Netral,Netral,Netral,Netral,Setuju,Netral,Netral,Netral,Netral,Netral,Netral,Netral,Kadang-Kadang,Sering,Kadang-Kadang,Kadang-Kadang,Kadang-Kadang,Jarang,Sering,Sering,Selalu,Kadang-Kadang,Sangat Peduli,Sangat/Selalu Memastikan,Sering,Sering,Sering,Cukup Tahu,Selalu,Netral,Netral,Setuju,Di bawah 500.000
Perempuan,18 -29 Tahun,Pelajar / Mahasiswa,SMA/Sederajat,4-5 Platform,Instagram,4-5 Jam,Hiburan/Rekreasi,Tidak Setuju,Netral,Netral,Netral,Netral,Netral,Netral,Netral,Netral,Netral,Netral,Netral,Netral,Netral,Netral,Netral,Netral,Netral,Netral,Netral,Netral,Netral,Netral,Netral,Netral,Netral,Netral,Netral,Netral,Netral,Netral,Netral,Netral,Netral,Netral,Netral,Netral,Netral,Netral,Netral,Netral,Netral,Netral,Netral,Netral,Netral,Netral,Netral,Netral,Netral,Netral,Netral,Netral,Netral,Netral,Netral,Netral,Netral,Netral,Netral,Netral,Kadang-Kadang,Kadang-Kadang,Kadang-Kadang,Kadang-Kadang,Kadang-Kadang,Kadang-Kadang,Kadang-Kadang,Kadang-Kadang,Kadang-Kadang,Kadang-Kadang,Cukup Peduli,Kadang Memastikan,Kadang-Kadang,Kadang-Kadang,Kadang-Kadang,Cukup Tahu,Kadang-Kadang,Netral,Netral,Netral,1.500.000-3.000.000
Laki-Laki,18 -29 Tahun,Pelajar / Mahasiswa,SMA/Sederajat,2- 3 Platform,Instagram,4-5 Jam,Hiburan/Rekreasi,Sangat Tidak Setuju,Netral,Netral,Netral,Netral,Netral,Netral,Netral,Sangat Tidak Setuju,Tidak Setuju,Setuju,Tidak Setuju,Netral,Netral,Tidak Setuju,Netral,Setuju,Tidak Setuju,Tidak Setuju,Setuju,Netral,Setuju,Setuju,Setuju,Setuju,Setuju,Setuju,Setuju,Setuju,Setuju,Netral,Netral,Netral,Netral,Netral,Netral,Netral,Netral,Netral,Netral,Netral,Netral,Netral,Netral,Netral,Netral,Netral,Netral,Netral,Netral,Netral,Netral,Netral,Netral,Netral,Netral,Netral,Netral,Netral,Netral,Netral,Kadang-Kadang,Kadang-Kadang,Kadang-Kadang,Kadang-Kadang,Kadang-Kadang,Kadang-Kadang,Selalu,Kadang-Kadang,Kadang-Kadang,Kadang-Kadang,Sangat Peduli,Sering Memastikan,Kadang-Kadang,Selalu,Selalu,Sangat Tahu / Sangat Memahami Langkah-Langkah yang Tepat,Sering,Netral,Netral,Netral,1.500.000-3.000.000
Laki-Laki,Kurang dari 18 tahun,Pelajar / Mahasiswa,SMA/Sederajat,Lebih dari 5 Platform,Instagram,2-3 Jam,Komunikasi Sosial,Tidak Setuju,Tidak Setuju,Tidak Setuju,Tidak Setuju,Tidak Setuju,Netral,Tidak Setuju,Tidak Setuju,Tidak Setuju,Tidak Setuju,Netral,Tidak Setuju,Tidak Setuju,Tidak Setuju,Sangat Tidak Setuju,Tidak Setuju,Setuju,Tidak Setuju,Sangat Tidak Setuju,Tidak Setuju,Tidak Setuju,Sangat Tidak Setuju,Netral,Tidak Setuju,Tidak Setuju,Tidak Setuju,Netral,Netral,Netral,Setuju,Tidak Setuju,Sangat Tidak Setuju,Tidak Setuju,Sangat Tidak Setuju,Tidak Setuju,Sangat Tidak Setuju,Tidak Setuju,Tidak Setuju,Tidak Setuju,Netral,Sangat Tidak Setuju,Tidak Setuju,Sangat Tidak Setuju,Tidak Setuju,Sangat Tidak Setuju,Tidak Setuju,Tidak Setuju,Tidak Setuju,Tidak Setuju,Netral,Tidak Setuju,Netral,Tidak Setuju,Sangat Tidak Setuju,Sangat Tidak Setuju,Sangat Tidak Setuju,Sangat Tidak Setuju,Sangat Tidak Setuju,Sangat Tidak Setuju,Tidak Setuju,Tidak Setuju,Sering,Kadang-Kadang,Sering,Sering,Kadang-Kadang,Selalu,Selalu,Kadang-Kadang,Kadang-Kadang,Kadang-Kadang,Cukup Peduli,Sering Memastikan,Sering,Sering,Sering,Sangat Tahu / Sangat Memahami Langkah-Langkah yang Tepat,Selalu,Tidak Setuju,Tidak Setuju,Sangat Tidak Setuju,di atas 10.000.000
Perempuan,18 -29 Tahun,Pelajar / Mahasiswa,SMA/Sederajat,4-5 Platform,Instagram,Lebih dari 5 Jam,Hiburan/Rekreasi,Tidak Setuju,Tidak Setuju,Tidak Setuju,Tidak Setuju,Tidak Setuju,Netral,Tidak Setuju,Tidak Setuju,Tidak Setuju,Tidak Setuju,Tidak Setuju,Tidak Setuju,Tidak Setuju,Tidak Setuju,Tidak Setuju,Netral,Tidak Setuju,Tidak Setuju,Tidak Setuju,Tidak Setuju,Tidak Setuju,Tidak Setuju,Tidak Setuju,Tidak Setuju,Tidak Setuju,Tidak Setuju,Tidak Setuju,Tidak Setuju,Tidak Setuju,Tidak Setuju,Netral,Tidak Setuju,Tidak Setuju,Tidak Setuju,Tidak Setuju,Tidak Setuju,Tidak Setuju,Tidak Setuju,Tidak Setuju,Tidak Setuju,Tidak Setuju,Tidak Setuju,Tidak Setuju,Tidak Setuju,Tidak Setuju,Tidak Setuju,Tidak Setuju,Tidak Setuju,Tidak Setuju,Tidak Setuju,Tidak Setuju,Tidak Setuju,Tidak Setuju,Tidak Setuju,Tidak Setuju,Tidak Setuju,Tidak Setuju,Tidak Setuju,Tidak Setuju,Tidak Setuju,Tidak Setuju,Jarang,Sering,Kadang-Kadang,Sering,Selalu,Sering,Selalu,Jarang,Selalu,Tidak pernah,Sangat Peduli,Kadang Memastikan,Selalu,Sering,Sering,Tahu,Selalu,Tidak Setuju,Tidak Setuju,Tidak Setuju,5.000.000-10.000.000
Perempuan,18 -29 Tahun,Pelajar / Mahasiswa,SMA/Sederajat,2- 3 Platform,Instagram,4-5 Jam,Hiburan/Rekreasi,Netral,Netral,Netral,Netral,Netral,Netral,Netral,Netral,Netral,Netral,Netral,Netral,Netral,Netral,Netral,Netral,Netral,Netral,Tidak Setuju,Sangat Tidak Setuju,Sangat Tidak Setuju,Sangat Tidak Setuju,Sangat Tidak Setuju,Sangat Tidak Setuju,Sangat Tidak Setuju,Sangat Tidak Setuju,Sangat Tidak Setuju,Sangat Tidak Setuju,Sangat Tidak Setuju,Sangat Tidak Setuju,Sangat Setuju,Tidak Setuju,Netral,Netral,Netral,Netral,Netral,Netral,Netral,Netral,Netral,Netral,Netral,Netral,Netral,Netral,Netral,Netral,Netral,Netral,Netral,Netral,Netral,Netral,Netral,Netral,Netral,Netral,Netral,Sangat Setuju,Setuju,Selalu,Selalu,Sering,Sering,Kadang-Kadang,Kadang-Kadang,Selalu,Selalu,Sering,Sering,Cukup Peduli,Kadang Memastikan,Kadang-Kadang,Selalu,Kadang-Kadang,Kurang Tahu,Kadang-Kadang,Netral,Sangat Tidak Setuju,Netral,500.000-1.500.000
Laki-Laki,18 -29 Tahun,Tidak Bekerja,SMA/Sederajat,4-5 Platform,Youtube,3-4 Jam,Hiburan/Rekreasi,Tidak Setuju,Netral,Netral,Setuju,Setuju,Setuju,Setuju,Setuju,Setuju,Setuju,Setuju,Setuju,Setuju,Setuju,Setuju,Setuju,Setuju,Tidak Setuju,Setuju,Setuju,Tidak Setuju,Setuju,Setuju,Setuju,Setuju,Setuju,Setuju,Setuju,Setuju,Setuju,Setuju,Setuju,Setuju,Sangat Setuju,Setuju,Sangat Setuju,Sangat Setuju,Sangat Setuju,Setuju,Setuju,Setuju,Setuju,Setuju,Setuju,Setuju,Setuju,Setuju,Setuju,Setuju,Setuju,Setuju,Setuju,Setuju,Setuju,Setuju,Setuju,Setuju,Setuju,Setuju,Setuju,Setuju,Sering,Sering,Sering,Sering,Sering,Sering,Sering,Sering,Sering,Sering,Peduli,Sering Memastikan,Sering,Sering,Sering,Tahu,Sering,Setuju,Setuju,Setuju,500.000-1.500.000
Laki-Laki,18 -29 Tahun,Pelajar / Mahasiswa,SMA/Sederajat,Lebih dari 5 Platform,TikTok,3-4 Jam,Hiburan/Rekreasi,Netral,Netral,Netral,Netral,Netral,Netral,Netral,Netral,Netral,Netral,Netral,Netral,Netral,Netral,Netral,Netral,Netral,Netral,Netral,Netral,Netral,Netral,Netral,Netral,Netral,Netral,Netral,Tidak Setuju,Tidak Setuju,Setuju,Setuju,Tidak Setuju,Tidak Setuju,Setuju,Setuju,Tidak Setuju,Tidak Setuju,Netral,Netral,Netral,Setuju,Tidak Setuju,Netral,Netral,Netral,Netral,Netral,Netral,Netral,Netral,Netral,Netral,Netral,Netral,Netral,Netral,Netral,Netral,Netral,Netral,Netral,Kadang-Kadang,Kadang-Kadang,Kadang-Kadang,Kadang-Kadang,Kadang-Kadang,Kadang-Kadang,Kadang-Kadang,Kadang-Kadang,Kadang-Kadang,Kadang-Kadang,Peduli,Jarang Memastikan,Sering,Kadang-Kadang,Kadang-Kadang,Tahu,Kadang-Kadang,Netral,Tidak Setuju,Netral,1.500.000-3.000.000
Perempuan,18 -29 Tahun,Pelajar / Mahasiswa,S1/D3/D4,4-5 Platform,Youtube,3-4 Jam,Komunikasi Sosial,Setuju,Setuju,Tidak Setuju,Netral,Tidak Setuju,Netral,Netral,Netral,Netral,Netral,Netral,Netral,Netral,Netral,Netral,Netral,Netral,Netral,Netral,Netral,Netral,Setuju,Tidak Setuju,Netral,Setuju,Netral,Setuju,Tidak Setuju,Tidak Setuju,Tidak Setuju,Netral,Netral,Netral,Netral,Netral,Netral,Netral,Netral,Netral,Netral,Netral,Netral,Netral,Netral,Netral,Netral,Netral,Netral,Netral,Netral,Netral,Netral,Netral,Netral,Netral,Netral,Netral,Netral,Netral,Netral,Netral,Kadang-Kadang,Sering,Jarang,Kadang-Kadang,Jarang,Kadang-Kadang,Kadang-Kadang,Kadang-Kadang,Kadang-Kadang,Kadang-Kadang,Cukup Peduli,Kadang Memastikan,Kadang-Kadang,Kadang-Kadang,Kadang-Kadang,Kurang Tahu,Kadang-Kadang,Netral,Tidak Setuju,Tidak Setuju,500.000-1.500.000
Perempuan,18 -29 Tahun,Pelajar / Mahasiswa,SMA/Sederajat,Lebih dari 5 Platform,Instagram,4-5 Jam,Hiburan/Rekreasi,Netral,Sangat Setuju,Setuju,Netral,Setuju,Sangat Tidak Setuju,Sangat Tidak Setuju,Sangat Tidak Setuju,Sangat Tidak Setuju,Netral,Sangat Tidak Setuju,Tidak Setuju,Tidak Setuju,Tidak Setuju,Sangat Tidak Setuju,Netral,Tidak Setuju,Sangat Tidak Setuju,Setuju,Tidak Setuju,Tidak Setuju,Netral,Setuju,Netral,Sangat Setuju,Setuju,Setuju,Tidak Setuju,Netral,Setuju,Netral,Tidak Setuju,Sangat Tidak Setuju,Setuju,Setuju,Setuju,Tidak Setuju,Netral,Sangat Tidak Setuju,Netral,Tidak Setuju,Netral,Sangat Tidak Setuju,Netral,Netral,Tidak Setuju,Tidak Setuju,Netral,Sangat Tidak Setuju,Netral,Netral,Setuju,Tidak Setuju,Sangat Tidak Setuju,Sangat Setuju,Setuju,Netral,Setuju,Netral,Tidak Setuju,Tidak Setuju,Sering,Selalu,Sering,Kadang-Kadang,Kadang-Kadang,Selalu,Selalu,Selalu,Selalu,Tidak pernah,Sangat Peduli,Jarang Memastikan,Selalu,Selalu,Sering,Tahu,Selalu,Tidak Setuju,Sangat Tidak Setuju,Sangat Tidak Setuju,1.500.000-3.000.000
Laki-Laki,18 -29 Tahun,Pelajar / Mahasiswa,SMA/Sederajat,4-5 Platform,Instagram,1 -2 Jam,Hiburan/Rekreasi,Netral,Setuju,Setuju,Netral,Setuju,Netral,Setuju,Setuju,Netral,Setuju,Netral,Setuju,Setuju,Netral,Netral,Netral,Netral,Netral,Setuju,Setuju,Netral,Netral,Netral,Netral,Setuju,Netral,Setuju,Setuju,Setuju,Netral,Netral,Netral,Netral,Netral,Netral,Setuju,Netral,Netral,Netral,Netral,Netral,Netral,Setuju,Setuju,Setuju,Netral,Netral,Netral,Netral,Netral,Netral,Setuju,Setuju,Netral,Netral,Netral,Netral,Netral,Setuju,Setuju,Netral,Kadang-Kadang,Kadang-Kadang,Sering,Kadang-Kadang,Kadang-Kadang,Jarang,Sering,Kadang-Kadang,Jarang,Kadang-Kadang,Peduli,Kadang Memastikan,Jarang,Kadang-Kadang,Jarang,Tahu,Kadang-Kadang,Netral,Netral,Netral,3.000.000-5.000.000
Perempuan,18 -29 Tahun,Pelajar / Mahasiswa,SMA/Sederajat,4-5 Platform,Instagram,4-5 Jam,Hiburan/Rekreasi,Netral,Tidak Setuju,Netral,Netral,Setuju,Setuju,Setuju,Setuju,Netral,Setuju,Setuju,Setuju,Setuju,Setuju,Setuju,Setuju,Sangat Setuju,Tidak Setuju,Netral,Setuju,Tidak Setuju,Setuju,Setuju,Setuju,Setuju,Setuju,Tidak Setuju,Setuju,Setuju,Setuju,Setuju,Netral,Netral,Setuju,Setuju,Setuju,Setuju,Netral,Netral,Netral,Netral,Netral,Setuju,Tidak Setuju,Netral,Netral,Netral,Netral,Netral,Netral,Netral,Netral,Netral,Netral,Netral,Netral,Netral,Netral,Netral,Netral,Netral,Kadang-Kadang,Selalu,Sering,Sering,Sering,Sering,Selalu,Kadang-Kadang,Sering,Sering,Peduli,Sering Memastikan,Sering,Sering,Sering,Tahu,Sering,Netral,Tidak Setuju,Tidak Setuju,3.000.000-5.000.000
Perempuan,18 -29 Tahun,Tidak Bekerja,SMA/Sederajat,2- 3 Platform,TikTok,3-4 Jam,Hiburan/Rekreasi,Netral,Tidak Setuju,Setuju,Tidak Setuju,Netral,Tidak Setuju,Netral,Netral,Netral,Tidak Setuju,Setuju,Tidak Setuju,Setuju,Setuju,Netral,Setuju,Sangat Setuju,Netral,Netral,Netral,Tidak Setuju,Setuju,Sangat Setuju,Netral,Sangat Setuju,Setuju,Setuju,Netral,Netral,Netral,Sangat Setuju,Setuju,Netral,Netral,Sangat Setuju,Netral,Setuju,Setuju,Netral,Tidak Setuju,Netral,Tidak Setuju,Tidak Setuju,Netral,Netral,Netral,Setuju,Netral,Netral,Netral,Netral,Netral,Tidak Setuju,Setuju,Setuju,Tidak Setuju,Netral,Netral,Netral,Setuju,Netral,Kadang-Kadang,Sering,Sering,Kadang-Kadang,Kadang-Kadang,Sering,Selalu,Kadang-Kadang,Selalu,Kadang-Kadang,Peduli,Kadang Memastikan,Sering,Kadang-Kadang,Jarang,Sangat Tahu / Sangat Memahami Langkah-Langkah yang Tepat,Sering,Netral,Tidak Setuju,Netral,1.500.000-3.000.000
Laki-Laki,18 -29 Tahun,Pelajar / Mahasiswa,SMA/Sederajat,2- 3 Platform,Instagram,4-5 Jam,Hiburan/Rekreasi,Sangat Setuju,Sangat Setuju,Sangat Setuju,Sangat Setuju,Sangat Setuju,Sangat Setuju,Sangat Setuju,Sangat Setuju,Sangat Setuju,Sangat Setuju,Sangat Setuju,Sangat Setuju,Sangat Setuju,Sangat Setuju,Sangat Setuju,Sangat Setuju,Setuju,Sangat Setuju,Sangat Setuju,Sangat Setuju,Sangat Setuju,Sangat Setuju,Sangat Setuju,Sangat Setuju,Sangat Setuju,Sangat Setuju,Sangat Setuju,Sangat Setuju,Sangat Setuju,Sangat Setuju,Sangat Setuju,Sangat Setuju,Sangat Setuju,Sangat Setuju,Sangat Setuju,Sangat Setuju,Sangat Setuju,Sangat Setuju,Sangat Setuju,Sangat Setuju,Sangat Setuju,Sangat Setuju,Sangat Setuju,Sangat Setuju,Sangat Setuju,Sangat Setuju,Sangat Setuju,Sangat Setuju,Sangat Setuju,Sangat Setuju,Sangat Setuju,Sangat Setuju,Sangat Setuju,Sangat Setuju,Sangat Setuju,Sangat Setuju,Sangat Setuju,Sangat Setuju,Sangat Setuju,Sangat Setuju,Sangat Setuju,Jarang,Jarang,Sering,Sering,Sering,Sering,Sering,Jarang,Kadang-Kadang,Kadang-Kadang,Peduli,Sangat/Selalu Memastikan,Sering,Sering,Kadang-Kadang,Sangat Tahu / Sangat Memahami Langkah-Langkah yang Tepat,Jarang,Sangat Setuju,Sangat Setuju,Setuju,Di bawah 500.000
Perempuan,18 -29 Tahun,Pelajar / Mahasiswa,SMA/Sederajat,4-5 Platform,Instagram,2-3 Jam,Hiburan/Rekreasi,Tidak Setuju,Tidak Setuju,Netral,Netral,Tidak Setuju,Netral,Setuju,Netral,Netral,Netral,Netral,Netral,Netral,Setuju,Netral,Setuju,Netral,Tidak Setuju,Tidak Setuju,Sangat Tidak Setuju,Netral,Netral,Netral,Netral,Sangat Setuju,Netral,Setuju,Netral,Netral,Netral,Setuju,Netral,Netral,Netral,Netral,Netral,Setuju,Sangat Setuju,Setuju,Setuju,Setuju,Netral,Netral,Tidak Setuju,Netral,Netral,Netral,Netral,Netral,Netral,Netral,Netral,Setuju,Tidak Setuju,Netral,Netral,Netral,Setuju,Netral,Netral,Setuju,Kadang-Kadang,Sering,Sering,Sering,Sering,Sering,Selalu,Kadang-Kadang,Selalu,Jarang,Sangat Peduli,Kadang Memastikan,Selalu,Selalu,Sering,Sangat Tahu / Sangat Memahami Langkah-Langkah yang Tepat,Sering,Netral,Tidak Setuju,Netral,500.000-1.500.000
Perempuan,18 -29 Tahun,Pelajar / Mahasiswa,SMA/Sederajat,4-5 Platform,Instagram,4-5 Jam,Hiburan/Rekreasi,Netral,Netral,Netral,Netral,Netral,Netral,Netral,Netral,Netral,Netral,Netral,Netral,Netral,Netral,Netral,Netral,Tidak Setuju,Tidak Setuju,Tidak Setuju,Tidak Setuju,Tidak Setuju,Netral,Netral,Netral,Netral,Netral,Netral,Netral,Netral,Netral,Netral,Netral,Netral,Netral,Netral,Netral,Netral,Netral,Netral,Netral,Netral,Netral,Netral,Netral,Netral,Netral,Netral,Netral,Netral,Netral,Netral,Netral,Netral,Netral,Netral,Netral,Netral,Netral,Netral,Netral,Netral,Kadang-Kadang,Kadang-Kadang,Kadang-Kadang,Kadang-Kadang,Tidak pernah,Kadang-Kadang,Sering,Kadang-Kadang,Selalu,Kadang-Kadang,Sangat Peduli,Kadang Memastikan,Kadang-Kadang,Kadang-Kadang,Kadang-Kadang,Tahu,Kadang-Kadang,Netral,Netral,Netral,1.500.000-3.000.000
Perempuan,18 -29 Tahun,Pelajar / Mahasiswa,SMA/Sederajat,2- 3 Platform,Instagram,2-3 Jam,Hiburan/Rekreasi,Tidak Setuju,Tidak Setuju,Tidak Setuju,Tidak Setuju,Tidak Setuju,Tidak Setuju,Tidak Setuju,Tidak Setuju,Tidak Setuju,Tidak Setuju,Tidak Setuju,Tidak Setuju,Tidak Setuju,Tidak Setuju,Tidak Setuju,Tidak Setuju,Tidak Setuju,Tidak Setuju,Tidak Setuju,Tidak Setuju,Tidak Setuju,Tidak Setuju,Tidak Setuju,Tidak Setuju,Tidak Setuju,Tidak Setuju,Tidak Setuju,Tidak Setuju,Tidak Setuju,Tidak Setuju,Tidak Setuju,Tidak Setuju,Tidak Setuju,Tidak Setuju,Tidak Setuju,Tidak Setuju,Tidak Setuju,Tidak Setuju,Tidak Setuju,Tidak Setuju,Tidak Setuju,Tidak Setuju,Tidak Setuju,Tidak Setuju,Tidak Setuju,Tidak Setuju,Tidak Setuju,Tidak Setuju,Tidak Setuju,Tidak Setuju,Tidak Setuju,Tidak Setuju,Tidak Setuju,Tidak Setuju,Tidak Setuju,Tidak Setuju,Tidak Setuju,Tidak Setuju,Tidak Setuju,Tidak Setuju,Tidak Setuju,Jarang,Sering,Sering,Sering,Selalu,Selalu,Sering,Sering,Sering,Sering,Sangat Peduli,Sangat/Selalu Memastikan,Sering,Sering,Sering,Sangat Tahu / Sangat Memahami Langkah-Langkah yang Tepat,Selalu,Tidak Setuju,Tidak Setuju,Tidak Setuju,1.500.000-3.000.000
Laki-Laki,18 -29 Tahun,Pelajar / Mahasiswa,SMA/Sederajat,2- 3 Platform,Multi-platform,2-3 Jam,Hiburan/Rekreasi,Sangat Tidak Setuju,Sangat Tidak Setuju,Sangat Tidak Setuju,Sangat Tidak Setuju,Sangat Tidak Setuju,Sangat Tidak Setuju,Sangat Tidak Setuju,Sangat Tidak Setuju,Sangat Tidak Setuju,Sangat Tidak Setuju,Netral,Sangat Tidak Setuju,Sangat Tidak Setuju,Sangat Tidak Setuju,Sangat Tidak Setuju,Sangat Tidak Setuju,Tidak Setuju,Sangat Tidak Setuju,Sangat Tidak Setuju,Sangat Tidak Setuju,Sangat Tidak Setuju,Setuju,Sangat Tidak Setuju,Sangat Tidak Setuju,Sangat Tidak Setuju,Sangat Tidak Setuju,Sangat Tidak Setuju,Sangat Tidak Setuju,Sangat Tidak Setuju,Sangat Tidak Setuju,Sangat Tidak Setuju,Sangat Tidak Setuju,Sangat Tidak Setuju,Sangat Tidak Setuju,Sangat Tidak Setuju,Sangat Tidak Setuju,Sangat Tidak Setuju,Sangat Tidak Setuju,Sangat Tidak Setuju,Sangat Tidak Setuju,Sangat Tidak Setuju,Sangat Tidak Setuju,Sangat Tidak Setuju,Sangat Tidak Setuju,Sangat Tidak Setuju,Sangat Tidak Setuju,Sangat Tidak Setuju,Sangat Tidak Setuju,Sangat Tidak Setuju,Sangat Tidak Setuju,Sangat Tidak Setuju,Sangat Tidak Setuju,Sangat Tidak Setuju,Sangat Tidak Setuju,Sangat Tidak Setuju,Sangat Tidak Setuju,Sangat Tidak Setuju,Sangat Tidak Setuju,Sangat Tidak Setuju,Sangat Tidak Setuju,Sangat Tidak Setuju,Tidak pernah,Selalu,Jarang,Tidak pernah,Tidak pernah,Tidak pernah,Selalu,Jarang,Selalu,Kadang-Kadang,Sangat Peduli,Sangat/Selalu Memastikan,Selalu,Selalu,Selalu,Sangat Tahu / Sangat Memahami Langkah-Langkah yang Tepat,Selalu,Sangat Tidak Setuju,Sangat Tidak Setuju,Sangat Tidak Setuju,Di bawah 500.000
Laki-Laki,18 -29 Tahun,Pelajar / Mahasiswa,S2/S3,2- 3 Platform,Youtube,3-4 Jam,Hiburan/Rekreasi,Setuju,Setuju,Netral,Netral,Netral,Netral,Netral,Setuju,Netral,Setuju,Netral,Setuju,Setuju,Netral,Netral,Netral,Tidak Setuju,Setuju,Netral,Netral,Tidak Setuju,Netral,Netral,Setuju,Setuju,Netral,Netral,Setuju,Netral,Netral,Netral,Netral,Netral,Setuju,Netral,Tidak Setuju,Netral,Setuju,Setuju,Netral,Tidak Setuju,Netral,Tidak Setuju,Tidak Setuju,Netral,Tidak Setuju,Netral,Netral,Tidak Setuju,Netral,Netral,Netral,Tidak Setuju,Netral,Setuju,Netral,Setuju,Setuju,Tidak Setuju,Netral,Netral,Jarang,Kadang-Kadang,Kadang-Kadang,Kadang-Kadang,Kadang-Kadang,Sering,Kadang-Kadang,Sering,Kadang-Kadang,Tidak pernah,Cukup Peduli,Jarang Memastikan,Kadang-Kadang,Kadang-Kadang,Jarang,Cukup Tahu,Kadang-Kadang,Netral,Tidak Setuju,Tidak Setuju,500.000-1.500.000
Laki-Laki,18 -29 Tahun,Pelajar / Mahasiswa,SMA/Sederajat,2- 3 Platform,Instagram,Lebih dari 5 Jam,Komunikasi Sosial,Setuju,Tidak Setuju,Setuju,Sangat Tidak Setuju,Tidak Setuju,Tidak Setuju,Tidak Setuju,Setuju,Sangat Tidak Setuju,Sangat Tidak Setuju,Netral,Sangat Setuju,Netral,Setuju,Netral,Tidak Setuju,Netral,Tidak Setuju,Tidak Setuju,Setuju,Tidak Setuju,Setuju,Tidak Setuju,Setuju,Tidak Setuju,Sangat Setuju,Tidak Setuju,Setuju,Netral,Setuju,Netral,Netral,Netral,Setuju,Setuju,Netral,Setuju,Setuju,Setuju,Tidak Setuju,Setuju,Setuju,Setuju,Sangat Tidak Setuju,Setuju,Tidak Setuju,Netral,Setuju,Setuju,Tidak Setuju,Netral,Setuju,Setuju,Netral,Setuju,Tidak Setuju,Sangat Tidak Setuju,Netral,Netral,Tidak Setuju,Setuju,Kadang-Kadang,Sering,Selalu,Sering,Sering,Selalu,Kadang-Kadang,Kadang-Kadang,Selalu,Jarang,Cukup Peduli,Sering Memastikan,Kadang-Kadang,Kadang-Kadang,Selalu,Tahu,Sering,Netral,Netral,Netral,1.500.000-3.000.000
Laki-Laki,18 -29 Tahun,Pelajar / Mahasiswa,SMA/Sederajat,Lebih dari 5 Platform,Instagram,1 -2 Jam,Hiburan/Rekreasi,Tidak Setuju,Netral,Netral,Setuju,Setuju,Netral,Sangat Tidak Setuju,Sangat Tidak Setuju,Sangat Tidak Setuju,Netral,Setuju,Setuju,Sangat Tidak Setuju,Setuju,Netral,Setuju,Sangat Tidak Setuju,Sangat Tidak Setuju,Netral,Tidak Setuju,Netral,Netral,Tidak Setuju,Netral,Netral,Tidak Setuju,Setuju,Netral,Setuju,Netral,Sangat Setuju,Sangat Setuju,Sangat Setuju,Setuju,Sangat Setuju,Sangat Setuju,Sangat Setuju,Sangat Setuju,Netral,Sangat Setuju,Sangat Setuju,Sangat Setuju,Sangat Setuju,Sangat Setuju,Sangat Setuju,Sangat Setuju,Sangat Setuju,Sangat Setuju,Sangat Setuju,Sangat Setuju,Sangat Setuju,Sangat Setuju,Sangat Setuju,Sangat Tidak Setuju,Tidak Setuju,Tidak Setuju,Netral,Netral,Netral,Netral,Netral,Selalu,Selalu,Selalu,Selalu,Selalu,Selalu,Selalu,Selalu,Selalu,Selalu,Sangat Peduli,Sangat/Selalu Memastikan,Selalu,Selalu,Selalu,Sangat Tahu / Sangat Memahami Langkah-Langkah yang Tepat,Selalu,Netral,Netral,Netral,3.000.000-5.000.000
Perempuan,18 -29 Tahun,Pelajar / Mahasiswa,S1/D3/D4,Lebih dari 5 Platform,TikTok,Lebih dari 5 Jam,Hiburan/Rekreasi,Netral,Netral,Netral,Netral,Netral,Netral,Netral,Netral,Netral,Netral,Netral,Netral,Netral,Netral,Netral,Netral,Netral,Netral,Netral,Netral,Netral,Netral,Netral,Netral,Netral,Netral,Netral,Netral,Netral,Netral,Netral,Netral,Netral,Netral,Netral,Netral,Netral,Netral,Netral,Netral,Netral,Netral,Netral,Netral,Netral,Netral,Netral,Netral,Netral,Netral,Netral,Netral,Netral,Netral,Netral,Netral,Netral,Netral,Netral,Netral,Netral,Kadang-Kadang,Kadang-Kadang,Kadang-Kadang,Kadang-Kadang,Kadang-Kadang,Kadang-Kadang,Kadang-Kadang,Kadang-Kadang,Kadang-Kadang,Kadang-Kadang,Cukup Peduli,Kadang Memastikan,Kadang-Kadang,Kadang-Kadang,Kadang-Kadang,Cukup Tahu,Kadang-Kadang,Netral,Netral,Netral,500.000-1.500.000
Laki-Laki,18 -29 Tahun,Pelajar / Mahasiswa,S1/D3/D4,4-5 Platform,Instagram,3-4 Jam,Hiburan/Rekreasi,Setuju,Setuju,Setuju,Setuju,Setuju,Setuju,Setuju,Setuju,Setuju,Setuju,Setuju,Setuju,Setuju,Setuju,Setuju,Setuju,Setuju,Setuju,Setuju,Setuju,Setuju,Setuju,Setuju,Setuju,Setuju,Setuju,Setuju,Setuju,Setuju,Setuju,Setuju,Setuju,Setuju,Setuju,Setuju,Setuju,Setuju,Setuju,Setuju,Setuju,Setuju,Setuju,Setuju,Setuju,Setuju,Setuju,Setuju,Setuju,Setuju,Setuju,Setuju,Setuju,Setuju,Setuju,Setuju,Setuju,Setuju,Setuju,Setuju,Setuju,Setuju,Sering,Sering,Sering,Sering,Sering,Sering,Sering,Sering,Sering,Sering,Peduli,Sering Memastikan,Sering,Sering,Sering,Tahu,Sering,Setuju,Setuju,Setuju,500.000-1.500.000
Laki-Laki,18 -29 Tahun,Pelajar / Mahasiswa,S1/D3/D4,Lebih dari 5 Platform,WhatsApp,Kurang dari 1 jam,Komunikasi Sosial,Setuju,Setuju,Setuju,Netral,Netral,Setuju,Setuju,Setuju,Setuju,Netral,Setuju,Setuju,Setuju,Setuju,Netral,Setuju,Setuju,Setuju,Netral,Setuju,Setuju,Setuju,Setuju,Setuju,Setuju,Setuju,Setuju,Sangat Setuju,Setuju,Setuju,Netral,Setuju,Setuju,Setuju,Netral,Netral,Setuju,Netral,Netral,Setuju,Setuju,Setuju,Setuju,Netral,Setuju,Netral,Netral,Setuju,Sangat Setuju,Setuju,Netral,Netral,Netral,Setuju,Setuju,Setuju,Setuju,Netral,Setuju,Setuju,Setuju,Selalu,Sering,Sering,Kadang-Kadang,Selalu,Sering,Kadang-Kadang,Selalu,Sering,Selalu,Peduli,Sering Memastikan,Sering,Kadang-Kadang,Sering,Tahu,Sering,Setuju,Setuju,Sangat Setuju,Di bawah 500.000
Laki-Laki,18 -29 Tahun,Pelajar / Mahasiswa,SMA/Sederajat,4-5 Platform,Instagram,3-4 Jam,Hiburan/Rekreasi,Netral,Sangat Setuju,Setuju,Setuju,Setuju,Setuju,Setuju,Setuju,Setuju,Setuju,Setuju,Setuju,Setuju,Setuju,Setuju,Setuju,Netral,Netral,Netral,Netral,Netral,Netral,Netral,Netral,Netral,Netral,Netral,Netral,Netral,Netral,Netral,Netral,Netral,Netral,Netral,Netral,Netral,Netral,Netral,Netral,Netral,Netral,Netral,Netral,Netral,Netral,Netral,Netral,Netral,Netral,Netral,Netral,Netral,Netral,Netral,Netral,Netral,Netral,Netral,Netral,Netral,Kadang-Kadang,Kadang-Kadang,Kadang-Kadang,Kadang-Kadang,Kadang-Kadang,Kadang-Kadang,Kadang-Kadang,Kadang-Kadang,Kadang-Kadang,Kadang-Kadang,Sangat Peduli,Kadang Memastikan,Kadang-Kadang,Sering,Sering,Cukup Tahu,Sering,Sangat Setuju,Netral,Netral,500.000-1.500.000
Perempuan,18 -29 Tahun,Pelajar / Mahasiswa,SMA/Sederajat,2- 3 Platform,TikTok,2-3 Jam,Hiburan/Rekreasi,Setuju,Netral,Netral,Netral,Netral,Setuju,Setuju,Setuju,Setuju,Setuju,Setuju,Setuju,Netral,Netral,Netral,Netral,Netral,Netral,Netral,Netral,Netral,Netral,Netral,Netral,Netral,Netral,Netral,Netral,Netral,Netral,Netral,Netral,Netral,Netral,Netral,Netral,Netral,Netral,Netral,Setuju,Netral,Setuju,Netral,Netral,Netral,Netral,Netral,Netral,Netral,Netral,Netral,Netral,Netral,Netral,Netral,Netral,Netral,Netral,Netral,Netral,Netral,Selalu,Selalu,Selalu,Selalu,Selalu,Selalu,Selalu,Selalu,Selalu,Selalu,Sangat Peduli,Sangat/Selalu Memastikan,Selalu,Selalu,Sering,Cukup Tahu,Kadang-Kadang,Netral,Netral,Netral,1.500.000-3.000.000
Laki-Laki,18 -29 Tahun,Pelajar / Mahasiswa,SMA/Sederajat,2- 3 Platform,Instagram,4-5 Jam,Pekerjaan/Bisnis,Sangat Tidak Setuju,Sangat Tidak Setuju,Sangat Tidak Setuju,Sangat Tidak Setuju,Sangat Tidak Setuju,Sangat Tidak Setuju,Sangat Tidak Setuju,Sangat Tidak Setuju,Sangat Tidak Setuju,Sangat Tidak Setuju,Sangat Tidak Setuju,Sangat Tidak Setuju,Sangat Tidak Setuju,Sangat Tidak Setuju,Sangat Tidak Setuju,Sangat Tidak Setuju,Sangat Tidak Setuju,Sangat Tidak Setuju,Sangat Tidak Setuju,Sangat Tidak Setuju,Sangat Tidak Setuju,Sangat Tidak Setuju,Sangat Tidak Setuju,Sangat Tidak Setuju,Sangat Tidak Setuju,Sangat Tidak Setuju,Sangat Tidak Setuju,Sangat Tidak Setuju,Sangat Tidak Setuju,Sangat Tidak Setuju,Sangat Tidak Setuju,Sangat Tidak Setuju,Sangat Tidak Setuju,Sangat Tidak Setuju,Sangat Tidak Setuju,Sangat Tidak Setuju,Sangat Tidak Setuju,Sangat Tidak Setuju,Sangat Tidak Setuju,Sangat Tidak Setuju,Sangat Tidak Setuju,Sangat Tidak Setuju,Sangat Tidak Setuju,Sangat Tidak Setuju,Sangat Tidak Setuju,Sangat Tidak Setuju,Sangat Tidak Setuju,Sangat Tidak Setuju,Sangat Tidak Setuju,Sangat Tidak Setuju,Sangat Tidak Setuju,Sangat Tidak Setuju,Sangat Tidak Setuju,Sangat Tidak Setuju,Sangat Tidak Setuju,Sangat Tidak Setuju,Sangat Tidak Setuju,Sangat Tidak Setuju,Sangat Tidak Setuju,Sangat Tidak Setuju,Sangat Tidak Setuju,Sering,Selalu,Sering,Selalu,Selalu,Selalu,Selalu,Selalu,Selalu,Selalu,Sangat Peduli,Sangat/Selalu Memastikan,Selalu,Selalu,Selalu,Sangat Tahu / Sangat Memahami Langkah-Langkah yang Tepat,Selalu,Sangat Tidak Setuju,Sangat Tidak Setuju,Sangat Tidak Setuju,di atas 10.000.000
Laki-Laki,18 -29 Tahun,Pelajar / Mahasiswa,SMA/Sederajat,2- 3 Platform,Youtube,2-3 Jam,Komunikasi Sosial,Setuju,Sangat Setuju,Tidak Setuju,Netral,Setuju,Tidak Setuju,Setuju,Tidak Setuju,Sangat Setuju,Sangat Setuju,Setuju,Netral,Setuju,Netral,Sangat Setuju,Setuju,Setuju,Tidak Setuju,Setuju,Sangat Setuju,Sangat Setuju,Netral,Setuju,Netral,Setuju,Netral,Netral,Setuju,Sangat Setuju,Sangat Setuju,Sangat Setuju,Netral,Setuju,Netral,Sangat Setuju,Sangat Setuju,Netral,Sangat Setuju,Sangat Setuju,Netral,Sangat Setuju,Netral,Setuju,Tidak Setuju,Sangat Setuju,Setuju,Netral,Setuju,Netral,Sangat Setuju,Setuju,Setuju,Setuju,Netral,Netral,Tidak Setuju,Setuju,Netral,Sangat Setuju,Netral,Sangat Setuju,Selalu,Kadang-Kadang,Jarang,Selalu,Selalu,Selalu,Sering,Kadang-Kadang,Kadang-Kadang,Selalu,Sangat Peduli,Sangat/Selalu Memastikan,Kadang-Kadang,Kadang-Kadang,Sering,Sangat Tahu / Sangat Memahami Langkah-Langkah yang Tepat,Kadang-Kadang,Setuju,Setuju,Netral,1.500.000-3.000.000
Perempuan,18 -29 Tahun,Pelajar / Mahasiswa,SMA/Sederajat,Lebih dari 5 Platform,TikTok,Lebih dari 5 Jam,Hiburan/Rekreasi,Setuju,Setuju,Setuju,Setuju,Setuju,Setuju,Setuju,Setuju,Setuju,Setuju,Setuju,Setuju,Setuju,Setuju,Setuju,Setuju,Setuju,Tidak Setuju,Setuju,Tidak Setuju,Tidak Setuju,Setuju,Setuju,Tidak Setuju,Setuju,Tidak Setuju,Setuju,Tidak Setuju,Tidak Setuju,Netral,Tidak Setuju,Setuju,Tidak Setuju,Setuju,Tidak Setuju,Tidak Setuju,Netral,Setuju,Setuju,Setuju,Tidak Setuju,Setuju,Tidak Setuju,Tidak Setuju,Tidak Setuju,Tidak Setuju,Setuju,Setuju,Setuju,Setuju,Setuju,Setuju,Netral,Tidak Setuju,Tidak Setuju,Tidak Setuju,Tidak Setuju,Tidak Setuju,Tidak Setuju,Tidak Setuju,Tidak Setuju,Sering,Kadang-Kadang,Kadang-Kadang,Sering,Sering,Kadang-Kadang,Kadang-Kadang,Kadang-Kadang,Kadang-Kadang,Kadang-Kadang,Cukup Peduli,Sering Memastikan,Sering,Kadang-Kadang,Kadang-Kadang,Cukup Tahu,Kadang-Kadang,Setuju,Netral,Sangat Tidak Setuju,500.000-1.500.000
Laki-Laki,18 -29 Tahun,Pelajar / Mahasiswa,S1/D3/D4,4-5 Platform,X (Twitter),1 -2 Jam,Komunikasi Sosial,Tidak Setuju,Tidak Setuju,Tidak Setuju,Tidak Setuju,Tidak Setuju,Tidak Setuju,Tidak Setuju,Netral,Tidak Setuju,Tidak Setuju,Setuju,Netral,Netral,Tidak Setuju,Tidak Setuju,Tidak Setuju,Netral,Tidak Setuju,Netral,Netral,Netral,Netral,Netral,Netral,Netral,Netral,Netral,Netral,Netral,Netral,Netral,Netral,Netral,Netral,Netral,Netral,Netral,Netral,Netral,Netral,Netral,Netral,Netral,Netral,Netral,Netral,Netral,Netral,Netral,Netral,Netral,Netral,Netral,Netral,Netral,Netral,Netral,Netral,Netral,Netral,Netral,Kadang-Kadang,Kadang-Kadang,Kadang-Kadang,Kadang-Kadang,Kadang-Kadang,Kadang-Kadang,Kadang-Kadang,Kadang-Kadang,Kadang-Kadang,Kadang-Kadang,Cukup Peduli,Kadang Memastikan,Kadang-Kadang,Kadang-Kadang,Kadang-Kadang,Cukup Tahu,Kadang-Kadang,Tidak Setuju,Netral,Netral,500.000-1.500.000
Laki-Laki,18 -29 Tahun,Pelajar / Mahasiswa,S1/D3/D4,4-5 Platform,TikTok,Lebih dari 5 Jam,Hiburan/Rekreasi,Netral,Netral,Netral,Netral,Netral,Netral,Netral,Netral,Netral,Netral,Netral,Netral,Netral,Netral,Netral,Netral,Netral,Netral,Netral,Netral,Netral,Netral,Netral,Netral,Netral,Netral,Netral,Netral,Netral,Netral,Setuju,Netral,Setuju,Setuju,Netral,Setuju,Setuju,Setuju,Netral,Netral,Setuju,Setuju,Netral,Netral,Netral,Netral,Netral,Netral,Netral,Netral,Netral,Netral,Netral,Netral,Netral,Netral,Netral,Netral,Netral,Netral,Netral,Kadang-Kadang,Kadang-Kadang,Kadang-Kadang,Kadang-Kadang,Kadang-Kadang,Kadang-Kadang,Kadang-Kadang,Kadang-Kadang,Kadang-Kadang,Kadang-Kadang,Tidak Terlalu Peduli,Sering Memastikan,Selalu,Selalu,Selalu,Sangat Tahu / Sangat Memahami Langkah-Langkah yang Tepat,Selalu,Netral,Netral,Netral,500.000-1.500.000
Laki-Laki,18 -29 Tahun,Pelajar / Mahasiswa,SMA/Sederajat,4-5 Platform,Instagram,Lebih dari 5 Jam,Hiburan/Rekreasi,Tidak Setuju,Tidak Setuju,Tidak Setuju,Netral,Tidak Setuju,Netral,Tidak Setuju,Netral,Tidak Setuju,Netral,Tidak Setuju,Tidak Setuju,Tidak Setuju,Tidak Setuju,Sangat Tidak Setuju,Tidak Setuju,Setuju,Tidak Setuju,Tidak Setuju,Netral,Tidak Setuju,Sangat Tidak Setuju,Sangat Tidak Setuju,Sangat Tidak Setuju,Tidak Setuju,Setuju,Setuju,Tidak Setuju,Sangat Tidak Setuju,Sangat Tidak Setuju,Sangat Tidak Setuju,Sangat Tidak Setuju,Sangat Tidak Setuju,Sangat Tidak Setuju,Sangat Tidak Setuju,Sangat Tidak Setuju,Sangat Tidak Setuju,Sangat Tidak Setuju,Sangat Tidak Setuju,Sangat Tidak Setuju,Sangat Tidak Setuju,Sangat Tidak Setuju,Sangat Tidak Setuju,Sangat Tidak Setuju,Netral,Sangat Tidak Setuju,Netral,Sangat Tidak Setuju,Sangat Tidak Setuju,Sangat Tidak Setuju,Tidak Setuju,Sangat Tidak Setuju,Sangat Tidak Setuju,Tidak Setuju,Tidak Setuju,Tidak Setuju,Tidak Setuju,Tidak Setuju,Tidak Setuju,Tidak Setuju,Tidak Setuju,Jarang,Kadang-Kadang,Kadang-Kadang,Jarang,Selalu,Kadang-Kadang,Selalu,Tidak pernah,Selalu,Kadang-Kadang,Sangat Peduli,Sangat/Selalu Memastikan,Jarang,Selalu,Selalu,Cukup Tahu,Sering,Sangat Tidak Setuju,Sangat Tidak Setuju,Tidak Setuju,1.500.000-3.000.000
Perempuan,18 -29 Tahun,Pelajar / Mahasiswa,SMA/Sederajat,2- 3 Platform,Instagram,2-3 Jam,Edukasi/Informasi,Setuju,Setuju,Setuju,Setuju,Setuju,Setuju,Setuju,Setuju,Setuju,Setuju,Setuju,Setuju,Setuju,Setuju,Setuju,Setuju,Setuju,Setuju,Setuju,Setuju,Setuju,Setuju,Setuju,Setuju,Setuju,Setuju,Setuju,Setuju,Setuju,Setuju,Setuju,Setuju,Setuju,Setuju,Setuju,Setuju,Setuju,Setuju,Setuju,Setuju,Setuju,Setuju,Setuju,Setuju,Setuju,Setuju,Setuju,Setuju,Setuju,Setuju,Setuju,Setuju,Setuju,Setuju,Setuju,Setuju,Setuju,Setuju,Setuju,Setuju,Setuju,Sering,Sering,Sering,Sering,Kadang-Kadang,Sering,Selalu,Sering,Selalu,Sering,Peduli,Sangat/Selalu Memastikan,Kadang-Kadang,Sering,Sering,Tahu,Sering,Setuju,Setuju,Setuju,1.500.000-3.000.000
Perempuan,18 -29 Tahun,Pelajar / Mahasiswa,SMA/Sederajat,2- 3 Platform,Instagram,2-3 Jam,Komunikasi Sosial,Tidak Setuju,Netral,Tidak Setuju,Tidak Setuju,Netral,Setuju,Tidak Setuju,Netral,Netral,Netral,Netral,Netral,Tidak Setuju,Netral,Netral,Setuju,Tidak Setuju,Netral,Tidak Setuju,Netral,Tidak Setuju,Setuju,Tidak Setuju,Sangat Setuju,Sangat Setuju,Setuju,Netral,Netral,Netral,Netral,Tidak Setuju,Setuju,Tidak Setuju,Netral,Netral,Netral,Setuju,Setuju,Setuju,Setuju,Netral,Netral,Tidak Setuju,Netral,Netral,Netral,Netral,Tidak Setuju,Tidak Setuju,Tidak Setuju,Setuju,Setuju,Setuju,Tidak Setuju,Tidak Setuju,Tidak Setuju,Tidak Setuju,Netral,Netral,Netral,Netral,Kadang-Kadang,Kadang-Kadang,Jarang,Sering,Sering,Kadang-Kadang,Kadang-Kadang,Kadang-Kadang,Kadang-Kadang,Kadang-Kadang,Sangat Peduli,Sering Memastikan,Sering,Sering,Kadang-Kadang,Cukup Tahu,Sering,Setuju,Netral,Netral,500.000-1.500.000
Laki-Laki,18 -29 Tahun,Pelajar / Mahasiswa,SMA/Sederajat,2- 3 Platform,Instagram,4-5 Jam,Hiburan/Rekreasi,Tidak Setuju,Setuju,Netral,Netral,Setuju,Netral,Setuju,Setuju,Setuju,Netral,Tidak Setuju,Netral,Netral,Netral,Sangat Tidak Setuju,Netral,Netral,Sangat Tidak Setuju,Tidak Setuju,Tidak Setuju,Netral,Setuju,Tidak Setuju,Tidak Setuju,Netral,Tidak Setuju,Tidak Setuju,Tidak Setuju,Netral,Tidak Setuju,Netral,Netral,Netral,Netral,Sangat Setuju,Tidak Setuju,Sangat Tidak Setuju,Netral,Netral,Netral,Setuju,Netral,Netral,Netral,Netral,Netral,Netral,Netral,Netral,Netral,Netral,Netral,Setuju,Sangat Tidak Setuju,Tidak Setuju,Tidak Setuju,Tidak Setuju,Netral,Netral,Tidak Setuju,Netral,Sering,Selalu,Kadang-Kadang,Kadang-Kadang,Kadang-Kadang,Selalu,Selalu,Kadang-Kadang,Selalu,Selalu,Sangat Peduli,Kadang Memastikan,Kadang-Kadang,Sering,Kadang-Kadang,Tahu,Kadang-Kadang,Netral,Tidak Setuju,Netral,1.500.000-3.000.000
Perempuan,18 -29 Tahun,Pelajar / Mahasiswa,SMA/Sederajat,Lebih dari 5 Platform,Instagram,Lebih dari 5 Jam,Hiburan/Rekreasi,Netral,Netral,Netral,Netral,Netral,Netral,Netral,Netral,Netral,Netral,Netral,Netral,Netral,Netral,Netral,Netral,Tidak Setuju,Netral,Netral,Netral,Netral,Netral,Netral,Netral,Netral,Netral,Netral,Netral,Netral,Netral,Setuju,Netral,Netral,Netral,Netral,Netral,Netral,Netral,Netral,Netral,Netral,Netral,Netral,Netral,Netral,Netral,Netral,Netral,Netral,Netral,Netral,Netral,Netral,Netral,Netral,Netral,Netral,Netral,Netral,Netral,Netral,Jarang,Jarang,Sering,Sering,Kadang-Kadang,Jarang,Kadang-Kadang,Kadang-Kadang,Kadang-Kadang,Kadang-Kadang,Sangat Peduli,Sering Memastikan,Selalu,Kadang-Kadang,Kadang-Kadang,Cukup Tahu,Kadang-Kadang,Netral,Netral,Netral,1.500.000-3.000.000
Perempuan,18 -29 Tahun,Pelajar / Mahasiswa,SMA/Sederajat,2- 3 Platform,TikTok,4-5 Jam,Hiburan/Rekreasi,Netral,Netral,Netral,Netral,Netral,Netral,Netral,Netral,Netral,Netral,Netral,Netral,Netral,Netral,Netral,Netral,Netral,Netral,Netral,Netral,Netral,Netral,Netral,Netral,Netral,Netral,Netral,Netral,Netral,Netral,Netral,Netral,Netral,Netral,Netral,Netral,Netral,Netral,Netral,Netral,Netral,Netral,Netral,Netral,Netral,Netral,Netral,Netral,Netral,Netral,Netral,Netral,Netral,Netral,Netral,Netral,Netral,Netral,Netral,Netral,Netral,Jarang,Selalu,Kadang-Kadang,Kadang-Kadang,Kadang-Kadang,Kadang-Kadang,Kadang-Kadang,Kadang-Kadang,Kadang-Kadang,Kadang-Kadang,Peduli,Sering Memastikan,Kadang-Kadang,Kadang-Kadang,Kadang-Kadang,Cukup Tahu,Kadang-Kadang,Netral,Netral,Netral,1.500.000-3.000.000
Laki-Laki,18 -29 Tahun,Pelajar / Mahasiswa,SMA/Sederajat,Lebih dari 5 Platform,Instagram,1 -2 Jam,Hiburan/Rekreasi,Netral,Netral,Netral,Netral,Netral,Netral,Netral,Netral,Netral,Netral,Netral,Netral,Netral,Netral,Netral,Netral,Netral,Netral,Netral,Netral,Netral,Netral,Netral,Netral,Netral,Netral,Netral,Netral,Netral,Netral,Netral,Netral,Netral,Netral,Netral,Netral,Netral,Netral,Netral,Netral,Netral,Netral,Netral,Netral,Netral,Netral,Netral,Netral,Netral,Netral,Netral,Netral,Netral,Netral,Netral,Netral,Netral,Netral,Netral,Netral,Netral,Jarang,Sering,Sering,Sering,Sering,Selalu,Sering,Sering,Sering,Sering,Peduli,Sering Memastikan,Sering,Sering,Sering,Tahu,Selalu,Netral,Netral,Netral,Di bawah 500.000
Laki-Laki,18 -29 Tahun,Pelajar / Mahasiswa,S1/D3/D4,2- 3 Platform,Instagram,1 -2 Jam,Hiburan/Rekreasi,Netral,Netral,Netral,Netral,Netral,Netral,Netral,Netral,Netral,Netral,Netral,Netral,Netral,Netral,Netral,Netral,Netral,Netral,Netral,Netral,Netral,Netral,Netral,Netral,Netral,Netral,Netral,Netral,Netral,Netral,Netral,Netral,Netral,Netral,Netral,Netral,Netral,Netral,Netral,Netral,Netral,Netral,Netral,Netral,Netral,Netral,Netral,Netral,Netral,Netral,Netral,Netral,Netral,Netral,Netral,Netral,Netral,Netral,Netral,Netral,Netral,Sering,Kadang-Kadang,Sering,Sering,Kadang-Kadang,Kadang-Kadang,Kadang-Kadang,Kadang-Kadang,Kadang-Kadang,Kadang-Kadang,Cukup Peduli,Kadang Memastikan,Kadang-Kadang,Kadang-Kadang,Kadang-Kadang,Cukup Tahu,Kadang-Kadang,Netral,Netral,Netral,Di bawah 500.000
Perempuan,18 -29 Tahun,Pelajar / Mahasiswa,SMA/Sederajat,2- 3 Platform,Instagram,4-5 Jam,Edukasi/Informasi,Netral,Netral,Netral,Netral,Netral,Netral,Netral,Netral,Netral,Netral,Netral,Netral,Netral,Netral,Netral,Netral,Setuju,Netral,Sangat Setuju,Netral,Netral,Sangat Setuju,Sangat Setuju,Sangat Setuju,Netral,Netral,Netral,Netral,Netral,Setuju,Netral,Netral,Netral,Netral,Setuju,Netral,Netral,Netral,Netral,Netral,Netral,Netral,Setuju,Netral,Netral,Setuju,Setuju,Setuju,Setuju,Setuju,Netral,Netral,Netral,Setuju,Setuju,Netral,Netral,Netral,Netral,Setuju,Setuju,Jarang,Jarang,Kadang-Kadang,Kadang-Kadang,Kadang-Kadang,Jarang,Kadang-Kadang,Sering,Kadang-Kadang,Kadang-Kadang,Cukup Peduli,Sering Memastikan,Sering,Kadang-Kadang,Sering,Cukup Tahu,Kadang-Kadang,Netral,Setuju,Setuju,1.500.000-3.000.000
Perempuan,18 -29 Tahun,Tidak Bekerja,SMA/Sederajat,4-5 Platform,X (Twitter),Lebih dari 5 Jam,Edukasi/Informasi,Tidak Setuju,Tidak Setuju,Tidak Setuju,Tidak Setuju,Tidak Setuju,Tidak Setuju,Tidak Setuju,Tidak Setuju,Tidak Setuju,Tidak Setuju,Tidak Setuju,Tidak Setuju,Tidak Setuju,Tidak Setuju,Tidak Setuju,Tidak Setuju,Tidak Setuju,Tidak Setuju,Tidak Setuju,Tidak Setuju,Netral,Tidak Setuju,Tidak Setuju,Tidak Setuju,Tidak Setuju,Tidak Setuju,Tidak Setuju,Tidak Setuju,Tidak Setuju,Tidak Setuju,Setuju,Tidak Setuju,Tidak Setuju,Netral,Tidak Setuju,Tidak Setuju,Tidak Setuju,Tidak Setuju,Tidak Setuju,Tidak Setuju,Tidak Setuju,Netral,Tidak Setuju,Tidak Setuju,Tidak Setuju,Tidak Setuju,Tidak Setuju,Tidak Setuju,Tidak Setuju,Tidak Setuju,Tidak Setuju,Tidak Setuju,Tidak Setuju,Tidak Setuju,Tidak Setuju,Tidak Setuju,Tidak Setuju,Tidak Setuju,Tidak Setuju,Tidak Setuju,Tidak Setuju,Sering,Kadang-Kadang,Selalu,Selalu,Selalu,Selalu,Selalu,Selalu,Selalu,Kadang-Kadang,Sangat Peduli,Sering Memastikan,Sering,Sering,Sering,Tahu,Sering,Tidak Setuju,Tidak Setuju,Tidak Setuju,Di bawah 500.000
Laki-Laki,18 -29 Tahun,Pelajar / Mahasiswa,S1/D3/D4,2- 3 Platform,Instagram,3-4 Jam,Hiburan/Rekreasi,Setuju,Sangat Setuju,Setuju,Setuju,Sangat Setuju,Netral,Sangat Setuju,Setuju,Netral,Setuju,Setuju,Netral,Sangat Setuju,Sangat Setuju,Setuju,Sangat Setuju,Setuju,Sangat Setuju,Sangat Setuju,Setuju,Sangat Setuju,Setuju,Setuju,Setuju,Setuju,Netral,Sangat Setuju,Netral,Setuju,Sangat Setuju,Setuju,Sangat Setuju,Sangat Setuju,Setuju,Netral,Netral,Sangat Setuju,Setuju,Setuju,Netral,Sangat Setuju,Sangat Setuju,Tidak Setuju,Netral,Sangat Setuju,Setuju,Setuju,Sangat Setuju,Netral,Sangat Setuju,Setuju,Setuju,Tidak Setuju,Netral,Setuju,Setuju,Sangat Setuju,Tidak Setuju,Setuju,Netral,Setuju,Kadang-Kadang,Kadang-Kadang,Sering,Kadang-Kadang,Jarang,Sering,Kadang-Kadang,Jarang,Sering,Jarang,Peduli,Sering Memastikan,Kadang-Kadang,Sering,Jarang,Tahu,Kadang-Kadang,Netral,Setuju,Sangat Setuju,1.500.000-3.000.000
Laki-Laki,18 -29 Tahun,Pelajar / Mahasiswa,SMA/Sederajat,Lebih dari 5 Platform,Instagram,Lebih dari 5 Jam,Komunikasi Sosial,Sangat Setuju,Sangat Setuju,Sangat Setuju,Sangat Setuju,Sangat Setuju,Sangat Setuju,Sangat Setuju,Sangat Setuju,Sangat Setuju,Sangat Setuju,Sangat Setuju,Sangat Setuju,Sangat Setuju,Sangat Setuju,Sangat Setuju,Sangat Setuju,Sangat Setuju,Sangat Setuju,Sangat Setuju,Sangat Setuju,Sangat Setuju,Sangat Setuju,Sangat Setuju,Sangat Setuju,Sangat Setuju,Sangat Setuju,Sangat Setuju,Sangat Setuju,Sangat Setuju,Sangat Setuju,Sangat Setuju,Sangat Setuju,Sangat Setuju,Sangat Setuju,Sangat Setuju,Sangat Setuju,Sangat Setuju,Sangat Setuju,Sangat Setuju,Sangat Setuju,Sangat Setuju,Sangat Setuju,Sangat Setuju,Sangat Setuju,Sangat Setuju,Sangat Setuju,Sangat Setuju,Sangat Setuju,Sangat Setuju,Sangat Setuju,Sangat Setuju,Sangat Setuju,Sangat Setuju,Sangat Setuju,Sangat Setuju,Sangat Setuju,Sangat Setuju,Sangat Setuju,Sangat Setuju,Sangat Setuju,Sangat Setuju,Selalu,Selalu,Selalu,Selalu,Selalu,Selalu,Selalu,Selalu,Selalu,Selalu,Sangat Peduli,Sangat/Selalu Memastikan,Selalu,Selalu,Selalu,Sangat Tahu / Sangat Memahami Langkah-Langkah yang Tepat,Selalu,Sangat Setuju,Sangat Setuju,Sangat Setuju,1.500.000-3.000.000
Perempuan,18 -29 Tahun,Pelajar / Mahasiswa,SMA/Sederajat,2- 3 Platform,Instagram,4-5 Jam,Hiburan/Rekreasi,Setuju,Setuju,Setuju,Setuju,Setuju,Setuju,Netral,Netral,Netral,Setuju,Netral,Setuju,Netral,Netral,Netral,Tidak Setuju,Netral,Netral,Netral,Netral,Netral,Netral,Netral,Netral,Netral,Netral,Netral,Netral,Netral,Netral,Netral,Netral,Netral,Netral,Netral,Netral,Netral,Netral,Netral,Netral,Netral,Netral,Netral,Netral,Netral,Netral,Netral,Netral,Netral,Netral,Netral,Netral,Netral,Netral,Netral,Netral,Netral,Netral,Netral,Netral,Netral,Kadang-Kadang,Kadang-Kadang,Kadang-Kadang,Kadang-Kadang,Kadang-Kadang,Kadang-Kadang,Kadang-Kadang,Kadang-Kadang,Kadang-Kadang,Kadang-Kadang,Cukup Peduli,Kadang Memastikan,Kadang-Kadang,Kadang-Kadang,Kadang-Kadang,Cukup Tahu,Kadang-Kadang,Setuju,Netral,Netral,500.000-1.500.000
Laki-Laki,18 -29 Tahun,Pelajar / Mahasiswa,SMA/Sederajat,4-5 Platform,Instagram,2-3 Jam,Hiburan/Rekreasi,Setuju,Setuju,Netral,Setuju,Netral,Tidak Setuju,Setuju,Tidak Setuju,Setuju,Netral,Sangat Setuju,Tidak Setuju,Sangat Setuju,Setuju,Tidak Setuju,Setuju,Netral,Setuju,Netral,Sangat Setuju,Tidak Setuju,Sangat Setuju,Setuju,Tidak Setuju,Sangat Setuju,Netral,Netral,Setuju,Tidak Setuju,Netral,Tidak Setuju,Tidak Setuju,Setuju,Tidak Setuju,Tidak Setuju,Tidak Setuju,Setuju,Tidak Setuju,Netral,Netral,Tidak Setuju,Tidak Setuju,Tidak Setuju,Setuju,Tidak Setuju,Tidak Setuju,Netral,Setuju,Setuju,Netral,Tidak Setuju,Tidak Setuju,Tidak Setuju,Setuju,Tidak Setuju,Tidak Setuju,Setuju,Setuju,Tidak Setuju,Netral,Tidak Setuju,Jarang,Kadang-Kadang,Jarang,Sering,Jarang,Jarang,Kadang-Kadang,Sering,Selalu,Jarang,Peduli,Sering Memastikan,Selalu,Selalu,Sering,Tahu,Kadang-Kadang,Tidak Setuju,Setuju,Setuju,500.000-1.500.000
Perempuan,18 -29 Tahun,Pelajar / Mahasiswa,S1/D3/D4,Lebih dari 5 Platform,Instagram,2-3 Jam,Hiburan/Rekreasi,Netral,Netral,Netral,Netral,Tidak Setuju,Netral,Netral,Netral,Netral,Netral,Netral,Netral,Netral,Netral,Netral,Netral,Netral,Netral,Netral,Netral,Netral,Netral,Netral,Netral,Netral,Netral,Netral,Netral,Netral,Netral,Netral,Netral,Netral,Netral,Netral,Netral,Netral,Netral,Netral,Netral,Netral,Netral,Netral,Netral,Netral,Netral,Netral,Netral,Netral,Netral,Netral,Netral,Netral,Netral,Netral,Netral,Netral,Netral,Netral,Netral,Netral,Kadang-Kadang,Kadang-Kadang,Kadang-Kadang,Kadang-Kadang,Kadang-Kadang,Kadang-Kadang,Kadang-Kadang,Kadang-Kadang,Kadang-Kadang,Selalu,Sangat Peduli,Sangat/Selalu Memastikan,Selalu,Selalu,Selalu,Sangat Tahu / Sangat Memahami Langkah-Langkah yang Tepat,Selalu,Netral,Netral,Netral,1.500.000-3.000.000
Laki-Laki,18 -29 Tahun,Pelajar / Mahasiswa,SMA/Sederajat,2- 3 Platform,Instagram,3-4 Jam,Hiburan/Rekreasi,Tidak Setuju,Netral,Netral,Tidak Setuju,Netral,Netral,Setuju,Tidak Setuju,Tidak Setuju,Tidak Setuju,Tidak Setuju,Tidak Setuju,Setuju,Netral,Netral,Netral,Netral,Tidak Setuju,Tidak Setuju,Netral,Netral,Netral,Netral,Netral,Netral,Netral,Netral,Netral,Netral,Netral,Setuju,Setuju,Netral,Netral,Tidak Setuju,Setuju,Netral,Setuju,Setuju,Tidak Setuju,Setuju,Netral,Tidak Setuju,Setuju,Tidak Setuju,Netral,Netral,Tidak Setuju,Tidak Setuju,Netral,Tidak Setuju,Netral,Netral,Setuju,Netral,Netral,Netral,Tidak Setuju,Netral,Netral,Setuju,Sering,Sering,Sering,Sering,Sering,Sering,Sering,Sering,Sering,Sering,Peduli,Sering Memastikan,Sering,Sering,Sering,Tahu,Sering,Netral,Netral,Tidak Setuju,500.000-1.500.000
Laki-Laki,18 -29 Tahun,Pelajar / Mahasiswa,SMA/Sederajat,4-5 Platform,Instagram,3-4 Jam,Komunikasi Sosial,Setuju,Setuju,Netral,Setuju,Setuju,Setuju,Setuju,Netral,Setuju,Setuju,Setuju,Setuju,Setuju,Setuju,Setuju,Setuju,Setuju,Netral,Setuju,Setuju,Netral,Setuju,Netral,Setuju,Setuju,Setuju,Setuju,Setuju,Netral,Netral,Setuju,Netral,Setuju,Setuju,Setuju,Setuju,Setuju,Netral,Sangat Setuju,Setuju,Sangat Setuju,Setuju,Setuju,Setuju,Netral,Netral,Netral,Setuju,Setuju,Setuju,Setuju,Setuju,Netral,Setuju,Setuju,Setuju,Setuju,Setuju,Netral,Setuju,Setuju,Sering,Sering,Sering,Kadang-Kadang,Sering,Sering,Sering,Sering,Selalu,Kadang-Kadang,Peduli,Sering Memastikan,Sering,Sering,Sering,Tahu,Sering,Netral,Setuju,Setuju,3.000.000-5.000.000
Laki-Laki,18 -29 Tahun,Pelajar / Mahasiswa,SMA/Sederajat,2- 3 Platform,Instagram,3-4 Jam,Hiburan/Rekreasi,Netral,Tidak Setuju,Netral,Netral,Netral,Netral,Netral,Netral,Netral,Netral,Netral,Netral,Netral,Netral,Netral,Netral,Netral,Netral,Netral,Netral,Netral,Netral,Netral,Netral,Netral,Netral,Netral,Netral,Netral,Netral,Netral,Netral,Netral,Netral,Netral,Netral,Netral,Netral,Netral,Netral,Netral,Netral,Netral,Netral,Netral,Netral,Netral,Netral,Netral,Netral,Netral,Netral,Netral,Netral,Netral,Netral,Netral,Netral,Netral,Netral,Netral,Jarang,Jarang,Jarang,Jarang,Jarang,Jarang,Jarang,Kadang-Kadang,Kadang-Kadang,Kadang-Kadang,Cukup Peduli,Kadang Memastikan,Kadang-Kadang,Kadang-Kadang,Kadang-Kadang,Cukup Tahu,Kadang-Kadang,Netral,Netral,Netral,500.000-1.500.000
Laki-Laki,18 -29 Tahun,Pelajar / Mahasiswa,SMA/Sederajat,4-5 Platform,Instagram,2-3 Jam,Hiburan/Rekreasi,Setuju,Tidak Setuju,Tidak Setuju,Netral,Tidak Setuju,Tidak Setuju,Tidak Setuju,Tidak Setuju,Netral,Tidak Setuju,Tidak Setuju,Tidak Setuju,Tidak Setuju,Tidak Setuju,Tidak Setuju,Netral,Setuju,Setuju,Setuju,Netral,Netral,Tidak Setuju,Tidak Setuju,Netral,Setuju,Tidak Setuju,Setuju,Tidak Setuju,Setuju,Tidak Setuju,Setuju,Setuju,Netral,Tidak Setuju,Tidak Setuju,Setuju,Netral,Netral,Setuju,Tidak Setuju,Setuju,Setuju,Tidak Setuju,Setuju,Setuju,Tidak Setuju,Netral,Netral,Setuju,Tidak Setuju,Tidak Setuju,Setuju,Tidak Setuju,Setuju,Tidak Setuju,Tidak Setuju,Setuju,Tidak Setuju,Setuju,Tidak Setuju,Netral,Kadang-Kadang,Kadang-Kadang,Kadang-Kadang,Kadang-Kadang,Kadang-Kadang,Jarang,Kadang-Kadang,Kadang-Kadang,Kadang-Kadang,Kadang-Kadang,Cukup Peduli,Kadang Memastikan,Kadang-Kadang,Kadang-Kadang,Jarang,Sangat Tahu / Sangat Memahami Langkah-Langkah yang Tepat,Kadang-Kadang,Netral,Tidak Setuju,Netral,500.000-1.500.000
Perempuan,18 -29 Tahun,Pelajar / Mahasiswa,SMA/Sederajat,4-5 Platform,Instagram,Lebih dari 5 Jam,Hiburan/Rekreasi,Netral,Tidak Setuju,Setuju,Tidak Setuju,Netral,Netral,Netral,Netral,Netral,Netral,Tidak Setuju,Netral,Tidak Setuju,Tidak Setuju,Tidak Setuju,Tidak Setuju,Setuju,Sangat Setuju,Tidak Setuju,Netral,Netral,Netral,Netral,Tidak Setuju,Tidak Setuju,Setuju,Netral,Tidak Setuju,Sangat Tidak Setuju,Setuju,Tidak Setuju,Tidak Setuju,Tidak Setuju,Netral,Setuju,Netral,Tidak Setuju,Tidak Setuju,Tidak Setuju,Tidak Setuju,Netral,Tidak Setuju,Netral,Netral,Tidak Setuju,Netral,Tidak Setuju,Tidak Setuju,Netral,Netral,Netral,Tidak Setuju,Tidak Setuju,Tidak Setuju,Netral,Netral,Netral,Netral,Netral,Netral,Netral,Kadang-Kadang,Kadang-Kadang,Kadang-Kadang,Kadang-Kadang,Kadang-Kadang,Kadang-Kadang,Kadang-Kadang,Kadang-Kadang,Kadang-Kadang,Kadang-Kadang,Cukup Peduli,Kadang Memastikan,Kadang-Kadang,Kadang-Kadang,Kadang-Kadang,Cukup Tahu,Kadang-Kadang,Netral,Netral,Netral,1.500.000-3.000.000
Perempuan,18 -29 Tahun,Pelajar / Mahasiswa,S1/D3/D4,2- 3 Platform,Facebook,2-3 Jam,Hiburan/Rekreasi,Sangat Setuju,Sangat Setuju,Netral,Netral,Netral,Netral,Netral,Netral,Netral,Netral,Netral,Setuju,Setuju,Setuju,Setuju,Netral,Netral,Netral,Setuju,Setuju,Setuju,Setuju,Setuju,Setuju,Setuju,Setuju,Setuju,Setuju,Setuju,Setuju,Netral,Netral,Netral,Netral,Netral,Netral,Netral,Netral,Netral,Netral,Netral,Netral,Netral,Netral,Netral,Netral,Netral,Netral,Netral,Netral,Netral,Netral,Netral,Netral,Netral,Netral,Netral,Netral,Netral,Netral,Netral,Tidak pernah,Jarang,Jarang,Kadang-Kadang,Kadang-Kadang,Kadang-Kadang,Kadang-Kadang,Kadang-Kadang,Kadang-Kadang,Kadang-Kadang,Tidak Terlalu Peduli,Jarang Memastikan,Jarang,Kadang-Kadang,Kadang-Kadang,Kurang Tahu,Jarang,Setuju,Setuju,Netral,500.000-1.500.000
Laki-Laki,18 -29 Tahun,Pelajar / Mahasiswa,SMA/Sederajat,4-5 Platform,Instagram,3-4 Jam,Pekerjaan/Bisnis,Tidak Setuju,Netral,Netral,Netral,Netral,Netral,Setuju,Netral,Netral,Netral,Netral,Netral,Tidak Setuju,Netral,Netral,Netral,Netral,Netral,Setuju,Setuju,Netral,Netral,Setuju,Netral,Sangat Setuju,Netral,Netral,Setuju,Netral,Setuju,Netral,Netral,Setuju,Netral,Netral,Netral,Netral,Netral,Setuju,Netral,Netral,Netral,Netral,Netral,Netral,Setuju,Netral,Netral,Netral,Netral,Netral,Netral,Netral,Setuju,Setuju,Netral,Netral,Netral,Netral,Setuju,Setuju,Kadang-Kadang,Kadang-Kadang,Kadang-Kadang,Sering,Kadang-Kadang,Jarang,Sering,Jarang,Sering,Sering,Peduli,Sering Memastikan,Sering,Sering,Kadang-Kadang,Tahu,Sering,Netral,Setuju,Netral,5.000.000-10.000.000
Laki-Laki,18 -29 Tahun,Pelajar / Mahasiswa,SMA/Sederajat,2- 3 Platform,Instagram,3-4 Jam,Hiburan/Rekreasi,Setuju,Netral,Sangat Tidak Setuju,Sangat Tidak Setuju,Tidak Setuju,Tidak Setuju,Tidak Setuju,Setuju,Tidak Setuju,Tidak Setuju,Netral,Tidak Setuju,Netral,Netral,Sangat Tidak Setuju,Netral,Setuju,Tidak Setuju,Setuju,Setuju,Tidak Setuju,Setuju,Setuju,Setuju,Sangat Setuju,Setuju,Setuju,Sangat Setuju,Tidak Setuju,Setuju,Sangat Setuju,Netral,Sangat Setuju,Setuju,Setuju,Netral,Setuju,Tidak Setuju,Setuju,Netral,Sangat Setuju,Sangat Tidak Setuju,Setuju,Tidak Setuju,Netral,Sangat Setuju,Sangat Setuju,Tidak Setuju,Sangat Tidak Setuju,Sangat Setuju,Tidak Setuju,Sangat Setuju,Netral,Tidak Setuju,Tidak Setuju,Sangat Setuju,Tidak Setuju,Setuju,Sangat Tidak Setuju,Sangat Setuju,Netral,Sering,Selalu,Selalu,Selalu,Selalu,Selalu,Selalu,Selalu,Selalu,Selalu,Sangat Peduli,Sangat/Selalu Memastikan,Selalu,Selalu,Selalu,Sangat Tahu / Sangat Memahami Langkah-Langkah yang Tepat,Selalu,Tidak Setuju,Setuju,Netral,3.000.000-5.000.000
Perempuan,18 -29 Tahun,Pelajar / Mahasiswa,SMA/Sederajat,Lebih dari 5 Platform,X (Twitter),Lebih dari 5 Jam,Hiburan/Rekreasi,Tidak Setuju,Tidak Setuju,Tidak Setuju,Tidak Setuju,Tidak Setuju,Netral,Tidak Setuju,Tidak Setuju,Tidak Setuju,Tidak Setuju,Netral,Netral,Netral,Tidak Setuju,Netral,Tidak Setuju,Tidak Setuju,Tidak Setuju,Tidak Setuju,Tidak Setuju,Tidak Setuju,Tidak Setuju,Tidak Setuju,Tidak Setuju,Netral,Netral,Tidak Setuju,Netral,Tidak Setuju,Netral,Tidak Setuju,Netral,Netral,Netral,Netral,Tidak Setuju,Tidak Setuju,Setuju,Netral,Tidak Setuju,Tidak Setuju,Tidak Setuju,Tidak Setuju,Tidak Setuju,Tidak Setuju,Tidak Setuju,Netral,Netral,Tidak Setuju,Tidak Setuju,Netral,Tidak Setuju,Tidak Setuju,Tidak Setuju,Tidak Setuju,Tidak Setuju,Tidak Setuju,Tidak Setuju,Tidak Setuju,Tidak Setuju,Netral,Jarang,Kadang-Kadang,Kadang-Kadang,Kadang-Kadang,Kadang-Kadang,Kadang-Kadang,Sering,Kadang-Kadang,Selalu,Jarang,Cukup Peduli,Kadang Memastikan,Kadang-Kadang,Kadang-Kadang,Kadang-Kadang,Cukup Tahu,Kadang-Kadang,Netral,Tidak Setuju,Tidak Setuju,500.000-1.500.000
Laki-Laki,18 -29 Tahun,Pelajar / Mahasiswa,SMA/Sederajat,2- 3 Platform,Instagram,2-3 Jam,Hiburan/Rekreasi,Tidak Setuju,Tidak Setuju,Sangat Tidak Setuju,Tidak Setuju,Netral,Netral,Netral,Netral,Sangat Tidak Setuju,Sangat Tidak Setuju,Tidak Setuju,Sangat Tidak Setuju,Sangat Tidak Setuju,Netral,Sangat Tidak Setuju,Netral,Tidak Setuju,Tidak Setuju,Setuju,Netral,Tidak Setuju,Tidak Setuju,Setuju,Netral,Netral,Tidak Setuju,Setuju,Netral,Tidak Setuju,Netral,Netral,Tidak Setuju,Tidak Setuju,Tidak Setuju,Tidak Setuju,Setuju,Netral,Setuju,Tidak Setuju,Netral,Netral,Netral,Setuju,Tidak Setuju,Netral,Setuju,Netral,Netral,Setuju,Tidak Setuju,Tidak Setuju,Netral,Netral,Tidak Setuju,Sangat Tidak Setuju,Tidak Setuju,Tidak Setuju,Tidak Setuju,Tidak Setuju,Sangat Tidak Setuju,Tidak Setuju,Kadang-Kadang,Sering,Sering,Tidak pernah,Jarang,Jarang,Selalu,Jarang,Sering,Tidak pernah,Peduli,Kadang Memastikan,Sering,Jarang,Sering,Sangat Tahu / Sangat Memahami Langkah-Langkah yang Tepat,Sering,Sangat Tidak Setuju,Sangat Tidak Setuju,Sangat Tidak Setuju,1.500.000-3.000.000
Perempuan,18 -29 Tahun,Pelajar / Mahasiswa,SMA/Sederajat,4-5 Platform,Instagram,2-3 Jam,Hiburan/Rekreasi,Tidak Setuju,Netral,Tidak Setuju,Tidak Setuju,Netral,Tidak Setuju,Setuju,Netral,Tidak Setuju,Netral,Setuju,Netral,Tidak Setuju,Netral,Tidak Setuju,Tidak Setuju,Netral,Netral,Tidak Setuju,Tidak Setuju,Tidak Setuju,Tidak Setuju,Tidak Setuju,Netral,Netral,Tidak Setuju,Netral,Netral,Tidak Setuju,Tidak Setuju,Tidak Setuju,Netral,Netral,Tidak Setuju,Tidak Setuju,Netral,Tidak Setuju,Tidak Setuju,Netral,Netral,Tidak Setuju,Netral,Netral,Netral,Tidak Setuju,Setuju,Setuju,Setuju,Setuju,Netral,Tidak Setuju,Setuju,Netral,Netral,Setuju,Tidak Setuju,Netral,Netral,Setuju,Setuju,Setuju,Kadang-Kadang,Jarang,Jarang,Kadang-Kadang,Kadang-Kadang,Jarang,Kadang-Kadang,Sering,Jarang,Jarang,Sangat Peduli,Kadang Memastikan,Kadang-Kadang,Kadang-Kadang,Kadang-Kadang,Cukup Tahu,Sering,Netral,Tidak Setuju,Tidak Setuju,500.000-1.500.000
Perempuan,18 -29 Tahun,Pelajar / Mahasiswa,SMA/Sederajat,4-5 Platform,Instagram,1 -2 Jam,Hiburan/Rekreasi,Tidak Setuju,Netral,Netral,Netral,Netral,Netral,Tidak Setuju,Netral,Netral,Netral,Netral,Netral,Netral,Netral,Netral,Netral,Tidak Setuju,Netral,Netral,Netral,Netral,Netral,Netral,Netral,Netral,Netral,Netral,Netral,Netral,Netral,Netral,Netral,Netral,Netral,Netral,Netral,Netral,Netral,Netral,Netral,Netral,Netral,Netral,Netral,Netral,Netral,Netral,Netral,Netral,Netral,Netral,Netral,Netral,Netral,Netral,Netral,Netral,Netral,Netral,Netral,Netral,Kadang-Kadang,Kadang-Kadang,Sering,Kadang-Kadang,Sering,Sering,Selalu,Sering,Sering,Sering,Peduli,Sering Memastikan,Sering,Sering,Kadang-Kadang,Cukup Tahu,Kadang-Kadang,Netral,Netral,Netral,1.500.000-3.000.000
Laki-Laki,18 -29 Tahun,Pelajar / Mahasiswa,SMA/Sederajat,4-5 Platform,TikTok,2-3 Jam,Hiburan/Rekreasi,Netral,Tidak Setuju,Netral,Netral,Setuju,Tidak Setuju,Setuju,Netral,Tidak Setuju,Netral,Netral,Netral,Netral,Setuju,Netral,Setuju,Tidak Setuju,Tidak Setuju,Tidak Setuju,Netral,Sangat Tidak Setuju,Netral,Tidak Setuju,Tidak Setuju,Setuju,Netral,Netral,Setuju,Tidak Setuju,Setuju,Setuju,Netral,Tidak Setuju,Netral,Netral,Setuju,Setuju,Setuju,Setuju,Netral,Netral,Setuju,Setuju,Setuju,Setuju,Setuju,Setuju,Setuju,Setuju,Setuju,Setuju,Setuju,Setuju,Setuju,Setuju,Setuju,Setuju,Setuju,Setuju,Setuju,Setuju,Sering,Selalu,Selalu,Selalu,Selalu,Kadang-Kadang,Selalu,Selalu,Selalu,Sering,Sangat Peduli,Sering Memastikan,Sering,Kadang-Kadang,Jarang,Sangat Tahu / Sangat Memahami Langkah-Langkah yang Tepat,Kadang-Kadang,Netral,Setuju,Setuju,1.500.000-3.000.000
Perempuan,18 -29 Tahun,Pelajar / Mahasiswa,S1/D3/D4,4-5 Platform,Instagram,2-3 Jam,Hiburan/Rekreasi,Netral,Netral,Netral,Netral,Netral,Netral,Netral,Netral,Netral,Netral,Netral,Netral,Netral,Netral,Netral,Netral,Netral,Netral,Netral,Netral,Netral,Netral,Netral,Netral,Netral,Netral,Netral,Netral,Netral,Netral,Netral,Netral,Netral,Netral,Netral,Netral,Netral,Netral,Netral,Netral,Netral,Netral,Netral,Netral,Netral,Netral,Netral,Netral,Netral,Netral,Netral,Netral,Netral,Netral,Netral,Netral,Netral,Netral,Netral,Netral,Netral,Kadang-Kadang,Kadang-Kadang,Kadang-Kadang,Kadang-Kadang,Kadang-Kadang,Sering,Sering,Kadang-Kadang,Kadang-Kadang,Kadang-Kadang,Cukup Peduli,Kadang Memastikan,Kadang-Kadang,Kadang-Kadang,Kadang-Kadang,Cukup Tahu,Kadang-Kadang,Netral,Netral,Netral,1.500.000-3.000.000
Perempuan,18 -29 Tahun,Pelajar / Mahasiswa,SMA/Sederajat,2- 3 Platform,TikTok,4-5 Jam,Hiburan/Rekreasi,Sangat Setuju,Sangat Setuju,Sangat Setuju,Sangat Setuju,Sangat Setuju,Sangat Setuju,Sangat Setuju,Sangat Setuju,Sangat Setuju,Sangat Setuju,Sangat Setuju,Sangat Setuju,Sangat Setuju,Sangat Setuju,Sangat Setuju,Sangat Setuju,Setuju,Setuju,Setuju,Setuju,Setuju,Setuju,Setuju,Setuju,Setuju,Setuju,Setuju,Setuju,Setuju,Setuju,Setuju,Setuju,Setuju,Setuju,Setuju,Setuju,Setuju,Setuju,Setuju,Setuju,Setuju,Setuju,Setuju,Setuju,Setuju,Setuju,Setuju,Setuju,Setuju,Netral,Netral,Netral,Netral,Netral,Netral,Netral,Netral,Netral,Netral,Netral,Netral,Kadang-Kadang,Jarang,Kadang-Kadang,Kadang-Kadang,Jarang,Jarang,Sering,Sering,Selalu,Kadang-Kadang,Sangat Peduli,Kadang Memastikan,Sering,Sering,Sering,Tahu,Sering,Sangat Setuju,Setuju,Netral,500.000-1.500.000
Perempuan,18 -29 Tahun,Pelajar / Mahasiswa,SMA/Sederajat,4-5 Platform,Instagram,Lebih dari 5 Jam,Hiburan/Rekreasi,Netral,Netral,Netral,Netral,Netral,Netral,Netral,Netral,Netral,Netral,Netral,Netral,Netral,Netral,Netral,Netral,Setuju,Setuju,Setuju,Setuju,Setuju,Setuju,Setuju,Setuju,Setuju,Setuju,Setuju,Setuju,Setuju,Setuju,Setuju,Setuju,Setuju,Setuju,Netral,Netral,Setuju,Netral,Netral,Setuju,Setuju,Setuju,Netral,Netral,Netral,Netral,Netral,Netral,Netral,Netral,Netral,Netral,Netral,Netral,Netral,Netral,Netral,Netral,Netral,Netral,Netral,Kadang-Kadang,Kadang-Kadang,Sering,Kadang-Kadang,Kadang-Kadang,Kadang-Kadang,Kadang-Kadang,Kadang-Kadang,Kadang-Kadang,Kadang-Kadang,Peduli,Kadang Memastikan,Sering,Kadang-Kadang,Kadang-Kadang,Cukup Tahu,Kadang-Kadang,Netral,Setuju,Netral,500.000-1.500.000
Perempuan,18 -29 Tahun,Pelajar / Mahasiswa,SMA/Sederajat,4-5 Platform,X (Twitter),3-4 Jam,Hiburan/Rekreasi,Netral,Setuju,Tidak Setuju,Tidak Setuju,Setuju,Netral,Netral,Setuju,Netral,Netral,Setuju,Setuju,Netral,Netral,Netral,Setuju,Setuju,Netral,Netral,Tidak Setuju,Tidak Setuju,Setuju,Netral,Tidak Setuju,Tidak Setuju,Netral,Netral,Netral,Netral,Tidak Setuju,Netral,Setuju,Tidak Setuju,Setuju,Netral,Netral,Netral,Netral,Setuju,Netral,Tidak Setuju,Netral,Tidak Setuju,Netral,Netral,Netral,Netral,Netral,Netral,Netral,Netral,Netral,Netral,Netral,Netral,Netral,Netral,Netral,Netral,Netral,Netral,Sering,Kadang-Kadang,Kadang-Kadang,Sering,Sering,Kadang-Kadang,Sering,Kadang-Kadang,Sering,Jarang,Peduli,Kadang Memastikan,Sering,Kadang-Kadang,Kadang-Kadang,Cukup Tahu,Kadang-Kadang,Tidak Setuju,Netral,Netral,500.000-1.500.000
Perempuan,18 -29 Tahun,Pelajar / Mahasiswa,S1/D3/D4,2- 3 Platform,Instagram,2-3 Jam,Edukasi/Informasi,Setuju,Tidak Setuju,Tidak Setuju,Tidak Setuju,Netral,Netral,Netral,Netral,Netral,Netral,Tidak Setuju,Netral,Tidak Setuju,Netral,Tidak Setuju,Netral,Setuju,Tidak Setuju,Tidak Setuju,Tidak Setuju,Tidak Setuju,Netral,Netral,Netral,Netral,Netral,Netral,Netral,Tidak Setuju,Netral,Netral,Tidak Setuju,Tidak Setuju,Setuju,Setuju,Netral,Netral,Netral,Setuju,Setuju,Tidak Setuju,Netral,Netral,Netral,Netral,Setuju,Netral,Setuju,Netral,Netral,Tidak Setuju,Netral,Netral,Setuju,Setuju,Netral,Netral,Netral,Setuju,Netral,Netral,Kadang-Kadang,Jarang,Jarang,Jarang,Sering,Jarang,Sering,Kadang-Kadang,Kadang-Kadang,Jarang,Peduli,Kadang Memastikan,Sering,Kadang-Kadang,Sering,Tahu,Sering,Netral,Netral,Netral,1.500.000-3.000.000
Perempuan,18 -29 Tahun,Pelajar / Mahasiswa,SMA/Sederajat,4-5 Platform,X (Twitter),2-3 Jam,Hiburan/Rekreasi,Tidak Setuju,Tidak Setuju,Tidak Setuju,Tidak Setuju,Tidak Setuju,Tidak Setuju,Tidak Setuju,Tidak Setuju,Tidak Setuju,Tidak Setuju,Netral,Tidak Setuju,Netral,Setuju,Tidak Setuju,Netral,Netral,Netral,Netral,Netral,Netral,Netral,Netral,Netral,Netral,Setuju,Netral,Tidak Setuju,Tidak Setuju,Netral,Setuju,Tidak Setuju,Tidak Setuju,Tidak Setuju,Tidak Setuju,Tidak Setuju,Tidak Setuju,Setuju,Setuju,Tidak Setuju,Tidak Setuju,Tidak Setuju,Tidak Setuju,Setuju,Netral,Setuju,Netral,Netral,Netral,Setuju,Setuju,Netral,Netral,Tidak Setuju,Tidak Setuju,Netral,Tidak Setuju,Netral,Netral,Setuju,Netral,Kadang-Kadang,Sering,Sering,Sering,Sering,Sering,Sering,Sering,Sering,Kadang-Kadang,Peduli,Sering Memastikan,Sering,Sering,Sering,Tahu,Sering,Tidak Setuju,Netral,Tidak Setuju,1.500.000-3.000.000
Perempuan,18 -29 Tahun,Pelajar / Mahasiswa,SMA/Sederajat,2- 3 Platform,TikTok,3-4 Jam,Komunikasi Sosial,Sangat Setuju,Setuju,Tidak Setuju,Tidak Setuju,Tidak Setuju,Tidak Setuju,Tidak Setuju,Setuju,Setuju,Setuju,Tidak Setuju,Tidak Setuju,Setuju,Setuju,Tidak Setuju,Tidak Setuju,Setuju,Tidak Setuju,Netral,Tidak Setuju,Tidak Setuju,Tidak Setuju,Tidak Setuju,Tidak Setuju,Setuju,Setuju,Tidak Setuju,Tidak Setuju,Tidak Setuju,Tidak Setuju,Setuju,Netral,Tidak Setuju,Setuju,Setuju,Setuju,Setuju,Setuju,Tidak Setuju,Setuju,Setuju,Setuju,Setuju,Setuju,Setuju,Setuju,Setuju,Setuju,Tidak Setuju,Tidak Setuju,Setuju,Setuju,Setuju,Tidak Setuju,Tidak Setuju,Setuju,Setuju,Setuju,Setuju,Setuju,Setuju,Jarang,Jarang,Tidak pernah,Kadang-Kadang,Jarang,Jarang,Sering,Jarang,Sering,Jarang,Peduli,Jarang Memastikan,Jarang,Jarang,Sering,Tahu,Sering,Netral,Tidak Setuju,Tidak Setuju,1.500.000-3.000.000
Perempuan,18 -29 Tahun,Pegawai Swasta,S1/D3/D4,4-5 Platform,Instagram,Lebih dari 5 Jam,Edukasi/Informasi,Netral,Netral,Netral,Netral,Netral,Netral,Netral,Netral,Netral,Netral,Netral,Netral,Netral,Netral,Netral,Netral,Netral,Netral,Netral,Netral,Netral,Netral,Netral,Netral,Netral,Netral,Netral,Netral,Netral,Netral,Netral,Netral,Netral,Netral,Netral,Netral,Netral,Netral,Netral,Netral,Netral,Netral,Netral,Netral,Netral,Netral,Netral,Netral,Netral,Netral,Netral,Netral,Netral,Netral,Netral,Netral,Netral,Netral,Netral,Netral,Netral,Kadang-Kadang,Kadang-Kadang,Kadang-Kadang,Kadang-Kadang,Kadang-Kadang,Kadang-Kadang,Kadang-Kadang,Kadang-Kadang,Kadang-Kadang,Kadang-Kadang,Cukup Peduli,Jarang Memastikan,Kadang-Kadang,Kadang-Kadang,Kadang-Kadang,Cukup Tahu,Kadang-Kadang,Setuju,Netral,Netral,500.000-1.500.000
Perempuan,18 -29 Tahun,Pelajar / Mahasiswa,SMA/Sederajat,4-5 Platform,TikTok,Lebih dari 5 Jam,Hiburan/Rekreasi,Tidak Setuju,Netral,Netral,Tidak Setuju,Setuju,Netral,Setuju,Netral,Tidak Setuju,Tidak Setuju,Netral,Tidak Setuju,Netral,Setuju,Tidak Setuju,Netral,Setuju,Setuju,Tidak Setuju,Tidak Setuju,Tidak Setuju,Setuju,Setuju,Netral,Sangat Setuju,Sangat Setuju,Setuju,Tidak Setuju,Tidak Setuju,Netral,Sangat Setuju,Netral,Netral,Netral,Netral,Netral,Netral,Netral,Netral,Netral,Netral,Netral,Netral,Netral,Netral,Netral,Netral,Netral,Netral,Netral,Netral,Netral,Netral,Netral,Netral,Netral,Netral,Netral,Tidak Setuju,Setuju,Netral,Sering,Selalu,Sering,Kadang-Kadang,Kadang-Kadang,Selalu,Selalu,Selalu,Sering,Sering,Sangat Peduli,Sering Memastikan,Sering,Sering,Selalu,Sangat Tahu / Sangat Memahami Langkah-Langkah yang Tepat,Selalu,Netral,Tidak Setuju,Netral,500.000-1.500.000
Perempuan,18 -29 Tahun,Pelajar / Mahasiswa,S1/D3/D4,2- 3 Platform,Instagram,Lebih dari 5 Jam,Hiburan/Rekreasi,Netral,Tidak Setuju,Netral,Tidak Setuju,Setuju,Setuju,Netral,Setuju,Netral,Netral,Netral,Setuju,Netral,Setuju,Tidak Setuju,Tidak Setuju,Setuju,Netral,Setuju,Tidak Setuju,Tidak Setuju,Setuju,Setuju,Netral,Sangat Setuju,Tidak Setuju,Setuju,Tidak Setuju,Sangat Tidak Setuju,Sangat Setuju,Tidak Setuju,Sangat Tidak Setuju,Tidak Setuju,Setuju,Setuju,Setuju,Setuju,Setuju,Tidak Setuju,Tidak Setuju,Netral,Setuju,Netral,Setuju,Netral,Setuju,Netral,Netral,Netral,Setuju,Netral,Setuju,Setuju,Sangat Setuju,Setuju,Tidak Setuju,Tidak Setuju,Netral,Netral,Setuju,Setuju,Jarang,Tidak pernah,Kadang-Kadang,Kadang-Kadang,Kadang-Kadang,Tidak pernah,Sering,Kadang-Kadang,Sering,Kadang-Kadang,Peduli,Jarang Memastikan,Sering,Jarang,Kadang-Kadang,Tahu,Kadang-Kadang,Netral,Tidak Setuju,Tidak Setuju,1.500.000-3.000.000
Laki-Laki,18 -29 Tahun,Pelajar / Mahasiswa,SMA/Sederajat,4-5 Platform,Instagram,Lebih dari 5 Jam,Hiburan/Rekreasi,Setuju,Netral,Netral,Netral,Netral,Netral,Netral,Netral,Netral,Netral,Netral,Netral,Netral,Netral,Netral,Netral,Netral,Netral,Netral,Netral,Netral,Netral,Netral,Netral,Netral,Netral,Netral,Netral,Netral,Netral,Netral,Netral,Netral,Netral,Netral,Netral,Netral,Netral,Netral,Netral,Netral,Netral,Netral,Netral,Netral,Netral,Netral,Netral,Netral,Netral,Netral,Netral,Netral,Netral,Netral,Netral,Netral,Netral,Netral,Netral,Netral,Kadang-Kadang,Kadang-Kadang,Kadang-Kadang,Kadang-Kadang,Kadang-Kadang,Kadang-Kadang,Kadang-Kadang,Kadang-Kadang,Kadang-Kadang,Kadang-Kadang,Cukup Peduli,Kadang Memastikan,Kadang-Kadang,Kadang-Kadang,Kadang-Kadang,Cukup Tahu,Kadang-Kadang,Netral,Netral,Netral,1.500.000-3.000.000
Laki-Laki,18 -29 Tahun,Pelajar / Mahasiswa,SMA/Sederajat,2- 3 Platform,Instagram,2-3 Jam,Hiburan/Rekreasi,Tidak Setuju,Sangat Tidak Setuju,Tidak Setuju,Tidak Setuju,Setuju,Tidak Setuju,Setuju,Netral,Netral,Netral,Netral,Netral,Netral,Netral,Netral,Netral,Netral,Netral,Tidak Setuju,Tidak Setuju,Setuju,Netral,Setuju,Tidak Setuju,Tidak Setuju,Netral,Setuju,Setuju,Setuju,Tidak Setuju,Netral,Netral,Netral,Setuju,Netral,Setuju,Netral,Tidak Setuju,Tidak Setuju,Tidak Setuju,Setuju,Netral,Netral,Setuju,Setuju,Netral,Netral,Netral,Netral,Setuju,Setuju,Setuju,Tidak Setuju,Setuju,Setuju,Setuju,Tidak Setuju,Tidak Setuju,Netral,Tidak Setuju,Netral,Sering,Kadang-Kadang,Kadang-Kadang,Sering,Kadang-Kadang,Kadang-Kadang,Kadang-Kadang,Kadang-Kadang,Kadang-Kadang,Kadang-Kadang,Cukup Peduli,Sering Memastikan,Kadang-Kadang,Jarang,Kadang-Kadang,Tahu,Sering,Netral,Netral,Netral,3.000.000-5.000.000
Laki-Laki,18 -29 Tahun,Pelajar / Mahasiswa,SMA/Sederajat,2- 3 Platform,Instagram,2-3 Jam,Edukasi/Informasi,Netral,Netral,Netral,Netral,Netral,Netral,Netral,Netral,Netral,Netral,Netral,Netral,Netral,Netral,Netral,Netral,Netral,Netral,Netral,Netral,Netral,Netral,Netral,Netral,Netral,Netral,Netral,Netral,Netral,Netral,Netral,Netral,Netral,Netral,Netral,Netral,Netral,Netral,Netral,Netral,Netral,Netral,Netral,Netral,Netral,Netral,Netral,Netral,Netral,Netral,Netral,Netral,Netral,Netral,Netral,Netral,Netral,Netral,Netral,Netral,Netral,Kadang-Kadang,Kadang-Kadang,Kadang-Kadang,Kadang-Kadang,Kadang-Kadang,Kadang-Kadang,Kadang-Kadang,Kadang-Kadang,Kadang-Kadang,Kadang-Kadang,Cukup Peduli,Kadang Memastikan,Kadang-Kadang,Kadang-Kadang,Kadang-Kadang,Cukup Tahu,Kadang-Kadang,Netral,Netral,Netral,Di bawah 500.000
Laki-Laki,18 -29 Tahun,Pelajar / Mahasiswa,S1/D3/D4,1 Platform,Instagram,1 -2 Jam,Edukasi/Informasi,Netral,Netral,Netral,Netral,Netral,Netral,Netral,Netral,Netral,Netral,Netral,Netral,Netral,Netral,Netral,Netral,Netral,Netral,Netral,Netral,Netral,Netral,Netral,Netral,Netral,Netral,Netral,Netral,Netral,Netral,Netral,Netral,Netral,Netral,Netral,Netral,Netral,Netral,Netral,Netral,Netral,Netral,Netral,Netral,Netral,Netral,Netral,Netral,Netral,Netral,Netral,Netral,Netral,Netral,Netral,Netral,Netral,Netral,Netral,Netral,Netral,Kadang-Kadang,Kadang-Kadang,Kadang-Kadang,Kadang-Kadang,Kadang-Kadang,Kadang-Kadang,Kadang-Kadang,Kadang-Kadang,Kadang-Kadang,Kadang-Kadang,Cukup Peduli,Kadang Memastikan,Kadang-Kadang,Kadang-Kadang,Kadang-Kadang,Cukup Tahu,Kadang-Kadang,Netral,Netral,Netral,Di bawah 500.000
Laki-Laki,18 -29 Tahun,Pelajar / Mahasiswa,SMA/Sederajat,2- 3 Platform,Instagram,1 -2 Jam,Komunikasi Sosial,Netral,Netral,Netral,Netral,Netral,Netral,Netral,Netral,Netral,Netral,Netral,Netral,Netral,Netral,Netral,Netral,Netral,Netral,Netral,Netral,Netral,Netral,Netral,Netral,Netral,Netral,Netral,Netral,Netral,Netral,Netral,Netral,Netral,Netral,Netral,Netral,Netral,Netral,Netral,Netral,Netral,Netral,Netral,Netral,Netral,Netral,Netral,Netral,Netral,Netral,Netral,Netral,Netral,Netral,Netral,Netral,Netral,Netral,Netral,Netral,Netral,Kadang-Kadang,Kadang-Kadang,Kadang-Kadang,Kadang-Kadang,Kadang-Kadang,Kadang-Kadang,Kadang-Kadang,Kadang-Kadang,Kadang-Kadang,Kadang-Kadang,Cukup Peduli,Kadang Memastikan,Kadang-Kadang,Kadang-Kadang,Kadang-Kadang,Cukup Tahu,Kadang-Kadang,Netral,Netral,Netral,500.000-1.500.000
Laki-Laki,18 -29 Tahun,Pelajar / Mahasiswa,S1/D3/D4,2- 3 Platform,TikTok,3-4 Jam,Hiburan/Rekreasi,Tidak Setuju,Tidak Setuju,Netral,Netral,Netral,Netral,Netral,Netral,Tidak Setuju,Tidak Setuju,Netral,Netral,Netral,Netral,Netral,Netral,Netral,Netral,Netral,Netral,Netral,Netral,Netral,Netral,Netral,Netral,Netral,Netral,Netral,Netral,Netral,Netral,Netral,Netral,Netral,Netral,Netral,Netral,Netral,Netral,Netral,Netral,Netral,Netral,Netral,Netral,Netral,Netral,Netral,Netral,Netral,Netral,Netral,Netral,Netral,Netral,Netral,Netral,Netral,Netral,Netral,Sering,Selalu,Sering,Sering,Sering,Sering,Sering,Sering,Kadang-Kadang,Sering,Peduli,Sering Memastikan,Sering,Sering,Sering,Tahu,Sering,Netral,Netral,Netral,1.500.000-3.000.000
Perempuan,18 -29 Tahun,Pelajar / Mahasiswa,SMA/Sederajat,4-5 Platform,Instagram,3-4 Jam,Hiburan/Rekreasi,Netral,Tidak Setuju,Tidak Setuju,Netral,Setuju,Tidak Setuju,Netral,Setuju,Netral,Tidak Setuju,Setuju,Setuju,Tidak Setuju,Netral,Setuju,Tidak Setuju,Setuju,Tidak Setuju,Tidak Setuju,Netral,Netral,Setuju,Setuju,Netral,Setuju,Setuju,Setuju,Netral,Tidak Setuju,Netral,Setuju,Tidak Setuju,Netral,Netral,Tidak Setuju,Setuju,Setuju,Setuju,Netral,Tidak Setuju,Netral,Setuju,Tidak Setuju,Setuju,Netral,Setuju,Setuju,Tidak Setuju,Setuju,Setuju,Setuju,Tidak Setuju,Setuju,Netral,Setuju,Setuju,Setuju,Setuju,Netral,Netral,Netral,Sering,Jarang,Kadang-Kadang,Kadang-Kadang,Sering,Sering,Kadang-Kadang,Kadang-Kadang,Sering,Kadang-Kadang,Peduli,Sangat/Selalu Memastikan,Kadang-Kadang,Sering,Kadang-Kadang,Cukup Tahu,Kadang-Kadang,Setuju,Tidak Setuju,Tidak Setuju,1.500.000-3.000.000
Laki-Laki,18 -29 Tahun,Pelajar / Mahasiswa,SMA/Sederajat,4-5 Platform,Instagram,Kurang dari 1 jam,Hiburan/Rekreasi,Netral,Netral,Netral,Netral,Netral,Netral,Netral,Netral,Tidak Setuju,Tidak Setuju,Netral,Netral,Netral,Netral,Sangat Tidak Setuju,Tidak Setuju,Tidak Setuju,Tidak Setuju,Tidak Setuju,Tidak Setuju,Tidak Setuju,Sangat Tidak Setuju,Tidak Setuju,Tidak Setuju,Sangat Tidak Setuju,Sangat Tidak Setuju,Sangat Tidak Setuju,Sangat Tidak Setuju,Sangat Tidak Setuju,Sangat Tidak Setuju,Netral,Sangat Tidak Setuju,Tidak Setuju,Tidak Setuju,Tidak Setuju,Tidak Setuju,Tidak Setuju,Tidak Setuju,Tidak Setuju,Tidak Setuju,Tidak Setuju,Tidak Setuju,Sangat Tidak Setuju,Sangat Tidak Setuju,Sangat Tidak Setuju,Sangat Tidak Setuju,Sangat Tidak Setuju,Sangat Tidak Setuju,Sangat Tidak Setuju,Tidak Setuju,Sangat Tidak Setuju,Sangat Tidak Setuju,Sangat Tidak Setuju,Sangat Tidak Setuju,Tidak Setuju,Tidak Setuju,Tidak Setuju,Tidak Setuju,Tidak Setuju,Tidak Setuju,Tidak Setuju,Kadang-Kadang,Selalu,Selalu,Selalu,Selalu,Selalu,Selalu,Selalu,Selalu,Kadang-Kadang,Sangat Peduli,Sangat/Selalu Memastikan,Selalu,Selalu,Selalu,Sangat Tahu / Sangat Memahami Langkah-Langkah yang Tepat,Selalu,Sangat Tidak Setuju,Sangat Tidak Setuju,Tidak Setuju,500.000-1.500.000
Laki-Laki,18 -29 Tahun,Pelajar / Mahasiswa,S1/D3/D4,Lebih dari 5 Platform,Youtube,2-3 Jam,Hiburan/Rekreasi,Sangat Tidak Setuju,Sangat Tidak Setuju,Sangat Tidak Setuju,Sangat Tidak Setuju,Sangat Tidak Setuju,Tidak Setuju,Sangat Tidak Setuju,Sangat Tidak Setuju,Sangat Tidak Setuju,Sangat Tidak Setuju,Tidak Setuju,Sangat Tidak Setuju,Tidak Setuju,Tidak Setuju,Tidak Setuju,Sangat Tidak Setuju,Sangat Tidak Setuju,Sangat Tidak Setuju,Sangat Tidak Setuju,Tidak Setuju,Sangat Tidak Setuju,Tidak Setuju,Sangat Tidak Setuju,Sangat Tidak Setuju,Netral,Tidak Setuju,Tidak Setuju,Sangat Tidak Setuju,Sangat Tidak Setuju,Sangat Tidak Setuju,Sangat Tidak Setuju,Tidak Setuju,Sangat Tidak Setuju,Netral,Sangat Tidak Setuju,Netral,Sangat Tidak Setuju,Sangat Tidak Setuju,Sangat Tidak Setuju,Sangat Tidak Setuju,Sangat Tidak Setuju,Sangat Tidak Setuju,Sangat Tidak Setuju,Sangat Tidak Setuju,Sangat Tidak Setuju,Sangat Tidak Setuju,Netral,Netral,Tidak Setuju,Sangat Tidak Setuju,Sangat Tidak Setuju,Netral,Sangat Tidak Setuju,Sangat Tidak Setuju,Sangat Tidak Setuju,Sangat Tidak Setuju,Sangat Tidak Setuju,Sangat Tidak Setuju,Sangat Tidak Setuju,Sangat Tidak Setuju,Sangat Tidak Setuju,Selalu,Sering,Sering,Sering,Sering,Selalu,Sering,Sering,Sering,Sering,Peduli,Kadang Memastikan,Kadang-Kadang,Selalu,Selalu,Sangat Tahu / Sangat Memahami Langkah-Langkah yang Tepat,Tidak Pernah,Sangat Tidak Setuju,Sangat Tidak Setuju,Tidak Setuju,di atas 10.000.000
Laki-Laki,18 -29 Tahun,Pelajar / Mahasiswa,SMA/Sederajat,2- 3 Platform,Instagram,4-5 Jam,Hiburan/Rekreasi,Netral,Tidak Setuju,Netral,Netral,Netral,Netral,Netral,Tidak Setuju,Tidak Setuju,Netral,Netral,Netral,Netral,Netral,Tidak Setuju,Netral,Setuju,Netral,Netral,Tidak Setuju,Netral,Netral,Netral,Netral,Netral,Netral,Netral,Netral,Netral,Netral,Netral,Netral,Netral,Netral,Netral,Netral,Netral,Netral,Netral,Netral,Netral,Netral,Netral,Netral,Netral,Netral,Netral,Netral,Netral,Netral,Netral,Netral,Netral,Tidak Setuju,Netral,Netral,Netral,Netral,Netral,Tidak Setuju,Netral,Kadang-Kadang,Sering,Sering,Sering,Sering,Sering,Sering,Kadang-Kadang,Sering,Jarang,Peduli,Sering Memastikan,Sering,Kadang-Kadang,Sering,Sangat Tahu / Sangat Memahami Langkah-Langkah yang Tepat,Selalu,Netral,Tidak Setuju,Tidak Setuju,1.500.000-3.000.000
Perempuan,18 -29 Tahun,Pelajar / Mahasiswa,SMA/Sederajat,2- 3 Platform,WhatsApp,Lebih dari 5 Jam,Komunikasi Sosial,Tidak Setuju,Netral,Netral,Netral,Setuju,Tidak Setuju,Tidak Setuju,Netral,Tidak Setuju,Netral,Tidak Setuju,Tidak Setuju,Tidak Setuju,Netral,Netral,Netral,Netral,Tidak Setuju,Tidak Setuju,Setuju,Tidak Setuju,Netral,Tidak Setuju,Tidak Setuju,Tidak Setuju,Tidak Setuju,Tidak Setuju,Tidak Setuju,Tidak Setuju,Tidak Setuju,Netral,Netral,Netral,Netral,Netral,Netral,Netral,Netral,Netral,Netral,Netral,Netral,Netral,Netral,Netral,Netral,Netral,Netral,Netral,Netral,Netral,Netral,Netral,Netral,Netral,Netral,Netral,Netral,Netral,Netral,Netral,Kadang-Kadang,Kadang-Kadang,Kadang-Kadang,Kadang-Kadang,Kadang-Kadang,Kadang-Kadang,Kadang-Kadang,Kadang-Kadang,Kadang-Kadang,Kadang-Kadang,Cukup Peduli,Jarang Memastikan,Kadang-Kadang,Kadang-Kadang,Kadang-Kadang,Kurang Tahu,Kadang-Kadang,Tidak Setuju,Netral,Netral,1.500.000-3.000.000
Laki-Laki,18 -29 Tahun,Pelajar / Mahasiswa,SMA/Sederajat,2- 3 Platform,Instagram,3-4 Jam,Hiburan/Rekreasi,Netral,Tidak Setuju,Tidak Setuju,Netral,Netral,Netral,Netral,Netral,Netral,Netral,Tidak Setuju,Tidak Setuju,Netral,Netral,Tidak Setuju,Tidak Setuju,Setuju,Tidak Setuju,Tidak Setuju,Tidak Setuju,Tidak Setuju,Netral,Tidak Setuju,Tidak Setuju,Netral,Tidak Setuju,Setuju,Tidak Setuju,Tidak Setuju,Netral,Setuju,Tidak Setuju,Tidak Setuju,Netral,Netral,Netral,Setuju,Netral,Setuju,Tidak Setuju,Tidak Setuju,Netral,Netral,Tidak Setuju,Netral,Tidak Setuju,Tidak Setuju,Netral,Netral,Tidak Setuju,Netral,Netral,Tidak Setuju,Tidak Setuju,Netral,Netral,Tidak Setuju,Tidak Setuju,Tidak Setuju,Netral,Netral,Sering,Selalu,Kadang-Kadang,Kadang-Kadang,Selalu,Kadang-Kadang,Sering,Kadang-Kadang,Selalu,Jarang,Peduli,Kadang Memastikan,Kadang-Kadang,Kadang-Kadang,Sering,Tahu,Sering,Tidak Setuju,Tidak Setuju,Netral,1.500.000-3.000.000
Laki-Laki,18 -29 Tahun,Pelajar / Mahasiswa,SMA/Sederajat,Lebih dari 5 Platform,Instagram,2-3 Jam,Hiburan/Rekreasi,Sangat Tidak Setuju,Sangat Tidak Setuju,Tidak Setuju,Sangat Tidak Setuju,Netral,Tidak Setuju,Sangat Tidak Setuju,Tidak Setuju,Sangat Tidak Setuju,Sangat Tidak Setuju,Tidak Setuju,Netral,Sangat Tidak Setuju,Sangat Tidak Setuju,Sangat Tidak Setuju,Sangat Tidak Setuju,Setuju,Netral,Tidak Setuju,Sangat Tidak Setuju,Sangat Tidak Setuju,Netral,Tidak Setuju,Netral,Sangat Tidak Setuju,Tidak Setuju,Netral,Tidak Setuju,Tidak Setuju,Setuju,Netral,Netral,Netral,Tidak Setuju,Netral,Tidak Setuju,Tidak Setuju,Setuju,Setuju,Sangat Tidak Setuju,Netral,Sangat Tidak Setuju,Sangat Tidak Setuju,Sangat Tidak Setuju,Netral,Tidak Setuju,Netral,Sangat Tidak Setuju,Sangat Tidak Setuju,Tidak Setuju,Tidak Setuju,Netral,Sangat Tidak Setuju,Netral,Tidak Setuju,Sangat Tidak Setuju,Netral,Sangat Tidak Setuju,Netral,Tidak Setuju,Netral,Selalu,Selalu,Selalu,Selalu,Selalu,Kadang-Kadang,Selalu,Sering,Selalu,Kadang-Kadang,Cukup Peduli,Sangat/Selalu Memastikan,Jarang,Selalu,Selalu,Sangat Tahu / Sangat Memahami Langkah-Langkah yang Tepat,Selalu,Tidak Setuju,Sangat Tidak Setuju,Netral,1.500.000-3.000.000
Laki-Laki,18 -29 Tahun,Pelajar / Mahasiswa,S1/D3/D4,2- 3 Platform,Instagram,Lebih dari 5 Jam,Edukasi/Informasi,Tidak Setuju,Sangat Tidak Setuju,Sangat Tidak Setuju,Sangat Tidak Setuju,Sangat Tidak Setuju,Sangat Tidak Setuju,Sangat Tidak Setuju,Sangat Tidak Setuju,Sangat Tidak Setuju,Sangat Tidak Setuju,Sangat Tidak Setuju,Netral,Netral,Sangat Tidak Setuju,Tidak Setuju,Sangat Tidak Setuju,Tidak Setuju,Sangat Tidak Setuju,Sangat Tidak Setuju,Sangat Tidak Setuju,Tidak Setuju,Sangat Tidak Setuju,Sangat Tidak Setuju,Sangat Tidak Setuju,Netral,Sangat Setuju,Netral,Sangat Tidak Setuju,Sangat Tidak Setuju,Tidak Setuju,Tidak Setuju,Tidak Setuju,Tidak Setuju,Sangat Tidak Setuju,Sangat Setuju,Sangat Tidak Setuju,Sangat Tidak Setuju,Sangat Tidak Setuju,Sangat Tidak Setuju,Sangat Tidak Setuju,Sangat Tidak Setuju,Sangat Tidak Setuju,Sangat Tidak Setuju,Sangat Tidak Setuju,Sangat Tidak Setuju,Sangat Tidak Setuju,Tidak Setuju,Sangat Tidak Setuju,Sangat Tidak Setuju,Sangat Tidak Setuju,Sangat Tidak Setuju,Sangat Tidak Setuju,Sangat Tidak Setuju,Netral,Netral,Sangat Tidak Setuju,Tidak Setuju,Sangat Tidak Setuju,Sangat Tidak Setuju,Netral,Setuju,Kadang-Kadang,Jarang,Jarang,Jarang,Sering,Tidak pernah,Sering,Jarang,Jarang,Tidak pernah,Cukup Peduli,Sangat Tidak Memastikan,Jarang,Sering,Jarang,Sangat Tahu / Sangat Memahami Langkah-Langkah yang Tepat,Selalu,Tidak Setuju,Sangat Tidak Setuju,Sangat Setuju,1.500.000-3.000.000
Perempuan,18 -29 Tahun,Pelajar / Mahasiswa,SMA/Sederajat,Lebih dari 5 Platform,Instagram,1 -2 Jam,Hiburan/Rekreasi,Netral,Tidak Setuju,Tidak Setuju,Sangat Tidak Setuju,Netral,Netral,Netral,Netral,Tidak Setuju,Setuju,Setuju,Tidak Setuju,Netral,Netral,Tidak Setuju,Netral,Setuju,Setuju,Setuju,Setuju,Netral,Tidak Setuju,Setuju,Netral,Tidak Setuju,Setuju,Setuju,Tidak Setuju,Netral,Tidak Setuju,Netral,Netral,Tidak Setuju,Tidak Setuju,Tidak Setuju,Netral,Tidak Setuju,Netral,Netral,Netral,Netral,Netral,Netral,Netral,Tidak Setuju,Netral,Netral,Netral,Netral,Tidak Setuju,Tidak Setuju,Tidak Setuju,Netral,Sangat Tidak Setuju,Tidak Setuju,Tidak Setuju,Netral,Netral,Netral,Netral,Netral,Jarang,Jarang,Jarang,Jarang,Sering,Jarang,Jarang,Jarang,Sering,Tidak pernah,Cukup Peduli,Sangat Tidak Memastikan,Sering,Sering,Sering,Sangat Tahu / Sangat Memahami Langkah-Langkah yang Tepat,Sering,Netral,Netral,Netral,1.500.000-3.000.000
Laki-Laki,18 -29 Tahun,Freelance / Pekerja Lepas,SMA/Sederajat,Lebih dari 5 Platform,Instagram,2-3 Jam,Edukasi/Informasi,Tidak Setuju,Tidak Setuju,Tidak Setuju,Tidak Setuju,Tidak Setuju,Tidak Setuju,Sangat Tidak Setuju,Sangat Tidak Setuju,Sangat Tidak Setuju,Sangat Tidak Setuju,Netral,Tidak Setuju,Sangat Tidak Setuju,Tidak Setuju,Tidak Setuju,Tidak Setuju,Setuju,Tidak Setuju,Tidak Setuju,Sangat Tidak Setuju,Tidak Setuju,Setuju,Tidak Setuju,Sangat Tidak Setuju,Setuju,Tidak Setuju,Sangat Tidak Setuju,Sangat Tidak Setuju,Sangat Tidak Setuju,Netral,Netral,Sangat Tidak Setuju,Sangat Tidak Setuju,Tidak Setuju,Setuju,Netral,Sangat Tidak Setuju,Setuju,Sangat Tidak Setuju,Sangat Tidak Setuju,Sangat Tidak Setuju,Netral,Sangat Tidak Setuju,Sangat Tidak Setuju,Sangat Tidak Setuju,Sangat Tidak Setuju,Tidak Setuju,Sangat Tidak Setuju,Sangat Tidak Setuju,Sangat Tidak Setuju,Sangat Tidak Setuju,Tidak Setuju,Tidak Setuju,Sangat Tidak Setuju,Sangat Tidak Setuju,Sangat Tidak Setuju,Sangat Tidak Setuju,Sangat Tidak Setuju,Sangat Tidak Setuju,Sangat Tidak Setuju,Sangat Tidak Setuju,Selalu,Selalu,Selalu,Selalu,Selalu,Selalu,Selalu,Sering,Sering,Sering,Sangat Peduli,Sangat/Selalu Memastikan,Selalu,Selalu,Selalu,Sangat Tahu / Sangat Memahami Langkah-Langkah yang Tepat,Selalu,Tidak Setuju,Sangat Tidak Setuju,Sangat Tidak Setuju,1.500.000-3.000.000
Laki-Laki,18 -29 Tahun,Tidak Bekerja,SMA/Sederajat,2- 3 Platform,Youtube,Lebih dari 5 Jam,Hiburan/Rekreasi,Netral,Netral,Netral,Netral,Netral,Netral,Netral,Netral,Netral,Netral,Netral,Netral,Netral,Netral,Netral,Netral,Tidak Setuju,Tidak Setuju,Sangat Tidak Setuju,Tidak Setuju,Tidak Setuju,Setuju,Tidak Setuju,Tidak Setuju,Tidak Setuju,Netral,Setuju,Tidak Setuju,Tidak Setuju,Netral,Netral,Netral,Tidak Setuju,Netral,Tidak Setuju,Sangat Tidak Setuju,Tidak Setuju,Tidak Setuju,Netral,Netral,Tidak Setuju,Tidak Setuju,Netral,Tidak Setuju,Netral,Netral,Tidak Setuju,Netral,Tidak Setuju,Tidak Setuju,Netral,Netral,Netral,Setuju,Netral,Netral,Netral,Netral,Netral,Netral,Netral,Kadang-Kadang,Tidak pernah,Tidak pernah,Jarang,Kadang-Kadang,Selalu,Sering,Kadang-Kadang,Sering,Tidak pernah,Sangat Peduli,Jarang Memastikan,Sering,Sering,Jarang,Kurang Tahu,Sering,Netral,Tidak Setuju,Netral,3.000.000-5.000.000
Laki-Laki,18 -29 Tahun,Pelajar / Mahasiswa,S1/D3/D4,2- 3 Platform,Youtube,Kurang dari 1 jam,Hiburan/Rekreasi,Netral,Netral,Netral,Netral,Netral,Netral,Netral,Netral,Netral,Netral,Netral,Netral,Netral,Netral,Netral,Netral,Netral,Netral,Netral,Netral,Netral,Netral,Netral,Netral,Netral,Netral,Netral,Netral,Netral,Netral,Netral,Netral,Netral,Netral,Netral,Netral,Netral,Netral,Netral,Netral,Netral,Netral,Netral,Netral,Netral,Netral,Netral,Netral,Netral,Netral,Netral,Netral,Netral,Netral,Netral,Netral,Netral,Netral,Netral,Netral,Netral,Kadang-Kadang,Kadang-Kadang,Kadang-Kadang,Kadang-Kadang,Kadang-Kadang,Kadang-Kadang,Kadang-Kadang,Kadang-Kadang,Kadang-Kadang,Kadang-Kadang,Cukup Peduli,Kadang Memastikan,Kadang-Kadang,Kadang-Kadang,Kadang-Kadang,Cukup Tahu,Kadang-Kadang,Netral,Netral,Netral,Di bawah 500.000
Laki-Laki,18 -29 Tahun,Pelajar / Mahasiswa,SMA/Sederajat,2- 3 Platform,TikTok,2-3 Jam,Hiburan/Rekreasi,Netral,Netral,Netral,Netral,Netral,Netral,Netral,Netral,Netral,Netral,Netral,Netral,Netral,Netral,Netral,Netral,Tidak Setuju,Netral,Tidak Setuju,Tidak Setuju,Tidak Setuju,Tidak Setuju,Netral,Netral,Netral,Netral,Netral,Sangat Setuju,Netral,Netral,Tidak Setuju,Netral,Netral,Netral,Netral,Netral,Netral,Netral,Netral,Netral,Netral,Netral,Netral,Netral,Netral,Netral,Netral,Netral,Netral,Netral,Netral,Netral,Netral,Netral,Netral,Netral,Netral,Netral,Netral,Netral,Netral,Kadang-Kadang,Kadang-Kadang,Sering,Sering,Sering,Jarang,Kadang-Kadang,Kadang-Kadang,Jarang,Kadang-Kadang,Cukup Peduli,Kadang Memastikan,Sering,Jarang,Kadang-Kadang,Tahu,Sering,Netral,Netral,Netral,1.500.000-3.000.000
Perempuan,18 -29 Tahun,Pelajar / Mahasiswa,SMA/Sederajat,4-5 Platform,TikTok,3-4 Jam,Hiburan/Rekreasi,Netral,Tidak Setuju,Netral,Netral,Setuju,Netral,Netral,Tidak Setuju,Netral,Netral,Netral,Netral,Netral,Netral,Netral,Netral,Netral,Tidak Setuju,Netral,Tidak Setuju,Tidak Setuju,Netral,Netral,Netral,Setuju,Netral,Netral,Netral,Netral,Netral,Netral,Netral,Netral,Netral,Netral,Netral,Netral,Netral,Netral,Netral,Netral,Netral,Netral,Netral,Netral,Netral,Netral,Netral,Netral,Netral,Netral,Netral,Netral,Setuju,Tidak Setuju,Netral,Netral,Netral,Netral,Netral,Netral,Sering,Sering,Sering,Kadang-Kadang,Kadang-Kadang,Sering,Sering,Kadang-Kadang,Kadang-Kadang,Kadang-Kadang,Peduli,Sering Memastikan,Sering,Sering,Kadang-Kadang,Tahu,Sering,Netral,Netral,Netral,500.000-1.500.000
Laki-Laki,Kurang dari 18 tahun,Pelajar / Mahasiswa,S1/D3/D4,2- 3 Platform,Youtube,3-4 Jam,Hiburan/Rekreasi,Netral,Netral,Tidak Setuju,Netral,Tidak Setuju,Netral,Tidak Setuju,Netral,Netral,Netral,Netral,Netral,Netral,Netral,Setuju,Setuju,Tidak Setuju,Setuju,Setuju,Setuju,Netral,Netral,Setuju,Setuju,Setuju,Netral,Setuju,Tidak Setuju,Netral,Netral,Setuju,Netral,Netral,Setuju,Netral,Setuju,Netral,Setuju,Netral,Setuju,Setuju,Setuju,Setuju,Netral,Netral,Setuju,Netral,Netral,Netral,Setuju,Netral,Netral,Setuju,Netral,Setuju,Netral,Setuju,Netral,Netral,Netral,Setuju,Sering,Kadang-Kadang,Kadang-Kadang,Kadang-Kadang,Kadang-Kadang,Sering,Sering,Jarang,Sering,Kadang-Kadang,Peduli,Kadang Memastikan,Kadang-Kadang,Kadang-Kadang,Sering,Tahu,Sering,Netral,Setuju,Setuju,500.000-1.500.000
Laki-Laki,Kurang dari 18 tahun,Pelajar / Mahasiswa,SMA/Sederajat,2- 3 Platform,Instagram,1 -2 Jam,Hiburan/Rekreasi,Tidak Setuju,Netral,Netral,Netral,Netral,Netral,Netral,Netral,Netral,Netral,Netral,Netral,Netral,Netral,Netral,Tidak Setuju,Tidak Setuju,Netral,Setuju,Netral,Tidak Setuju,Setuju,Netral,Netral,Setuju,Tidak Setuju,Netral,Netral,Tidak Setuju,Netral,Netral,Setuju,Setuju,Netral,Netral,Netral,Setuju,Netral,Netral,Netral,Netral,Setuju,Netral,Setuju,Netral,Netral,Netral,Netral,Netral,Tidak Setuju,Tidak Setuju,Netral,Netral,Netral,Netral,Netral,Netral,Netral,Netral,Netral,Netral,Sering,Kadang-Kadang,Sering,Kadang-Kadang,Sering,Jarang,Sering,Kadang-Kadang,Selalu,Jarang,Cukup Peduli,Sering Memastikan,Kadang-Kadang,Kadang-Kadang,Kadang-Kadang,Tahu,Kadang-Kadang,Tidak Setuju,Setuju,Netral,500.000-1.500.000
Laki-Laki,18 -29 Tahun,Pelajar / Mahasiswa,SMA/Sederajat,Lebih dari 5 Platform,Instagram,1 -2 Jam,Hiburan/Rekreasi,Netral,Netral,Netral,Netral,Netral,Netral,Netral,Netral,Netral,Netral,Netral,Netral,Netral,Netral,Netral,Netral,Setuju,Setuju,Setuju,Setuju,Setuju,Setuju,Setuju,Setuju,Setuju,Setuju,Setuju,Setuju,Setuju,Setuju,Setuju,Setuju,Setuju,Setuju,Setuju,Setuju,Setuju,Setuju,Setuju,Setuju,Setuju,Setuju,Netral,Netral,Netral,Netral,Netral,Netral,Netral,Netral,Netral,Netral,Netral,Netral,Netral,Netral,Netral,Netral,Netral,Netral,Netral,Kadang-Kadang,Kadang-Kadang,Kadang-Kadang,Selalu,Kadang-Kadang,Kadang-Kadang,Kadang-Kadang,Kadang-Kadang,Kadang-Kadang,Kadang-Kadang,Cukup Peduli,Kadang Memastikan,Kadang-Kadang,Kadang-Kadang,Kadang-Kadang,Cukup Tahu,Kadang-Kadang,Netral,Setuju,Netral,500.000-1.500.000
Laki-Laki,18 -29 Tahun,Pelajar / Mahasiswa,SMA/Sederajat,1 Platform,WhatsApp,1 -2 Jam,Komunikasi Sosial,Tidak Setuju,Sangat Tidak Setuju,Tidak Setuju,Netral,Tidak Setuju,Tidak Setuju,Tidak Setuju,Tidak Setuju,Sangat Tidak Setuju,Netral,Netral,Tidak Setuju,Sangat Tidak Setuju,Netral,Sangat Tidak Setuju,Setuju,Tidak Setuju,Sangat Tidak Setuju,Sangat Tidak Setuju,Tidak Setuju,Tidak Setuju,Sangat Tidak Setuju,Sangat Tidak Setuju,Sangat Tidak Setuju,Sangat Tidak Setuju,Sangat Tidak Setuju,Netral,Tidak Setuju,Netral,Netral,Netral,Netral,Setuju,Setuju,Tidak Setuju,Setuju,Netral,Sangat Setuju,Netral,Netral,Netral,Setuju,Sangat Tidak Setuju,Sangat Tidak Setuju,Sangat Tidak Setuju,Tidak Setuju,Sangat Tidak Setuju,Tidak Setuju,Tidak Setuju,Tidak Setuju,Sangat Tidak Setuju,Sangat Tidak Setuju,Sangat Tidak Setuju,Sangat Tidak Setuju,Tidak Setuju,Sangat Tidak Setuju,Tidak Setuju,Sangat Tidak Setuju,Sangat Tidak Setuju,Sangat Tidak Setuju,Sangat Tidak Setuju,Selalu,Selalu,Jarang,Jarang,Sering,Sering,Sering,Sering,Sering,Sering,Sangat Peduli,Sering Memastikan,Tidak Pernah,Selalu,Selalu,Tahu,Selalu,Tidak Setuju,Tidak Setuju,Sangat Tidak Setuju,500.000-1.500.000
Laki-Laki,18 -29 Tahun,Pelajar / Mahasiswa,SMA/Sederajat,4-5 Platform,discord,Lebih dari 5 Jam,Komunikasi Sosial,Sangat Tidak Setuju,Tidak Setuju,Tidak Setuju,Tidak Setuju,Tidak Setuju,Tidak Setuju,Tidak Setuju,Tidak Setuju,Tidak Setuju,Tidak Setuju,Tidak Setuju,Tidak Setuju,Tidak Setuju,Tidak Setuju,Tidak Setuju,Tidak Setuju,Tidak Setuju,Tidak Setuju,Tidak Setuju,Tidak Setuju,Tidak Setuju,Tidak Setuju,Tidak Setuju,Tidak Setuju,Tidak Setuju,Tidak Setuju,Tidak Setuju,Tidak Setuju,Sangat Tidak Setuju,Tidak Setuju,Tidak Setuju,Tidak Setuju,Tidak Setuju,Netral,Tidak Setuju,Tidak Setuju,Tidak Setuju,Netral,Netral,Netral,Netral,Netral,Netral,Netral,Tidak Setuju,Tidak Setuju,Tidak Setuju,Tidak Setuju,Sangat Tidak Setuju,Tidak Setuju,Tidak Setuju,Tidak Setuju,Tidak Setuju,Tidak Setuju,Tidak Setuju,Netral,Sangat Tidak Setuju,Sangat Tidak Setuju,Sangat Tidak Setuju,Sangat Tidak Setuju,Netral,Sering,Sering,Kadang-Kadang,Kadang-Kadang,Kadang-Kadang,Kadang-Kadang,Selalu,Selalu,Sering,Kadang-Kadang,Cukup Peduli,Kadang Memastikan,Kadang-Kadang,Kadang-Kadang,Kadang-Kadang,Cukup Tahu,Kadang-Kadang,Tidak Setuju,Sangat Tidak Setuju,Netral,1.500.000-3.000.000
Perempuan,18 -29 Tahun,Pelajar / Mahasiswa,S1/D3/D4,Lebih dari 5 Platform,X (Twitter),Lebih dari 5 Jam,Hiburan/Rekreasi,Sangat Tidak Setuju,Netral,Netral,Netral,Netral,Netral,Netral,Netral,Netral,Netral,Netral,Netral,Netral,Netral,Netral,Netral,Netral,Sangat Setuju,Sangat Tidak Setuju,Sangat Tidak Setuju,Tidak Setuju,Netral,Netral,Netral,Netral,Netral,Netral,Netral,Tidak Setuju,Netral,Tidak Setuju,Tidak Setuju,Sangat Tidak Setuju,Tidak Setuju,Setuju,Netral,Tidak Setuju,Netral,Netral,Netral,Netral,Netral,Tidak Setuju,Tidak Setuju,Tidak Setuju,Tidak Setuju,Tidak Setuju,Tidak Setuju,Tidak Setuju,Tidak Setuju,Tidak Setuju,Tidak Setuju,Tidak Setuju,Sangat Tidak Setuju,Sangat Tidak Setuju,Sangat Tidak Setuju,Tidak Setuju,Netral,Netral,Tidak Setuju,Netral,Jarang,Jarang,Sering,Sering,Kadang-Kadang,Kadang-Kadang,Jarang,Kadang-Kadang,Kadang-Kadang,Kadang-Kadang,Peduli,Sering Memastikan,Kadang-Kadang,Kadang-Kadang,Selalu,Sangat Tahu / Sangat Memahami Langkah-Langkah yang Tepat,Selalu,Netral,Netral,Netral,500.000-1.500.000
Laki-Laki,18 -29 Tahun,Pelajar / Mahasiswa,SMA/Sederajat,4-5 Platform,TikTok,3-4 Jam,Hiburan/Rekreasi,Setuju,Setuju,Netral,Netral,Setuju,Netral,Tidak Setuju,Netral,Netral,Tidak Setuju,Netral,Netral,Netral,Netral,Setuju,Netral,Setuju,Tidak Setuju,Setuju,Netral,Netral,Setuju,Netral,Setuju,Sangat Setuju,Setuju,Setuju,Netral,Netral,Netral,Setuju,Netral,Netral,Setuju,Setuju,Netral,Setuju,Setuju,Setuju,Netral,Setuju,Setuju,Setuju,Setuju,Setuju,Setuju,Setuju,Netral,Netral,Netral,Setuju,Setuju,Netral,Setuju,Netral,Netral,Setuju,Setuju,Netral,Netral,Netral,Sering,Sering,Sering,Jarang,Kadang-Kadang,Jarang,Kadang-Kadang,Jarang,Kadang-Kadang,Kadang-Kadang,Cukup Peduli,Kadang Memastikan,Kadang-Kadang,Jarang,Jarang,Tahu,Sering,Netral,Netral,Setuju,500.000-1.500.000
Laki-Laki,18 -29 Tahun,Tidak Bekerja,SMA/Sederajat,4-5 Platform,Instagram,3-4 Jam,Hiburan/Rekreasi,Setuju,Setuju,Setuju,Setuju,Setuju,Tidak Setuju,Setuju,Tidak Setuju,Setuju,Tidak Setuju,Tidak Setuju,Setuju,Tidak Setuju,Setuju,Setuju,Netral,Setuju,Setuju,Setuju,Tidak Setuju,Netral,Setuju,Netral,Setuju,Tidak Setuju,Tidak Setuju,Setuju,Setuju,Tidak Setuju,Setuju,Netral,Setuju,Netral,Tidak Setuju,Tidak Setuju,Setuju,Tidak Setuju,Setuju,Setuju,Netral,Tidak Setuju,Setuju,Setuju,Netral,Tidak Setuju,Sangat Tidak Setuju,Setuju,Setuju,Setuju,Netral,Tidak Setuju,Netral,Setuju,Setuju,Setuju,Tidak Setuju,Setuju,Tidak Setuju,Setuju,Netral,Setuju,Sering,Jarang,Sering,Jarang,Sering,Sering,Jarang,Sering,Jarang,Sering,Peduli,Sangat/Selalu Memastikan,Kadang-Kadang,Jarang,Sering,Cukup Tahu,Sering,Netral,Setuju,Tidak Setuju,500.000-1.500.000
Laki-Laki,18 -29 Tahun,Pelajar / Mahasiswa,SMA/Sederajat,2- 3 Platform,Youtube,3-4 Jam,Hiburan/Rekreasi,Sangat Tidak Setuju,Tidak Setuju,Tidak Setuju,Tidak Setuju,Tidak Setuju,Setuju,Tidak Setuju,Tidak Setuju,Tidak Setuju,Tidak Setuju,Tidak Setuju,Tidak Setuju,Netral,Tidak Setuju,Tidak Setuju,Tidak Setuju,Setuju,Setuju,Setuju,Setuju,Tidak Setuju,Setuju,Tidak Setuju,Setuju,Netral,Setuju,Netral,Setuju,Netral,Netral,Tidak Setuju,Tidak Setuju,Tidak Setuju,Setuju,Netral,Netral,Tidak Setuju,Netral,Sangat Tidak Setuju,Tidak Setuju,Tidak Setuju,Tidak Setuju,Netral,Netral,Netral,Netral,Tidak Setuju,Netral,Tidak Setuju,Setuju,Tidak Setuju,Tidak Setuju,Netral,Tidak Setuju,Tidak Setuju,Tidak Setuju,Netral,Tidak Setuju,Tidak Setuju,Tidak Setuju,Tidak Setuju,Kadang-Kadang,Sering,Sering,Kadang-Kadang,Sering,Kadang-Kadang,Kadang-Kadang,Sering,Kadang-Kadang,Jarang,Peduli,Kadang Memastikan,Kadang-Kadang,Sering,Kadang-Kadang,Sangat Tahu / Sangat Memahami Langkah-Langkah yang Tepat,Selalu,Tidak Setuju,Netral,Sangat Tidak Setuju,500.000-1.500.000
Laki-Laki,Kurang dari 18 tahun,Pelajar / Mahasiswa,S1/D3/D4,2- 3 Platform,Instagram,Lebih dari 5 Jam,Hiburan/Rekreasi,Sangat Tidak Setuju,Sangat Tidak Setuju,Sangat Tidak Setuju,Sangat Tidak Setuju,Tidak Setuju,Tidak Setuju,Netral,Netral,Netral,Netral,Tidak Setuju,Sangat Tidak Setuju,Netral,Sangat Tidak Setuju,Sangat Tidak Setuju,Tidak Setuju,Netral,Sangat Tidak Setuju,Tidak Setuju,Netral,Netral,Netral,Netral,Netral,Netral,Netral,Setuju,Sangat Tidak Setuju,Tidak Setuju,Tidak Setuju,Tidak Setuju,Tidak Setuju,Sangat Tidak Setuju,Setuju,Netral,Sangat Setuju,Netral,Setuju,Setuju,Sangat Tidak Setuju,Sangat Tidak Setuju,Sangat Tidak Setuju,Tidak Setuju,Tidak Setuju,Netral,Sangat Tidak Setuju,Sangat Tidak Setuju,Sangat Tidak Setuju,Sangat Tidak Setuju,Tidak Setuju,Sangat Tidak Setuju,Tidak Setuju,Tidak Setuju,Netral,Netral,Netral,Netral,Netral,Netral,Sangat Tidak Setuju,Tidak Setuju,Selalu,Jarang,Sering,Kadang-Kadang,Selalu,Jarang,Selalu,Kadang-Kadang,Kadang-Kadang,Tidak pernah,Sangat Peduli,Sangat/Selalu Memastikan,Kadang-Kadang,Selalu,Tidak Pernah,Tahu,Selalu,Sangat Tidak Setuju,Netral,Tidak Setuju,Di bawah 500.000
Laki-Laki,18 -29 Tahun,Pelajar / Mahasiswa,SMA/Sederajat,4-5 Platform,Instagram,2-3 Jam,Hiburan/Rekreasi,Tidak Setuju,Netral,Tidak Setuju,Sangat Tidak Setuju,Tidak Setuju,Netral,Tidak Setuju,Netral,Netral,Netral,Netral,Tidak Setuju,Tidak Setuju,Netral,Netral,Netral,Setuju,Netral,Netral,Netral,Tidak Setuju,Tidak Setuju,Netral,Netral,Netral,Netral,Netral,Netral,Netral,Netral,Setuju,Netral,Netral,Netral,Netral,Netral,Netral,Netral,Netral,Netral,Netral,Netral,Netral,Netral,Netral,Netral,Netral,Netral,Netral,Netral,Netral,Netral,Netral,Netral,Netral,Netral,Setuju,Netral,Netral,Netral,Netral,Sering,Selalu,Kadang-Kadang,Kadang-Kadang,Sering,Jarang,Kadang-Kadang,Kadang-Kadang,Kadang-Kadang,Kadang-Kadang,Cukup Peduli,Kadang Memastikan,Sering,Sering,Sering,Sangat Tahu / Sangat Memahami Langkah-Langkah yang Tepat,Kadang-Kadang,Netral,Netral,Tidak Setuju,500.000-1.500.000
Laki-Laki,18 -29 Tahun,Pelajar / Mahasiswa,SMA/Sederajat,2- 3 Platform,Youtube,2-3 Jam,Hiburan/Rekreasi,Tidak Setuju,Tidak Setuju,Sangat Tidak Setuju,Tidak Setuju,Tidak Setuju,Tidak Setuju,Tidak Setuju,Sangat Tidak Setuju,Sangat Tidak Setuju,Tidak Setuju,Sangat Tidak Setuju,Sangat Tidak Setuju,Netral,Tidak Setuju,Sangat Tidak Setuju,Netral,Netral,Netral,Netral,Netral,Netral,Netral,Netral,Netral,Netral,Setuju,Setuju,Setuju,Tidak Setuju,Setuju,Setuju,Setuju,Setuju,Setuju,Setuju,Sangat Setuju,Setuju,Setuju,Tidak Setuju,Tidak Setuju,Tidak Setuju,Setuju,Tidak Setuju,Tidak Setuju,Tidak Setuju,Sangat Tidak Setuju,Tidak Setuju,Netral,Sangat Tidak Setuju,Sangat Tidak Setuju,Sangat Tidak Setuju,Sangat Tidak Setuju,Sangat Tidak Setuju,Sangat Tidak Setuju,Tidak Setuju,Setuju,Tidak Setuju,Netral,Netral,Netral,Netral,Selalu,Sering,Kadang-Kadang,Sering,Kadang-Kadang,Kadang-Kadang,Selalu,Sering,Sering,Sering,Sangat Tidak Peduli,Kadang Memastikan,Selalu,Sering,Selalu,Sangat Tahu / Sangat Memahami Langkah-Langkah yang Tepat,Selalu,Sangat Tidak Setuju,Setuju,Sangat Tidak Setuju,Di bawah 500.000
Laki-Laki,18 -29 Tahun,Pelajar / Mahasiswa,S1/D3/D4,2- 3 Platform,TikTok,Lebih dari 5 Jam,Hiburan/Rekreasi,Netral,Setuju,Tidak Setuju,Tidak Setuju,Netral,Netral,Netral,Netral,Netral,Tidak Setuju,Setuju,Netral,Setuju,Setuju,Tidak Setuju,Netral,Netral,Netral,Netral,Netral,Netral,Netral,Netral,Netral,Netral,Netral,Setuju,Tidak Setuju,Setuju,Setuju,Netral,Netral,Netral,Netral,Netral,Netral,Netral,Netral,Netral,Netral,Netral,Netral,Setuju,Netral,Netral,Netral,Netral,Setuju,Netral,Setuju,Netral,Netral,Netral,Sangat Tidak Setuju,Netral,Netral,Netral,Netral,Netral,Netral,Netral,Kadang-Kadang,Selalu,Sering,Sering,Sering,Selalu,Sering,Sering,Sering,Sering,Peduli,Sangat/Selalu Memastikan,Kadang-Kadang,Selalu,Selalu,Sangat Tahu / Sangat Memahami Langkah-Langkah yang Tepat,Sering,Netral,Netral,Netral,1.500.000-3.000.000
Perempuan,18 -29 Tahun,Pelajar / Mahasiswa,SMA/Sederajat,4-5 Platform,Instagram,4-5 Jam,Edukasi/Informasi,Netral,Setuju,Setuju,Setuju,Netral,Setuju,Setuju,Sangat Setuju,Sangat Setuju,Sangat Setuju,Netral,Sangat Setuju,Sangat Setuju,Sangat Setuju,Sangat Setuju,Sangat Setuju,Netral,Tidak Setuju,Tidak Setuju,Tidak Setuju,Netral,Netral,Netral,Netral,Netral,Tidak Setuju,Netral,Tidak Setuju,Netral,Tidak Setuju,Setuju,Netral,Netral,Tidak Setuju,Netral,Tidak Setuju,Tidak Setuju,Netral,Setuju,Netral,Netral,Tidak Setuju,Tidak Setuju,Netral,Netral,Netral,Tidak Setuju,Tidak Setuju,Netral,Netral,Tidak Setuju,Netral,Netral,Tidak Setuju,Netral,Tidak Setuju,Netral,Tidak Setuju,Netral,Netral,Netral,Kadang-Kadang,Kadang-Kadang,Kadang-Kadang,Kadang-Kadang,Jarang,Kadang-Kadang,Jarang,Jarang,Jarang,Jarang,Sangat Peduli,Sering Memastikan,Kadang-Kadang,Kadang-Kadang,Jarang,Cukup Tahu,Kadang-Kadang,Sangat Setuju,Netral,Netral,500.000-1.500.000
Perempuan,18 -29 Tahun,Pelajar / Mahasiswa,SMA/Sederajat,2- 3 Platform,Instagram,1 -2 Jam,Hiburan/Rekreasi,Netral,Setuju,Tidak Setuju,Tidak Setuju,Netral,Netral,Setuju,Netral,Tidak Setuju,Tidak Setuju,Netral,Tidak Setuju,Netral,Netral,Tidak Setuju,Setuju,Tidak Setuju,Setuju,Netral,Tidak Setuju,Netral,Tidak Setuju,Netral,Tidak Setuju,Netral,Tidak Setuju,Setuju,Netral,Tidak Setuju,Netral,Setuju,Netral,Setuju,Setuju,Setuju,Netral,Setuju,Netral,Setuju,Netral,Setuju,Setuju,Tidak Setuju,Netral,Tidak Setuju,Netral,Tidak Setuju,Netral,Tidak Setuju,Tidak Setuju,Tidak Setuju,Tidak Setuju,Netral,Netral,Tidak Setuju,Tidak Setuju,Netral,Netral,Netral,Tidak Setuju,Tidak Setuju,Sering,Kadang-Kadang,Sering,Sering,Sering,Selalu,Sering,Sering,Sering,Kadang-Kadang,Peduli,Sangat/Selalu Memastikan,Sering,Sering,Sering,Sangat Tahu / Sangat Memahami Langkah-Langkah yang Tepat,Sering,Netral,Tidak Setuju,Netral,1.500.000-3.000.000
Laki-Laki,18 -29 Tahun,Pelajar / Mahasiswa,SMA/Sederajat,4-5 Platform,TikTok,Lebih dari 5 Jam,Hiburan/Rekreasi,Netral,Netral,Tidak Setuju,Tidak Setuju,Tidak Setuju,Tidak Setuju,Netral,Tidak Setuju,Tidak Setuju,Netral,Netral,Netral,Netral,Netral,Netral,Netral,Setuju,Netral,Setuju,Tidak Setuju,Sangat Tidak Setuju,Netral,Netral,Setuju,Netral,Setuju,Tidak Setuju,Setuju,Tidak Setuju,Netral,Netral,Setuju,Netral,Sangat Setuju,Sangat Setuju,Setuju,Netral,Setuju,Setuju,Setuju,Netral,Setuju,Setuju,Netral,Setuju,Setuju,Setuju,Setuju,Netral,Netral,Netral,Netral,Netral,Sangat Setuju,Setuju,Setuju,Setuju,Setuju,Setuju,Setuju,Setuju,Sering,Sering,Sering,Sering,Kadang-Kadang,Jarang,Selalu,Sering,Selalu,Sering,Peduli,Sangat/Selalu Memastikan,Selalu,Selalu,Sering,Tahu,Selalu,Netral,Netral,Setuju,1.500.000-3.000.000
Perempuan,18 -29 Tahun,Pelajar / Mahasiswa,S1/D3/D4,2- 3 Platform,WhatsApp,4-5 Jam,Komunikasi Sosial,Setuju,Setuju,Sangat Setuju,Setuju,Sangat Setuju,Setuju,Sangat Setuju,Setuju,Sangat Setuju,Setuju,Sangat Setuju,Setuju,Sangat Setuju,Setuju,Sangat Setuju,Setuju,Setuju,Sangat Setuju,Setuju,Sangat Setuju,Setuju,Sangat Setuju,Setuju,Sangat Setuju,Setuju,Sangat Setuju,Setuju,Sangat Setuju,Netral,Setuju,Netral,Setuju,Netral,Setuju,Netral,Setuju,Netral,Setuju,Netral,Setuju,Netral,Netral,Setuju,Netral,Setuju,Netral,Setuju,Netral,Setuju,Netral,Setuju,Netral,Setuju,Setuju,Netral,Setuju,Netral,Setuju,Sangat Setuju,Setuju,Setuju,Sering,Sering,Sering,Sering,Sering,Sering,Sering,Sering,Sering,Sering,Sangat Peduli,Sangat/Selalu Memastikan,Selalu,Selalu,Sering,Sangat Tahu / Sangat Memahami Langkah-Langkah yang Tepat,Sering,Sangat Setuju,Netral,Sangat Setuju,5.000.000-10.000.000
Perempuan,18 -29 Tahun,Pelajar / Mahasiswa,SMA/Sederajat,4-5 Platform,TikTok,Lebih dari 5 Jam,Hiburan/Rekreasi,Setuju,Setuju,Setuju,Setuju,Setuju,Setuju,Setuju,Setuju,Setuju,Setuju,Setuju,Setuju,Setuju,Setuju,Setuju,Setuju,Netral,Netral,Netral,Netral,Netral,Netral,Netral,Netral,Netral,Netral,Netral,Netral,Netral,Netral,Netral,Netral,Netral,Setuju,Netral,Setuju,Netral,Setuju,Setuju,Netral,Netral,Setuju,Setuju,Setuju,Setuju,Setuju,Setuju,Setuju,Setuju,Setuju,Setuju,Setuju,Setuju,Setuju,Setuju,Setuju,Setuju,Setuju,Setuju,Setuju,Setuju,Sering,Sering,Sering,Sering,Sering,Sering,Sering,Sering,Sering,Sering,Sangat Peduli,Sering Memastikan,Sering,Sering,Sering,Cukup Tahu,Sering,Setuju,Netral,Setuju,500.000-1.500.000
Perempuan,18 -29 Tahun,Pelajar / Mahasiswa,S1/D3/D4,Lebih dari 5 Platform,Instagram,Lebih dari 5 Jam,Hiburan/Rekreasi,Netral,Netral,Netral,Netral,Netral,Netral,Netral,Netral,Netral,Netral,Netral,Netral,Netral,Netral,Netral,Netral,Netral,Tidak Setuju,Tidak Setuju,Netral,Tidak Setuju,Tidak Setuju,Netral,Netral,Tidak Setuju,Tidak Setuju,Netral,Netral,Netral,Netral,Netral,Netral,Netral,Netral,Netral,Netral,Netral,Netral,Netral,Netral,Netral,Netral,Netral,Netral,Netral,Netral,Netral,Netral,Netral,Netral,Netral,Netral,Netral,Netral,Netral,Netral,Netral,Netral,Netral,Netral,Netral,Kadang-Kadang,Sering,Kadang-Kadang,Kadang-Kadang,Kadang-Kadang,Kadang-Kadang,Kadang-Kadang,Kadang-Kadang,Kadang-Kadang,Kadang-Kadang,Cukup Peduli,Jarang Memastikan,Sering,Kadang-Kadang,Kadang-Kadang,Cukup Tahu,Sering,Netral,Netral,Netral,3.000.000-5.000.000
Laki-Laki,18 -29 Tahun,Pelajar / Mahasiswa,SMA/Sederajat,4-5 Platform,Instagram,3-4 Jam,Hiburan/Rekreasi,Netral,Netral,Netral,Netral,Netral,Netral,Netral,Netral,Netral,Netral,Netral,Netral,Netral,Netral,Netral,Netral,Setuju,Netral,Setuju,Netral,Setuju,Netral,Setuju,Sangat Setuju,Sangat Setuju,Sangat Setuju,Netral,Netral,Setuju,Netral,Netral,Setuju,Sangat Setuju,Sangat Setuju,Sangat Setuju,Setuju,Setuju,Sangat Setuju,Sangat Setuju,Sangat Setuju,Setuju,Sangat Setuju,Netral,Tidak Setuju,Netral,Netral,Netral,Setuju,Setuju,Setuju,Setuju,Netral,Setuju,Netral,Netral,Netral,Netral,Setuju,Setuju,Setuju,Setuju,Kadang-Kadang,Sering,Selalu,Sering,Selalu,Kadang-Kadang,Sering,Kadang-Kadang,Kadang-Kadang,Jarang,Cukup Peduli,Kadang Memastikan,Sering,Sering,Kadang-Kadang,Sangat Tahu / Sangat Memahami Langkah-Langkah yang Tepat,Sering,Netral,Setuju,Setuju,di atas 10.000.000
Perempuan,18 -29 Tahun,Pelajar / Mahasiswa,SMA/Sederajat,4-5 Platform,Instagram,4-5 Jam,Hiburan/Rekreasi,Tidak Setuju,Netral,Tidak Setuju,Netral,Setuju,Netral,Setuju,Setuju,Netral,Netral,Netral,Setuju,Setuju,Setuju,Setuju,Setuju,Setuju,Setuju,Setuju,Setuju,Setuju,Setuju,Setuju,Setuju,Setuju,Setuju,Setuju,Netral,Setuju,Setuju,Setuju,Setuju,Setuju,Setuju,Setuju,Setuju,Setuju,Setuju,Setuju,Setuju,Setuju,Setuju,Setuju,Setuju,Setuju,Setuju,Setuju,Setuju,Setuju,Setuju,Setuju,Setuju,Setuju,Setuju,Setuju,Setuju,Setuju,Setuju,Setuju,Setuju,Setuju,Sering,Selalu,Kadang-Kadang,Sering,Sering,Sering,Sering,Sering,Selalu,Jarang,Peduli,Kadang Memastikan,Kadang-Kadang,Sering,Sering,Tahu,Kadang-Kadang,Setuju,Setuju,Setuju,500.000-1.500.000
Perempuan,18 -29 Tahun,Pelajar / Mahasiswa,SMA/Sederajat,4-5 Platform,Instagram,4-5 Jam,Hiburan/Rekreasi,Tidak Setuju,Netral,Tidak Setuju,Netral,Netral,Tidak Setuju,Netral,Netral,Tidak Setuju,Netral,Netral,Tidak Setuju,Tidak Setuju,Setuju,Tidak Setuju,Netral,Setuju,Netral,Netral,Netral,Tidak Setuju,Tidak Setuju,Netral,Setuju,Tidak Setuju,Tidak Setuju,Netral,Netral,Tidak Setuju,Netral,Setuju,Tidak Setuju,Netral,Netral,Setuju,Setuju,Tidak Setuju,Netral,Tidak Setuju,Netral,Setuju,Setuju,Netral,Tidak Setuju,Netral,Netral,Netral,Netral,Tidak Setuju,Netral,Netral,Tidak Setuju,Tidak Setuju,Tidak Setuju,Tidak Setuju,Tidak Setuju,Netral,Netral,Netral,Tidak Setuju,Tidak Setuju,Kadang-Kadang,Sering,Sering,Kadang-Kadang,Sering,Kadang-Kadang,Sering,Kadang-Kadang,Selalu,Jarang,Sangat Peduli,Jarang Memastikan,Sering,Sering,Kadang-Kadang,Sangat Tahu / Sangat Memahami Langkah-Langkah yang Tepat,Sering,Setuju,Netral,Netral,Di bawah 500.000
Perempuan,18 -29 Tahun,Pelajar / Mahasiswa,S1/D3/D4,4-5 Platform,Instagram,Lebih dari 5 Jam,Komunikasi Sosial,Tidak Setuju,Tidak Setuju,Netral,Sangat Tidak Setuju,Tidak Setuju,Tidak Setuju,Netral,Netral,Tidak Setuju,Netral,Tidak Setuju,Tidak Setuju,Tidak Setuju,Setuju,Netral,Netral,Tidak Setuju,Netral,Tidak Setuju,Setuju,Netral,Netral,Setuju,Netral,Tidak Setuju,Tidak Setuju,Tidak Setuju,Netral,Tidak Setuju,Tidak Setuju,Netral,Tidak Setuju,Netral,Setuju,Tidak Setuju,Netral,Netral,Tidak Setuju,Tidak Setuju,Tidak Setuju,Netral,Netral,Netral,Netral,Setuju,Setuju,Tidak Setuju,Tidak Setuju,Tidak Setuju,Netral,Tidak Setuju,Netral,Netral,Tidak Setuju,Setuju,Netral,Netral,Netral,Tidak Setuju,Tidak Setuju,Netral,Jarang,Kadang-Kadang,Kadang-Kadang,Kadang-Kadang,Kadang-Kadang,Tidak pernah,Tidak pernah,Kadang-Kadang,Jarang,Jarang,Sangat Peduli,Sangat/Selalu Memastikan,Sering,Sering,Sering,Sangat Tahu / Sangat Memahami Langkah-Langkah yang Tepat,Kadang-Kadang,Netral,Tidak Setuju,Tidak Setuju,3.000.000-5.000.000
Laki-Laki,18 -29 Tahun,Pelajar / Mahasiswa,SMA/Sederajat,2- 3 Platform,Instagram,1 -2 Jam,Hiburan/Rekreasi,Setuju,Setuju,Setuju,Setuju,Netral,Netral,Netral,Setuju,Tidak Setuju,Netral,Netral,Netral,Netral,Setuju,Setuju,Netral,Tidak Setuju,Tidak Setuju,Tidak Setuju,Tidak Setuju,Tidak Setuju,Netral,Netral,Tidak Setuju,Setuju,Netral,Netral,Tidak Setuju,Netral,Netral,Netral,Tidak Setuju,Tidak Setuju,Netral,Setuju,Netral,Netral,Netral,Tidak Setuju,Netral,Netral,Setuju,Setuju,Setuju,Netral,Setuju,Netral,Netral,Tidak Setuju,Tidak Setuju,Tidak Setuju,Tidak Setuju,Setuju,Tidak Setuju,Netral,Tidak Setuju,Setuju,Setuju,Sangat Setuju,Sangat Tidak Setuju,Setuju,Tidak pernah,Kadang-Kadang,Sering,Sering,Sering,Jarang,Kadang-Kadang,Jarang,Selalu,Tidak pernah,Sangat Peduli,Sering Memastikan,Sering,Kadang-Kadang,Selalu,Tahu,Sering,Tidak Setuju,Netral,Tidak Setuju,1.500.000-3.000.000
Perempuan,18 -29 Tahun,Pelajar / Mahasiswa,SMA/Sederajat,4-5 Platform,Instagram,4-5 Jam,Hiburan/Rekreasi,Sangat Tidak Setuju,Sangat Tidak Setuju,Netral,Netral,Setuju,Setuju,Setuju,Setuju,Setuju,Setuju,Sangat Setuju,Sangat Setuju,Sangat Setuju,Sangat Setuju,Sangat Setuju,Sangat Setuju,Sangat Setuju,Sangat Setuju,Sangat Setuju,Sangat Setuju,Setuju,Sangat Setuju,Sangat Setuju,Sangat Setuju,Sangat Setuju,Sangat Setuju,Sangat Setuju,Sangat Setuju,Sangat Setuju,Sangat Setuju,Sangat Setuju,Setuju,Sangat Setuju,Sangat Setuju,Sangat Setuju,Sangat Setuju,Sangat Setuju,Sangat Setuju,Sangat Setuju,Sangat Setuju,Sangat Setuju,Sangat Setuju,Sangat Setuju,Sangat Setuju,Sangat Setuju,Sangat Setuju,Sangat Setuju,Sangat Setuju,Sangat Setuju,Setuju,Setuju,Netral,Netral,Setuju,Setuju,Sangat Setuju,Sangat Setuju,Sangat Setuju,Sangat Setuju,Netral,Setuju,Kadang-Kadang,Kadang-Kadang,Jarang,Kadang-Kadang,Kadang-Kadang,Kadang-Kadang,Kadang-Kadang,Kadang-Kadang,Kadang-Kadang,Kadang-Kadang,Cukup Peduli,Kadang Memastikan,Kadang-Kadang,Kadang-Kadang,Selalu,Sangat Tahu / Sangat Memahami Langkah-Langkah yang Tepat,Selalu,Sangat Setuju,Sangat Setuju,Setuju,1.500.000-3.000.000
Laki-Laki,18 -29 Tahun,Pelajar / Mahasiswa,SMA/Sederajat,2- 3 Platform,Instagram,2-3 Jam,Hiburan/Rekreasi,Tidak Setuju,Tidak Setuju,Sangat Tidak Setuju,Sangat Tidak Setuju,Sangat Tidak Setuju,Tidak Setuju,Sangat Tidak Setuju,Tidak Setuju,Tidak Setuju,Sangat Tidak Setuju,Sangat Tidak Setuju,Sangat Tidak Setuju,Tidak Setuju,Tidak Setuju,Tidak Setuju,Tidak Setuju,Setuju,Tidak Setuju,Tidak Setuju,Tidak Setuju,Setuju,Setuju,Tidak Setuju,Netral,Sangat Setuju,Sangat Setuju,Setuju,Tidak Setuju,Sangat Tidak Setuju,Sangat Tidak Setuju,Setuju,Tidak Setuju,Sangat Tidak Setuju,Sangat Setuju,Setuju,Sangat Tidak Setuju,Sangat Tidak Setuju,Sangat Tidak Setuju,Sangat Tidak Setuju,Sangat Tidak Setuju,Sangat Tidak Setuju,Sangat Tidak Setuju,Sangat Tidak Setuju,Sangat Tidak Setuju,Sangat Tidak Setuju,Sangat Tidak Setuju,Sangat Tidak Setuju,Netral,Tidak Setuju,Tidak Setuju,Sangat Tidak Setuju,Sangat Tidak Setuju,Sangat Tidak Setuju,Sangat Setuju,Sangat Setuju,Sangat Setuju,Netral,Sangat Setuju,Sangat Setuju,Sangat Setuju,Sangat Setuju,Kadang-Kadang,Kadang-Kadang,Kadang-Kadang,Kadang-Kadang,Kadang-Kadang,Kadang-Kadang,Kadang-Kadang,Kadang-Kadang,Kadang-Kadang,Kadang-Kadang,Cukup Peduli,Kadang Memastikan,Kadang-Kadang,Kadang-Kadang,Kadang-Kadang,Cukup Tahu,Kadang-Kadang,Tidak Setuju,Sangat Tidak Setuju,Sangat Setuju,3.000.000-5.000.000
Laki-Laki,18 -29 Tahun,Pelajar / Mahasiswa,SMA/Sederajat,2- 3 Platform,Instagram,4-5 Jam,Hiburan/Rekreasi,Setuju,Setuju,Setuju,Setuju,Setuju,Setuju,Setuju,Netral,Netral,Netral,Setuju,Setuju,Setuju,Setuju,Netral,Setuju,Tidak Setuju,Netral,Netral,Netral,Netral,Setuju,Tidak Setuju,Netral,Netral,Netral,Setuju,Netral,Netral,Setuju,Setuju,Netral,Netral,Setuju,Netral,Netral,Setuju,Setuju,Setuju,Netral,Netral,Netral,Netral,Tidak Setuju,Setuju,Netral,Setuju,Setuju,Setuju,Netral,Netral,Netral,Netral,Setuju,Setuju,Netral,Netral,Setuju,Setuju,Setuju,Netral,Sering,Sering,Sering,Sering,Sering,Sering,Kadang-Kadang,Sering,Sering,Sering,Peduli,Sering Memastikan,Tidak Pernah,Selalu,Kadang-Kadang,Tahu,Kadang-Kadang,Setuju,Netral,Setuju,500.000-1.500.000
Laki-Laki,18 -29 Tahun,Pelajar / Mahasiswa,S1/D3/D4,Lebih dari 5 Platform,Instagram,Lebih dari 5 Jam,Hiburan/Rekreasi,Sangat Tidak Setuju,Sangat Tidak Setuju,Sangat Tidak Setuju,Sangat Tidak Setuju,Tidak Setuju,Sangat Tidak Setuju,Sangat Tidak Setuju,Sangat Tidak Setuju,Tidak Setuju,Sangat Tidak Setuju,Sangat Tidak Setuju,Sangat Tidak Setuju,Tidak Setuju,Tidak Setuju,Tidak Setuju,Tidak Setuju,Sangat Tidak Setuju,Sangat Tidak Setuju,Sangat Tidak Setuju,Tidak Setuju,Tidak Setuju,Sangat Tidak Setuju,Sangat Tidak Setuju,Sangat Tidak Setuju,Tidak Setuju,Tidak Setuju,Tidak Setuju,Tidak Setuju,Netral,Netral,Tidak Setuju,Tidak Setuju,Tidak Setuju,Tidak Setuju,Netral,Tidak Setuju,Tidak Setuju,Sangat Tidak Setuju,Setuju,Sangat Tidak Setuju,Tidak Setuju,Sangat Tidak Setuju,Tidak Setuju,Tidak Setuju,Tidak Setuju,Tidak Setuju,Tidak Setuju,Sangat Tidak Setuju,Tidak Setuju,Sangat Tidak Setuju,Netral,Netral,Sangat Tidak Setuju,Tidak Setuju,Netral,Netral,Setuju,Tidak Setuju,Tidak Setuju,Tidak Setuju,Tidak Setuju,Kadang-Kadang,Sering,Sering,Kadang-Kadang,Kadang-Kadang,Sering,Selalu,Sering,Selalu,Tidak pernah,Sangat Peduli,Sering Memastikan,Sering,Sering,Selalu,Sangat Tahu / Sangat Memahami Langkah-Langkah yang Tepat,Sering,Tidak Setuju,Netral,Sangat Tidak Setuju,Di bawah 500.000
Laki-Laki,18 -29 Tahun,Pelajar / Mahasiswa,SMA/Sederajat,Lebih dari 5 Platform,Instagram,Lebih dari 5 Jam,Komunikasi Sosial,Sangat Setuju,Setuju,Setuju,Setuju,Netral,Setuju,Netral,Setuju,Setuju,Setuju,Setuju,Setuju,Tidak Setuju,Netral,Tidak Setuju,Netral,Setuju,Netral,Setuju,Setuju,Setuju,Netral,Setuju,Netral,Setuju,Setuju,Setuju,Netral,Setuju,Setuju,Netral,Netral,Netral,Setuju,Netral,Netral,Tidak Setuju,Setuju,Netral,Setuju,Netral,Setuju,Tidak Setuju,Tidak Setuju,Netral,Netral,Netral,Netral,Netral,Netral,Netral,Netral,Netral,Sangat Tidak Setuju,Netral,Netral,Netral,Netral,Netral,Netral,Netral,Kadang-Kadang,Sering,Kadang-Kadang,Kadang-Kadang,Sering,Sering,Sering,Sering,Kadang-Kadang,Jarang,Cukup Peduli,Kadang Memastikan,Kadang-Kadang,Kadang-Kadang,Kadang-Kadang,Sangat Tahu / Sangat Memahami Langkah-Langkah yang Tepat,Kadang-Kadang,Netral,Setuju,Netral,di atas 10.000.000
Perempuan,18 -29 Tahun,Pelajar / Mahasiswa,SMA/Sederajat,Lebih dari 5 Platform,X (Twitter),Lebih dari 5 Jam,Hiburan/Rekreasi,Tidak Setuju,Tidak Setuju,Tidak Setuju,Tidak Setuju,Netral,Netral,Netral,Netral,Tidak Setuju,Netral,Setuju,Netral,Netral,Setuju,Tidak Setuju,Tidak Setuju,Netral,Tidak Setuju,Tidak Setuju,Netral,Tidak Setuju,Netral,Netral,Netral,Tidak Setuju,Tidak Setuju,Tidak Setuju,Netral,Tidak Setuju,Setuju,Netral,Tidak Setuju,Tidak Setuju,Tidak Setuju,Tidak Setuju,Netral,Netral,Netral,Netral,Setuju,Setuju,Netral,Netral,Sangat Tidak Setuju,Tidak Setuju,Tidak Setuju,Netral,Netral,Netral,Netral,Netral,Netral,Netral,Sangat Tidak Setuju,Tidak Setuju,Sangat Tidak Setuju,Tidak Setuju,Netral,Netral,Netral,Netral,Jarang,Kadang-Kadang,Kadang-Kadang,Sering,Kadang-Kadang,Kadang-Kadang,Selalu,Kadang-Kadang,Kadang-Kadang,Kadang-Kadang,Cukup Peduli,Kadang Memastikan,Sering,Jarang,Kadang-Kadang,Sangat Tahu / Sangat Memahami Langkah-Langkah yang Tepat,Selalu,Netral,Tidak Setuju,Tidak Setuju,Di bawah 500.000
Laki-Laki,18 -29 Tahun,Pelajar / Mahasiswa,S1/D3/D4,2- 3 Platform,Instagram,3-4 Jam,Hiburan/Rekreasi,Setuju,Netral,Netral,Setuju,Netral,Sangat Setuju,Sangat Setuju,Sangat Setuju,Sangat Setuju,Sangat Setuju,Sangat Setuju,Setuju,Setuju,Sangat Setuju,Sangat Setuju,Sangat Setuju,Setuju,Tidak Setuju,Setuju,Tidak Setuju,Sangat Tidak Setuju,Sangat Setuju,Setuju,Netral,Tidak Setuju,Tidak Setuju,Tidak Setuju,Setuju,Sangat Tidak Setuju,Sangat Setuju,Sangat Setuju,Netral,Setuju,Sangat Setuju,Sangat Setuju,Setuju,Setuju,Sangat Setuju,Sangat Setuju,Netral,Sangat Setuju,Netral,Tidak Setuju,Sangat Setuju,Setuju,Setuju,Sangat Setuju,Setuju,Setuju,Netral,Setuju,Sangat Setuju,Setuju,Setuju,Sangat Setuju,Tidak Setuju,Setuju,Sangat Setuju,Sangat Setuju,Sangat Setuju,Sangat Setuju,Selalu,Selalu,Kadang-Kadang,Selalu,Jarang,Tidak pernah,Selalu,Jarang,Selalu,Jarang,Sangat Peduli,Sering Memastikan,Selalu,Selalu,Kadang-Kadang,Sangat Tahu / Sangat Memahami Langkah-Langkah yang Tepat,Tidak Pernah,Sangat Setuju,Setuju,Sangat Tidak Setuju,Di bawah 500.000
Perempuan,18 -29 Tahun,Pelajar / Mahasiswa,SMA/Sederajat,2- 3 Platform,Instagram,4-5 Jam,Hiburan/Rekreasi,Tidak Setuju,Tidak Setuju,Tidak Setuju,Sangat Tidak Setuju,Sangat Tidak Setuju,Tidak Setuju,Sangat Tidak Setuju,Sangat Tidak Setuju,Sangat Tidak Setuju,Sangat Tidak Setuju,Sangat Tidak Setuju,Sangat Tidak Setuju,Sangat Tidak Setuju,Sangat Tidak Setuju,Sangat Tidak Setuju,Sangat Tidak Setuju,Netral,Tidak Setuju,Sangat Tidak Setuju,Sangat Tidak Setuju,Sangat Tidak Setuju,Sangat Tidak Setuju,Sangat Tidak Setuju,Sangat Tidak Setuju,Sangat Tidak Setuju,Sangat Tidak Setuju,Tidak Setuju,Sangat Tidak Setuju,Sangat Tidak Setuju,Sangat Tidak Setuju,Netral,Tidak Setuju,Tidak Setuju,Setuju,Tidak Setuju,Tidak Setuju,Setuju,Tidak Setuju,Tidak Setuju,Tidak Setuju,Tidak Setuju,Tidak Setuju,Tidak Setuju,Tidak Setuju,Tidak Setuju,Tidak Setuju,Tidak Setuju,Tidak Setuju,Tidak Setuju,Tidak Setuju,Tidak Setuju,Tidak Setuju,Tidak Setuju,Sangat Tidak Setuju,Sangat Tidak Setuju,Sangat Tidak Setuju,Sangat Tidak Setuju,Sangat Tidak Setuju,Sangat Tidak Setuju,Sangat Tidak Setuju,Sangat Tidak Setuju,Kadang-Kadang,Kadang-Kadang,Sering,Sering,Sering,Sering,Sering,Sering,Sering,Jarang,Peduli,Kadang Memastikan,Selalu,Sering,Selalu,Tahu,Sering,Sangat Tidak Setuju,Sangat Tidak Setuju,Sangat Tidak Setuju,1.500.000-3.000.000
Laki-Laki,18 -29 Tahun,Pelajar / Mahasiswa,SMA/Sederajat,2- 3 Platform,Instagram,2-3 Jam,Komunikasi Sosial,Setuju,Setuju,Tidak Setuju,Tidak Setuju,Setuju,Setuju,Setuju,Setuju,Tidak Setuju,Setuju,Setuju,Setuju,Setuju,Sangat Setuju,Tidak Setuju,Sangat Setuju,Sangat Setuju,Setuju,Setuju,Setuju,Setuju,Setuju,Setuju,Sangat Setuju,Setuju,Setuju,Netral,Setuju,Setuju,Setuju,Setuju,Setuju,Setuju,Setuju,Setuju,Setuju,Setuju,Setuju,Setuju,Setuju,Setuju,Setuju,Setuju,Setuju,Setuju,Tidak Setuju,Setuju,Sangat Setuju,Setuju,Tidak Setuju,Setuju,Setuju,Setuju,Setuju,Setuju,Setuju,Setuju,Setuju,Setuju,Setuju,Setuju,Sering,Sering,Kadang-Kadang,Selalu,Selalu,Kadang-Kadang,Selalu,Kadang-Kadang,Sering,Tidak pernah,Peduli,Sering Memastikan,Sering,Selalu,Selalu,Sangat Tahu / Sangat Memahami Langkah-Langkah yang Tepat,Selalu,Setuju,Setuju,Sangat Tidak Setuju,500.000-1.500.000
Laki-Laki,18 -29 Tahun,Pelajar / Mahasiswa,SMA/Sederajat,4-5 Platform,TikTok,3-4 Jam,Hiburan/Rekreasi,Setuju,Tidak Setuju,Netral,Tidak Setuju,Setuju,Netral,Netral,Setuju,Setuju,Netral,Netral,Setuju,Tidak Setuju,Sangat Setuju,Setuju,Netral,Setuju,Setuju,Netral,Netral,Setuju,Sangat Setuju,Tidak Setuju,Netral,Tidak Setuju,Tidak Setuju,Netral,Tidak Setuju,Setuju,Netral,Setuju,Netral,Tidak Setuju,Tidak Setuju,Tidak Setuju,Setuju,Tidak Setuju,Netral,Tidak Setuju,Setuju,Netral,Tidak Setuju,Setuju,Netral,Tidak Setuju,Tidak Setuju,Netral,Tidak Setuju,Netral,Tidak Setuju,Tidak Setuju,Netral,Tidak Setuju,Sangat Tidak Setuju,Tidak Setuju,Sangat Tidak Setuju,Sangat Tidak Setuju,Netral,Tidak Setuju,Netral,Tidak Setuju,Jarang,Sering,Jarang,Kadang-Kadang,Jarang,Kadang-Kadang,Sering,Kadang-Kadang,Jarang,Sering,Peduli,Sangat/Selalu Memastikan,Kadang-Kadang,Jarang,Sering,Tahu,Sering,Setuju,Tidak Setuju,Tidak Setuju,Di bawah 500.000
Laki-Laki,18 -29 Tahun,Pelajar / Mahasiswa,SMA/Sederajat,4-5 Platform,Instagram,3-4 Jam,Hiburan/Rekreasi,Tidak Setuju,Tidak Setuju,Setuju,Setuju,Netral,Netral,Netral,Netral,Sangat Setuju,Setuju,Setuju,Netral,Setuju,Setuju,Tidak Setuju,Setuju,Tidak Setuju,Tidak Setuju,Sangat Tidak Setuju,Tidak Setuju,Sangat Tidak Setuju,Setuju,Tidak Setuju,Sangat Tidak Setuju,Setuju,Tidak Setuju,Setuju,Sangat Tidak Setuju,Tidak Setuju,Setuju,Netral,Sangat Setuju,Setuju,Netral,Tidak Setuju,Tidak Setuju,Setuju,Tidak Setuju,Tidak Setuju,Sangat Setuju,Setuju,Setuju,Setuju,Setuju,Setuju,Setuju,Setuju,Setuju,Sangat Setuju,Tidak Setuju,Setuju,Setuju,Setuju,Sangat Setuju,Setuju,Tidak Setuju,Setuju,Netral,Tidak Setuju,Setuju,Tidak Setuju,Sering,Selalu,Kadang-Kadang,Kadang-Kadang,Kadang-Kadang,Kadang-Kadang,Selalu,Kadang-Kadang,Selalu,Sering,Sangat Peduli,Sering Memastikan,Kadang-Kadang,Sering,Selalu,Sangat Tahu / Sangat Memahami Langkah-Langkah yang Tepat,Sering,Netral,Netral,Sangat Tidak Setuju,1.500.000-3.000.000
Laki-Laki,18 -29 Tahun,Pelajar / Mahasiswa,SMA/Sederajat,4-5 Platform,Instagram,Lebih dari 5 Jam,Hiburan/Rekreasi,Netral,Netral,Netral,Netral,Netral,Netral,Netral,Netral,Netral,Netral,Netral,Netral,Netral,Netral,Netral,Netral,Netral,Netral,Netral,Netral,Netral,Netral,Netral,Netral,Setuju,Netral,Netral,Netral,Netral,Netral,Netral,Netral,Netral,Netral,Netral,Netral,Netral,Netral,Netral,Netral,Netral,Netral,Tidak Setuju,Tidak Setuju,Tidak Setuju,Tidak Setuju,Netral,Netral,Tidak Setuju,Tidak Setuju,Netral,Tidak Setuju,Setuju,Sangat Tidak Setuju,Setuju,Netral,Setuju,Netral,Setuju,Netral,Netral,Kadang-Kadang,Selalu,Sering,Kadang-Kadang,Kadang-Kadang,Kadang-Kadang,Kadang-Kadang,Sering,Sering,Tidak pernah,Peduli,Sering Memastikan,Sering,Sering,Selalu,Cukup Tahu,Jarang,Netral,Tidak Setuju,Tidak Setuju,Di bawah 500.000
Perempuan,18 -29 Tahun,Pelajar / Mahasiswa,SMA/Sederajat,2- 3 Platform,Instagram,1 -2 Jam,Edukasi/Informasi,Netral,Netral,Netral,Netral,Tidak Setuju,Netral,Tidak Setuju,Netral,Netral,Netral,Netral,Netral,Netral,Netral,Netral,Netral,Tidak Setuju,Tidak Setuju,Netral,Netral,Netral,Netral,Tidak Setuju,Netral,Netral,Netral,Netral,Netral,Tidak Setuju,Netral,Netral,Netral,Netral,Netral,Netral,Netral,Netral,Netral,Tidak Setuju,Netral,Netral,Netral,Netral,Netral,Netral,Netral,Netral,Netral,Netral,Netral,Netral,Netral,Netral,Netral,Netral,Netral,Netral,Netral,Netral,Netral,Netral,Kadang-Kadang,Sering,Kadang-Kadang,Kadang-Kadang,Kadang-Kadang,Sering,Sering,Kadang-Kadang,Kadang-Kadang,Kadang-Kadang,Peduli,Kadang Memastikan,Kadang-Kadang,Kadang-Kadang,Kadang-Kadang,Cukup Tahu,Kadang-Kadang,Netral,Netral,Netral,Di bawah 500.000
Perempuan,18 -29 Tahun,Pelajar / Mahasiswa,SMA/Sederajat,4-5 Platform,Instagram,2-3 Jam,Hiburan/Rekreasi,Tidak Setuju,Setuju,Netral,Setuju,Setuju,Setuju,Setuju,Tidak Setuju,Setuju,Setuju,Sangat Setuju,Netral,Setuju,Setuju,Setuju,Setuju,Setuju,Tidak Setuju,Tidak Setuju,Tidak Setuju,Tidak Setuju,Setuju,Tidak Setuju,Setuju,Sangat Setuju,Setuju,Setuju,Tidak Setuju,Setuju,Setuju,Sangat Setuju,Setuju,Sangat Setuju,Setuju,Setuju,Setuju,Setuju,Sangat Setuju,Tidak Setuju,Setuju,Setuju,Setuju,Netral,Setuju,Setuju,Setuju,Setuju,Setuju,Setuju,Setuju,Setuju,Setuju,Setuju,Setuju,Setuju,Setuju,Setuju,Setuju,Setuju,Setuju,Setuju,Kadang-Kadang,Selalu,Sering,Jarang,Kadang-Kadang,Tidak pernah,Kadang-Kadang,Kadang-Kadang,Selalu,Jarang,Sangat Peduli,Sering Memastikan,Kadang-Kadang,Sering,Kadang-Kadang,Tahu,Sering,Setuju,Tidak Setuju,Setuju,500.000-1.500.000
Laki-Laki,18 -29 Tahun,Pelajar / Mahasiswa,SMA/Sederajat,2- 3 Platform,Instagram,1 -2 Jam,Hiburan/Rekreasi,Netral,Netral,Setuju,Setuju,Netral,Setuju,Netral,Setuju,Setuju,Netral,Setuju,Setuju,Setuju,Setuju,Tidak Setuju,Setuju,Netral,Tidak Setuju,Netral,Tidak Setuju,Setuju,Setuju,Setuju,Tidak Setuju,Setuju,Netral,Setuju,Netral,Setuju,Netral,Setuju,Setuju,Setuju,Netral,Netral,Setuju,Setuju,Setuju,Setuju,Setuju,Setuju,Setuju,Setuju,Setuju,Setuju,Setuju,Setuju,Setuju,Setuju,Setuju,Setuju,Setuju,Setuju,Setuju,Setuju,Setuju,Setuju,Netral,Netral,Netral,Netral,Sering,Selalu,Kadang-Kadang,Sering,Selalu,Sering,Selalu,Jarang,Selalu,Kadang-Kadang,Sangat Peduli,Kadang Memastikan,Kadang-Kadang,Sering,Selalu,Tahu,Selalu,Setuju,Setuju,Setuju,500.000-1.500.000
Laki-Laki,18 -29 Tahun,Pelajar / Mahasiswa,SMA/Sederajat,2- 3 Platform,WhatsApp,1 -2 Jam,Komunikasi Sosial,Setuju,Setuju,Setuju,Netral,Setuju,Setuju,Netral,Netral,Setuju,Netral,Setuju,Netral,Netral,Setuju,Netral,Setuju,Netral,Netral,Netral,Tidak Setuju,Tidak Setuju,Netral,Tidak Setuju,Netral,Netral,Netral,Netral,Netral,Netral,Setuju,Netral,Netral,Netral,Netral,Netral,Netral,Netral,Netral,Tidak Setuju,Tidak Setuju,Netral,Tidak Setuju,Netral,Netral,Netral,Netral,Netral,Tidak Setuju,Netral,Tidak Setuju,Netral,Netral,Tidak Setuju,Sangat Tidak Setuju,Tidak Setuju,Tidak Setuju,Netral,Tidak Setuju,Netral,Netral,Netral,Kadang-Kadang,Jarang,Sering,Sering,Kadang-Kadang,Kadang-Kadang,Kadang-Kadang,Kadang-Kadang,Jarang,Jarang,Peduli,Kadang Memastikan,Sering,Kadang-Kadang,Sering,Tahu,Sering,Netral,Tidak Setuju,Tidak Setuju,1.500.000-3.000.000
Laki-Laki,18 -29 Tahun,Pelajar / Mahasiswa,SMA/Sederajat,Lebih dari 5 Platform,TikTok,3-4 Jam,Hiburan/Rekreasi,Netral,Netral,Setuju,Tidak Setuju,Tidak Setuju,Setuju,Setuju,Tidak Setuju,Netral,Tidak Setuju,Setuju,Netral,Tidak Setuju,Netral,Tidak Setuju,Tidak Setuju,Tidak Setuju,Setuju,Netral,Tidak Setuju,Tidak Setuju,Netral,Tidak Setuju,Netral,Tidak Setuju,Setuju,Setuju,Setuju,Setuju,Setuju,Setuju,Setuju,Setuju,Setuju,Netral,Netral,Netral,Setuju,Tidak Setuju,Tidak Setuju,Netral,Setuju,Netral,Tidak Setuju,Netral,Setuju,Setuju,Netral,Tidak Setuju,Tidak Setuju,Tidak Setuju,Tidak Setuju,Tidak Setuju,Sangat Tidak Setuju,Sangat Tidak Setuju,Tidak Setuju,Netral,Netral,Tidak Setuju,Tidak Setuju,Setuju,Sering,Sering,Sering,Sering,Sering,Kadang-Kadang,Sering,Sering,Sering,Jarang,Peduli,Sering Memastikan,Sering,Sering,Sering,Sangat Tahu / Sangat Memahami Langkah-Langkah yang Tepat,Sering,Netral,Setuju,Setuju,500.000-1.500.000
Perempuan,18 -29 Tahun,Pelajar / Mahasiswa,SMA/Sederajat,2- 3 Platform,TikTok,Lebih dari 5 Jam,Hiburan/Rekreasi,Tidak Setuju,Tidak Setuju,Tidak Setuju,Tidak Setuju,Tidak Setuju,Tidak Setuju,Tidak Setuju,Tidak Setuju,Netral,Tidak Setuju,Setuju,Tidak Setuju,Netral,Setuju,Setuju,Tidak Setuju,Setuju,Tidak Setuju,Setuju,Sangat Setuju,Tidak Setuju,Netral,Setuju,Netral,Sangat Setuju,Setuju,Setuju,Tidak Setuju,Tidak Setuju,Setuju,Setuju,Tidak Setuju,Tidak Setuju,Netral,Setuju,Netral,Setuju,Setuju,Netral,Netral,Setuju,Setuju,Setuju,Setuju,Netral,Setuju,Setuju,Netral,Setuju,Tidak Setuju,Setuju,Setuju,Tidak Setuju,Tidak Setuju,Tidak Setuju,Tidak Setuju,Netral,Netral,Netral,Sangat Tidak Setuju,Tidak Setuju,Kadang-Kadang,Kadang-Kadang,Sering,Sering,Sering,Kadang-Kadang,Selalu,Sering,Selalu,Jarang,Sangat Peduli,Jarang Memastikan,Selalu,Sering,Sering,Tahu,Sering,Netral,Netral,Netral,1.500.000-3.000.000
Laki-Laki,18 -29 Tahun,Pelajar / Mahasiswa,SMA/Sederajat,2- 3 Platform,Instagram,Lebih dari 5 Jam,Promosi diri/Branding,Netral,Netral,Netral,Netral,Netral,Netral,Netral,Netral,Netral,Netral,Netral,Netral,Netral,Netral,Netral,Netral,Netral,Netral,Netral,Netral,Netral,Netral,Netral,Netral,Netral,Netral,Netral,Netral,Netral,Netral,Netral,Netral,Netral,Netral,Netral,Netral,Netral,Netral,Netral,Netral,Netral,Netral,Netral,Netral,Netral,Netral,Netral,Netral,Netral,Netral,Netral,Netral,Netral,Netral,Netral,Netral,Netral,Netral,Netral,Netral,Netral,Kadang-Kadang,Kadang-Kadang,Kadang-Kadang,Kadang-Kadang,Kadang-Kadang,Kadang-Kadang,Kadang-Kadang,Kadang-Kadang,Kadang-Kadang,Kadang-Kadang,Cukup Peduli,Kadang Memastikan,Kadang-Kadang,Kadang-Kadang,Kadang-Kadang,Cukup Tahu,Kadang-Kadang,Netral,Netral,Netral,1.500.000-3.000.000
Laki-Laki,18 -29 Tahun,Pelajar / Mahasiswa,SMA/Sederajat,4-5 Platform,TikTok,Lebih dari 5 Jam,Pekerjaan/Bisnis,Tidak Setuju,Sangat Tidak Setuju,Tidak Setuju,Sangat Tidak Setuju,Netral,Tidak Setuju,Sangat Tidak Setuju,Netral,Sangat Tidak Setuju,Sangat Tidak Setuju,Netral,Tidak Setuju,Netral,Netral,Sangat Tidak Setuju,Tidak Setuju,Netral,Tidak Setuju,Setuju,Netral,Netral,Tidak Setuju,Netral,Tidak Setuju,Netral,Tidak Setuju,Tidak Setuju,Tidak Setuju,Netral,Tidak Setuju,Netral,Setuju,Setuju,Setuju,Setuju,Setuju,Netral,Setuju,Setuju,Setuju,Setuju,Setuju,Tidak Setuju,Setuju,Netral,Netral,Setuju,Setuju,Netral,Setuju,Tidak Setuju,Netral,Tidak Setuju,Tidak Setuju,Tidak Setuju,Tidak Setuju,Tidak Setuju,Tidak Setuju,Tidak Setuju,Tidak Setuju,Tidak Setuju,Sering,Selalu,Sering,Sering,Selalu,Sering,Sering,Sering,Sering,Kadang-Kadang,Peduli,Sangat/Selalu Memastikan,Sering,Sering,Sering,Sangat Tahu / Sangat Memahami Langkah-Langkah yang Tepat,Jarang,Tidak Setuju,Tidak Setuju,Tidak Setuju,5.000.000-10.000.000
Perempuan,18 -29 Tahun,Pelajar / Mahasiswa,SMA/Sederajat,Lebih dari 5 Platform,Instagram,4-5 Jam,Hiburan/Rekreasi,Netral,Netral,Netral,Netral,Setuju,Setuju,Netral,Netral,Setuju,Setuju,Setuju,Netral,Setuju,Setuju,Tidak Setuju,Tidak Setuju,Setuju,Netral,Setuju,Tidak Setuju,Tidak Setuju,Setuju,Setuju,Setuju,Sangat Setuju,Sangat Setuju,Setuju,Setuju,Netral,Setuju,Setuju,Setuju,Setuju,Setuju,Setuju,Setuju,Setuju,Setuju,Setuju,Setuju,Setuju,Setuju,Netral,Netral,Netral,Setuju,Netral,Netral,Setuju,Netral,Netral,Setuju,Tidak Setuju,Sangat Tidak Setuju,Netral,Netral,Netral,Netral,Netral,Netral,Netral,Jarang,Kadang-Kadang,Sering,Sering,Sering,Selalu,Selalu,Tidak pernah,Jarang,Jarang,Sangat Peduli,Kadang Memastikan,Selalu,Kadang-Kadang,Jarang,Kurang Tahu,Selalu,Netral,Setuju,Netral,1.500.000-3.000.000
Laki-Laki,18 -29 Tahun,Pelajar / Mahasiswa,SMA/Sederajat,2- 3 Platform,Youtube,4-5 Jam,Hiburan/Rekreasi,Sangat Tidak Setuju,Sangat Tidak Setuju,Sangat Tidak Setuju,Sangat Tidak Setuju,Tidak Setuju,Sangat Tidak Setuju,Tidak Setuju,Sangat Tidak Setuju,Sangat Tidak Setuju,Sangat Tidak Setuju,Tidak Setuju,Tidak Setuju,Sangat Tidak Setuju,Sangat Tidak Setuju,Sangat Tidak Setuju,Sangat Tidak Setuju,Sangat Tidak Setuju,Sangat Tidak Setuju,Sangat Tidak Setuju,Sangat Tidak Setuju,Sangat Tidak Setuju,Tidak Setuju,Sangat Tidak Setuju,Sangat Tidak Setuju,Sangat Tidak Setuju,Sangat Tidak Setuju,Sangat Tidak Setuju,Tidak Setuju,Sangat Tidak Setuju,Sangat Tidak Setuju,Netral,Tidak Setuju,Sangat Tidak Setuju,Sangat Tidak Setuju,Tidak Setuju,Tidak Setuju,Sangat Tidak Setuju,Setuju,Netral,Tidak Setuju,Tidak Setuju,Tidak Setuju,Tidak Setuju,Sangat Tidak Setuju,Tidak Setuju,Netral,Tidak Setuju,Tidak Setuju,Sangat Tidak Setuju,Tidak Setuju,Tidak Setuju,Tidak Setuju,Sangat Tidak Setuju,Sangat Tidak Setuju,Tidak Setuju,Tidak Setuju,Tidak Setuju,Tidak Setuju,Netral,Sangat Tidak Setuju,Sangat Tidak Setuju,Sering,Selalu,Sering,Selalu,Sering,Sering,Selalu,Sering,Selalu,Kadang-Kadang,Sangat Peduli,Sering Memastikan,Selalu,Sering,Kadang-Kadang,Tahu,Selalu,Sangat Tidak Setuju,Sangat Tidak Setuju,Sangat Tidak Setuju,3.000.000-5.000.000
Laki-Laki,18 -29 Tahun,Pelajar / Mahasiswa,S1/D3/D4,2- 3 Platform,Instagram,3-4 Jam,Promosi diri/Branding,Sangat Tidak Setuju,Setuju,Tidak Setuju,Setuju,Tidak Setuju,Tidak Setuju,Netral,Tidak Setuju,Tidak Setuju,Setuju,Netral,Netral,Netral,Netral,Netral,Netral,Setuju,Tidak Setuju,Setuju,Setuju,Netral,Sangat Tidak Setuju,Netral,Setuju,Tidak Setuju,Netral,Setuju,Netral,Netral,Setuju,Tidak Setuju,Tidak Setuju,Tidak Setuju,Netral,Tidak Setuju,Netral,Netral,Tidak Setuju,Setuju,Tidak Setuju,Tidak Setuju,Tidak Setuju,Sangat Tidak Setuju,Tidak Setuju,Tidak Setuju,Tidak Setuju,Tidak Setuju,Setuju,Netral,Netral,Tidak Setuju,Tidak Setuju,Tidak Setuju,Tidak Setuju,Tidak Setuju,Netral,Setuju,Tidak Setuju,Setuju,Setuju,Setuju,Kadang-Kadang,Tidak pernah,Kadang-Kadang,Kadang-Kadang,Jarang,Sering,Sering,Sering,Tidak pernah,Tidak pernah,Peduli,Sering Memastikan,Sering,Sering,Sering,Tahu,Kadang-Kadang,Netral,Sangat Tidak Setuju,Netral,di atas 10.000.000
Laki-Laki,18 -29 Tahun,Pelajar / Mahasiswa,SMA/Sederajat,2- 3 Platform,Instagram,1 -2 Jam,Hiburan/Rekreasi,Setuju,Netral,Sangat Setuju,Sangat Setuju,Setuju,Setuju,Netral,Netral,Setuju,Sangat Setuju,Sangat Setuju,Setuju,Netral,Setuju,Setuju,Setuju,Setuju,Setuju,Setuju,Setuju,Setuju,Netral,Netral,Netral,Netral,Setuju,Setuju,Setuju,Netral,Setuju,Tidak Setuju,Sangat Setuju,Sangat Setuju,Sangat Setuju,Sangat Setuju,Sangat Setuju,Sangat Setuju,Sangat Setuju,Setuju,Netral,Sangat Setuju,Sangat Setuju,Netral,Setuju,Setuju,Setuju,Netral,Setuju,Setuju,Setuju,Setuju,Netral,Setuju,Sangat Setuju,Setuju,Sangat Setuju,Sangat Setuju,Setuju,Netral,Setuju,Sangat Setuju,Kadang-Kadang,Selalu,Kadang-Kadang,Sering,Selalu,Kadang-Kadang,Sering,Kadang-Kadang,Sering,Kadang-Kadang,Sangat Peduli,Sangat/Selalu Memastikan,Selalu,Sering,Kadang-Kadang,Tahu,Selalu,Sangat Setuju,Netral,Netral,500.000-1.500.000
Laki-Laki,18 -29 Tahun,Pelajar / Mahasiswa,SMA/Sederajat,4-5 Platform,Instagram,Lebih dari 5 Jam,Hiburan/Rekreasi,Tidak Setuju,Tidak Setuju,Netral,Sangat Tidak Setuju,Tidak Setuju,Tidak Setuju,Tidak Setuju,Tidak Setuju,Netral,Tidak Setuju,Setuju,Tidak Setuju,Tidak Setuju,Netral,Tidak Setuju,Tidak Setuju,Setuju,Netral,Netral,Tidak Setuju,Netral,Tidak Setuju,Tidak Setuju,Netral,Netral,Netral,Tidak Setuju,Tidak Setuju,Tidak Setuju,Netral,Tidak Setuju,Netral,Tidak Setuju,Setuju,Setuju,Setuju,Setuju,Setuju,Tidak Setuju,Setuju,Tidak Setuju,Setuju,Setuju,Sangat Tidak Setuju,Tidak Setuju,Tidak Setuju,Tidak Setuju,Tidak Setuju,Sangat Tidak Setuju,Tidak Setuju,Tidak Setuju,Tidak Setuju,Tidak Setuju,Setuju,Setuju,Sangat Tidak Setuju,Tidak Setuju,Tidak Setuju,Tidak Setuju,Netral,Tidak Setuju,Selalu,Selalu,Selalu,Selalu,Selalu,Kadang-Kadang,Jarang,Sering,Sering,Sering,Sangat Peduli,Sangat/Selalu Memastikan,Kadang-Kadang,Selalu,Selalu,Kurang Tahu,Selalu,Tidak Setuju,Sangat Tidak Setuju,Tidak Setuju,500.000-1.500.000
Laki-Laki,18 -29 Tahun,Pelajar / Mahasiswa,SMA/Sederajat,Lebih dari 5 Platform,TikTok,3-4 Jam,Hiburan/Rekreasi,Netral,Netral,Setuju,Tidak Setuju,Netral,Setuju,Setuju,Tidak Setuju,Netral,Tidak Setuju,Setuju,Netral,Netral,Netral,Tidak Setuju,Tidak Setuju,Tidak Setuju,Setuju,Netral,Tidak Setuju,Tidak Setuju,Netral,Tidak Setuju,Netral,Tidak Setuju,Setuju,Setuju,Tidak Setuju,Setuju,Setuju,Setuju,Setuju,Netral,Setuju,Netral,Netral,Setuju,Setuju,Setuju,Tidak Setuju,Netral,Setuju,Netral,Tidak Setuju,Netral,Netral,Setuju,Setuju,Setuju,Netral,Setuju,Netral,Netral,Sangat Tidak Setuju,Sangat Tidak Setuju,Tidak Setuju,Netral,Netral,Tidak Setuju,Netral,Netral,Sering,Sering,Sering,Sering,Sering,Kadang-Kadang,Sering,Sering,Sering,Sering,Peduli,Sering Memastikan,Sering,Selalu,Selalu,Tahu,Selalu,Netral,Setuju,Netral,500.000-1.500.000
Perempuan,18 -29 Tahun,Pelajar / Mahasiswa,S1/D3/D4,Lebih dari 5 Platform,Youtube,Lebih dari 5 Jam,Edukasi/Informasi,Tidak Setuju,Setuju,Sangat Tidak Setuju,Sangat Tidak Setuju,Sangat Tidak Setuju,Tidak Setuju,Sangat Tidak Setuju,Sangat Tidak Setuju,Sangat Tidak Setuju,Sangat Tidak Setuju,Sangat Tidak Setuju,Sangat Tidak Setuju,Sangat Tidak Setuju,Sangat Tidak Setuju,Sangat Tidak Setuju,Sangat Tidak Setuju,Sangat Tidak Setuju,Sangat Tidak Setuju,Sangat Tidak Setuju,Sangat Tidak Setuju,Sangat Tidak Setuju,Sangat Tidak Setuju,Sangat Tidak Setuju,Sangat Tidak Setuju,Sangat Tidak Setuju,Setuju,Sangat Setuju,Sangat Tidak Setuju,Sangat Tidak Setuju,Sangat Tidak Setuju,Sangat Tidak Setuju,Sangat Tidak Setuju,Sangat Tidak Setuju,Sangat Tidak Setuju,Tidak Setuju,Sangat Tidak Setuju,Tidak Setuju,Sangat Tidak Setuju,Sangat Tidak Setuju,Sangat Tidak Setuju,Setuju,Netral,Sangat Tidak Setuju,Sangat Tidak Setuju,Sangat Tidak Setuju,Sangat Tidak Setuju,Sangat Tidak Setuju,Tidak Setuju,Netral,Netral,Tidak Setuju,Tidak Setuju,Tidak Setuju,Sangat Tidak Setuju,Sangat Tidak Setuju,Tidak Setuju,Sangat Tidak Setuju,Sangat Tidak Setuju,Sangat Tidak Setuju,Sangat Tidak Setuju,Sangat Tidak Setuju,Kadang-Kadang,Selalu,Selalu,Selalu,Selalu,Selalu,Selalu,Selalu,Selalu,Selalu,Sangat Peduli,Sangat/Selalu Memastikan,Selalu,Selalu,Selalu,Sangat Tahu / Sangat Memahami Langkah-Langkah yang Tepat,Selalu,Sangat Tidak Setuju,Sangat Tidak Setuju,Sangat Tidak Setuju,500.000-1.500.000
Laki-Laki,18 -29 Tahun,Pelajar / Mahasiswa,S1/D3/D4,2- 3 Platform,Youtube,3-4 Jam,Hiburan/Rekreasi,Tidak Setuju,Tidak Setuju,Tidak Setuju,Tidak Setuju,Netral,Netral,Netral,Netral,Tidak Setuju,Tidak Setuju,Tidak Setuju,Netral,Netral,Netral,Tidak Setuju,Netral,Setuju,Netral,Netral,Netral,Netral,Setuju,Setuju,Netral,Tidak Setuju,Netral,Setuju,Tidak Setuju,Netral,Netral,Netral,Netral,Tidak Setuju,Tidak Setuju,Netral,Netral,Netral,Netral,Netral,Netral,Netral,Netral,Netral,Netral,Netral,Netral,Netral,Netral,Netral,Netral,Netral,Netral,Tidak Setuju,Tidak Setuju,Netral,Tidak Setuju,Netral,Netral,Netral,Netral,Netral,Kadang-Kadang,Kadang-Kadang,Kadang-Kadang,Kadang-Kadang,Jarang,Jarang,Kadang-Kadang,Kadang-Kadang,Sering,Jarang,Peduli,Kadang Memastikan,Sering,Kadang-Kadang,Selalu,Tahu,Jarang,Netral,Netral,Tidak Setuju,3.000.000-5.000.000
Laki-Laki,18 -29 Tahun,Pelajar / Mahasiswa,SMA/Sederajat,2- 3 Platform,TikTok,Lebih dari 5 Jam,Hiburan/Rekreasi,Netral,Netral,Netral,Netral,Netral,Netral,Netral,Netral,Netral,Netral,Netral,Netral,Netral,Netral,Netral,Netral,Netral,Netral,Netral,Netral,Netral,Netral,Netral,Netral,Netral,Netral,Netral,Netral,Netral,Netral,Netral,Netral,Netral,Netral,Netral,Netral,Netral,Netral,Netral,Netral,Netral,Netral,Netral,Netral,Netral,Netral,Netral,Netral,Netral,Netral,Netral,Netral,Netral,Netral,Netral,Netral,Netral,Netral,Netral,Netral,Netral,Kadang-Kadang,Kadang-Kadang,Kadang-Kadang,Kadang-Kadang,Kadang-Kadang,Kadang-Kadang,Kadang-Kadang,Kadang-Kadang,Kadang-Kadang,Kadang-Kadang,Cukup Peduli,Kadang Memastikan,Kadang-Kadang,Kadang-Kadang,Kadang-Kadang,Cukup Tahu,Kadang-Kadang,Netral,Netral,Netral,500.000-1.500.000
Perempuan,18 -29 Tahun,Pelajar / Mahasiswa,SMA/Sederajat,2- 3 Platform,Instagram,3-4 Jam,Edukasi/Informasi,Netral,Netral,Netral,Netral,Netral,Netral,Netral,Netral,Netral,Netral,Netral,Netral,Netral,Netral,Netral,Netral,Tidak Setuju,Tidak Setuju,Netral,Netral,Netral,Netral,Netral,Netral,Netral,Netral,Netral,Netral,Netral,Netral,Netral,Netral,Netral,Netral,Netral,Netral,Netral,Netral,Netral,Netral,Netral,Netral,Netral,Netral,Netral,Netral,Netral,Netral,Netral,Netral,Netral,Netral,Netral,Netral,Netral,Netral,Netral,Netral,Netral,Netral,Netral,Kadang-Kadang,Kadang-Kadang,Kadang-Kadang,Kadang-Kadang,Kadang-Kadang,Kadang-Kadang,Kadang-Kadang,Kadang-Kadang,Kadang-Kadang,Kadang-Kadang,Cukup Peduli,Kadang Memastikan,Kadang-Kadang,Kadang-Kadang,Kadang-Kadang,Cukup Tahu,Kadang-Kadang,Netral,Netral,Netral,500.000-1.500.000
Perempuan,18 -29 Tahun,Pelajar / Mahasiswa,SMA/Sederajat,4-5 Platform,Instagram,3-4 Jam,Hiburan/Rekreasi,Netral,Netral,Netral,Netral,Netral,Netral,Netral,Netral,Netral,Netral,Netral,Netral,Netral,Netral,Netral,Netral,Netral,Netral,Netral,Netral,Netral,Netral,Netral,Netral,Netral,Netral,Netral,Netral,Netral,Netral,Netral,Netral,Netral,Netral,Netral,Netral,Netral,Netral,Netral,Netral,Netral,Netral,Netral,Netral,Netral,Netral,Netral,Netral,Netral,Netral,Netral,Netral,Netral,Netral,Netral,Netral,Netral,Netral,Netral,Netral,Netral,Kadang-Kadang,Kadang-Kadang,Kadang-Kadang,Kadang-Kadang,Kadang-Kadang,Kadang-Kadang,Kadang-Kadang,Kadang-Kadang,Kadang-Kadang,Kadang-Kadang,Peduli,Sangat/Selalu Memastikan,Selalu,Selalu,Selalu,Sangat Tahu / Sangat Memahami Langkah-Langkah yang Tepat,Selalu,Netral,Netral,Netral,1.500.000-3.000.000
Laki-Laki,Kurang dari 18 tahun,Pelajar / Mahasiswa,SMA/Sederajat,2- 3 Platform,Youtube,3-4 Jam,Hiburan/Rekreasi,Tidak Setuju,Netral,Tidak Setuju,Tidak Setuju,Netral,Netral,Netral,Netral,Netral,Tidak Setuju,Netral,Netral,Tidak Setuju,Netral,Netral,Netral,Tidak Setuju,Tidak Setuju,Tidak Setuju,Tidak Setuju,Tidak Setuju,Tidak Setuju,Tidak Setuju,Tidak Setuju,Tidak Setuju,Tidak Setuju,Tidak Setuju,Tidak Setuju,Tidak Setuju,Tidak Setuju,Netral,Tidak Setuju,Tidak Setuju,Netral,Tidak Setuju,Tidak Setuju,Tidak Setuju,Tidak Setuju,Tidak Setuju,Tidak Setuju,Tidak Setuju,Tidak Setuju,Tidak Setuju,Tidak Setuju,Tidak Setuju,Tidak Setuju,Tidak Setuju,Tidak Setuju,Tidak Setuju,Tidak Setuju,Tidak Setuju,Tidak Setuju,Tidak Setuju,Netral,Netral,Netral,Netral,Netral,Netral,Netral,Netral,Kadang-Kadang,Kadang-Kadang,Kadang-Kadang,Kadang-Kadang,Kadang-Kadang,Kadang-Kadang,Kadang-Kadang,Kadang-Kadang,Kadang-Kadang,Kadang-Kadang,Cukup Peduli,Kadang Memastikan,Kadang-Kadang,Kadang-Kadang,Kadang-Kadang,Cukup Tahu,Kadang-Kadang,Netral,Tidak Setuju,Netral,500.000-1.500.000
Laki-Laki,18 -29 Tahun,Pelajar / Mahasiswa,S1/D3/D4,2- 3 Platform,TikTok,1 -2 Jam,Hiburan/Rekreasi,Tidak Setuju,Tidak Setuju,Tidak Setuju,Netral,Netral,Netral,Tidak Setuju,Netral,Netral,Netral,Setuju,Netral,Netral,Netral,Setuju,Netral,Setuju,Netral,Netral,Netral,Tidak Setuju,Setuju,Tidak Setuju,Setuju,Setuju,Netral,Tidak Setuju,Netral,Setuju,Netral,Setuju,Netral,Netral,Sangat Setuju,Setuju,Netral,Tidak Setuju,Setuju,Tidak Setuju,Tidak Setuju,Tidak Setuju,Netral,Tidak Setuju,Netral,Tidak Setuju,Netral,Tidak Setuju,Netral,Tidak Setuju,Netral,Netral,Netral,Netral,Sangat Tidak Setuju,Tidak Setuju,Netral,Netral,Tidak Setuju,Tidak Setuju,Setuju,Tidak Setuju,Sering,Selalu,Kadang-Kadang,Kadang-Kadang,Kadang-Kadang,Sering,Kadang-Kadang,Sering,Selalu,Sering,Sangat Peduli,Sangat/Selalu Memastikan,Sering,Sering,Selalu,Sangat Tahu / Sangat Memahami Langkah-Langkah yang Tepat,Selalu,Netral,Tidak Setuju,Sangat Tidak Setuju,500.000-1.500.000
Perempuan,18 -29 Tahun,Pelajar / Mahasiswa,SMA/Sederajat,2- 3 Platform,TikTok,1 -2 Jam,Hiburan/Rekreasi,Sangat Tidak Setuju,Sangat Tidak Setuju,Sangat Tidak Setuju,Sangat Tidak Setuju,Sangat Tidak Setuju,Sangat Tidak Setuju,Sangat Tidak Setuju,Sangat Tidak Setuju,Sangat Tidak Setuju,Sangat Tidak Setuju,Sangat Tidak Setuju,Sangat Tidak Setuju,Sangat Tidak Setuju,Sangat Tidak Setuju,Sangat Tidak Setuju,Sangat Tidak Setuju,Sangat Tidak Setuju,Sangat Tidak Setuju,Sangat Tidak Setuju,Sangat Tidak Setuju,Sangat Tidak Setuju,Sangat Tidak Setuju,Sangat Tidak Setuju,Sangat Tidak Setuju,Sangat Tidak Setuju,Sangat Tidak Setuju,Sangat Tidak Setuju,Sangat Tidak Setuju,Sangat Tidak Setuju,Sangat Tidak Setuju,Sangat Tidak Setuju,Sangat Tidak Setuju,Sangat Tidak Setuju,Sangat Tidak Setuju,Sangat Tidak Setuju,Sangat Tidak Setuju,Sangat Tidak Setuju,Sangat Tidak Setuju,Sangat Tidak Setuju,Sangat Tidak Setuju,Sangat Tidak Setuju,Sangat Tidak Setuju,Sangat Tidak Setuju,Sangat Tidak Setuju,Sangat Tidak Setuju,Sangat Tidak Setuju,Sangat Tidak Setuju,Sangat Tidak Setuju,Sangat Tidak Setuju,Sangat Tidak Setuju,Sangat Tidak Setuju,Sangat Tidak Setuju,Sangat Tidak Setuju,Sangat Tidak Setuju,Sangat Tidak Setuju,Sangat Tidak Setuju,Sangat Tidak Setuju,Sangat Tidak Setuju,Sangat Tidak Setuju,Sangat Tidak Setuju,Sangat Tidak Setuju,Sering,Sering,Sering,Sering,Sering,Sering,Selalu,Sering,Selalu,Sering,Sangat Peduli,Sering Memastikan,Selalu,Sering,Selalu,Sangat Tahu / Sangat Memahami Langkah-Langkah yang Tepat,Kadang-Kadang,Sangat Tidak Setuju,Sangat Tidak Setuju,Sangat Tidak Setuju,3.000.000-5.000.000
Laki-Laki,18 -29 Tahun,Pelajar / Mahasiswa,SMA/Sederajat,2- 3 Platform,Instagram,2-3 Jam,Edukasi/Informasi,Netral,Netral,Netral,Netral,Netral,Netral,Netral,Netral,Netral,Netral,Netral,Netral,Netral,Netral,Netral,Netral,Netral,Netral,Netral,Netral,Netral,Netral,Netral,Netral,Netral,Netral,Netral,Netral,Netral,Netral,Netral,Netral,Netral,Netral,Netral,Netral,Netral,Netral,Netral,Netral,Netral,Netral,Netral,Netral,Netral,Netral,Netral,Netral,Netral,Netral,Netral,Netral,Netral,Netral,Netral,Netral,Netral,Netral,Netral,Netral,Netral,Kadang-Kadang,Kadang-Kadang,Kadang-Kadang,Kadang-Kadang,Kadang-Kadang,Kadang-Kadang,Kadang-Kadang,Kadang-Kadang,Kadang-Kadang,Kadang-Kadang,Sangat Peduli,Sering Memastikan,Sering,Sering,Sering,Tahu,Sering,Netral,Netral,Netral,1.500.000-3.000.000
Perempuan,18 -29 Tahun,Pelajar / Mahasiswa,SMA/Sederajat,2- 3 Platform,TikTok,3-4 Jam,Hiburan/Rekreasi,Sangat Setuju,Sangat Setuju,Netral,Netral,Sangat Setuju,Sangat Setuju,Setuju,Setuju,Setuju,Setuju,Sangat Setuju,Sangat Setuju,Sangat Setuju,Setuju,Netral,Sangat Setuju,Setuju,Setuju,Netral,Netral,Netral,Setuju,Setuju,Setuju,Sangat Setuju,Setuju,Sangat Setuju,Sangat Setuju,Sangat Setuju,Sangat Setuju,Sangat Setuju,Sangat Setuju,Sangat Setuju,Sangat Setuju,Sangat Setuju,Sangat Setuju,Sangat Setuju,Sangat Setuju,Sangat Setuju,Sangat Setuju,Sangat Setuju,Sangat Setuju,Setuju,Sangat Setuju,Sangat Setuju,Sangat Setuju,Sangat Setuju,Sangat Setuju,Sangat Setuju,Sangat Setuju,Sangat Setuju,Sangat Setuju,Sangat Setuju,Sangat Setuju,Sangat Setuju,Sangat Setuju,Sangat Setuju,Sangat Setuju,Sangat Setuju,Sangat Setuju,Setuju,Selalu,Selalu,Kadang-Kadang,Kadang-Kadang,Kadang-Kadang,Jarang,Selalu,Jarang,Sering,Jarang,Cukup Peduli,Sering Memastikan,Selalu,Tidak Pernah,Kadang-Kadang,Sangat Tahu / Sangat Memahami Langkah-Langkah yang Tepat,Selalu,Setuju,Sangat Setuju,Netral,500.000-1.500.000
Laki-Laki,18 -29 Tahun,Pelajar / Mahasiswa,SMA/Sederajat,2- 3 Platform,Youtube,2-3 Jam,Edukasi/Informasi,Netral,Tidak Setuju,Tidak Setuju,Netral,Tidak Setuju,Netral,Setuju,Tidak Setuju,Netral,Netral,Netral,Tidak Setuju,Netral,Netral,Tidak Setuju,Setuju,Setuju,Netral,Tidak Setuju,Sangat Tidak Setuju,Tidak Setuju,Netral,Tidak Setuju,Sangat Tidak Setuju,Setuju,Tidak Setuju,Netral,Sangat Tidak Setuju,Netral,Netral,Netral,Netral,Netral,Netral,Netral,Netral,Netral,Netral,Netral,Netral,Netral,Netral,Tidak Setuju,Tidak Setuju,Sangat Tidak Setuju,Tidak Setuju,Tidak Setuju,Tidak Setuju,Sangat Tidak Setuju,Tidak Setuju,Tidak Setuju,Sangat Tidak Setuju,Tidak Setuju,Netral,Netral,Netral,Netral,Netral,Netral,Tidak Setuju,Netral,Sering,Sering,Kadang-Kadang,Kadang-Kadang,Sering,Kadang-Kadang,Sering,Sering,Selalu,Sering,Peduli,Sering Memastikan,Sering,Selalu,Selalu,Cukup Tahu,Selalu,Netral,Netral,Tidak Setuju,5.000.000-10.000.000
Laki-Laki,Kurang dari 18 tahun,Pelajar / Mahasiswa,SMA/Sederajat,2- 3 Platform,Youtube,3-4 Jam,Hiburan/Rekreasi,Netral,Tidak Setuju,Netral,Setuju,Setuju,Netral,Netral,Netral,Netral,Netral,Setuju,Netral,Netral,Netral,Setuju,Setuju,Tidak Setuju,Netral,Tidak Setuju,Sangat Tidak Setuju,Sangat Tidak Setuju,Tidak Setuju,Tidak Setuju,Tidak Setuju,Tidak Setuju,Tidak Setuju,Tidak Setuju,Tidak Setuju,Tidak Setuju,Tidak Setuju,Setuju,Netral,Netral,Netral,Tidak Setuju,Netral,Tidak Setuju,Setuju,Tidak Setuju,Netral,Netral,Netral,Setuju,Tidak Setuju,Netral,Setuju,Setuju,Netral,Netral,Tidak Setuju,Netral,Netral,Netral,Tidak Setuju,Netral,Tidak Setuju,Setuju,Setuju,Netral,Sangat Tidak Setuju,Setuju,Sering,Selalu,Selalu,Sering,Selalu,Kadang-Kadang,Selalu,Jarang,Selalu,Kadang-Kadang,Sangat Peduli,Sangat/Selalu Memastikan,Kadang-Kadang,Selalu,Selalu,Sangat Tahu / Sangat Memahami Langkah-Langkah yang Tepat,Kadang-Kadang,Netral,Tidak Setuju,Tidak Setuju,1.500.000-3.000.000
Laki-Laki,18 -29 Tahun,Pelajar / Mahasiswa,SMA/Sederajat,2- 3 Platform,Youtube,2-3 Jam,Hiburan/Rekreasi,Tidak Setuju,Tidak Setuju,Tidak Setuju,Tidak Setuju,Tidak Setuju,Tidak Setuju,Tidak Setuju,Tidak Setuju,Tidak Setuju,Tidak Setuju,Tidak Setuju,Tidak Setuju,Tidak Setuju,Tidak Setuju,Tidak Setuju,Tidak Setuju,Netral,Netral,Netral,Tidak Setuju,Tidak Setuju,Netral,Netral,Netral,Netral,Netral,Netral,Netral,Tidak Setuju,Netral,Netral,Tidak Setuju,Tidak Setuju,Tidak Setuju,Tidak Setuju,Netral,Tidak Setuju,Netral,Tidak Setuju,Netral,Tidak Setuju,Tidak Setuju,Netral,Netral,Tidak Setuju,Tidak Setuju,Sangat Tidak Setuju,Netral,Tidak Setuju,Netral,Netral,Netral,Netral,Netral,Netral,Netral,Netral,Netral,Netral,Netral,Netral,Sering,Sering,Selalu,Selalu,Selalu,Sering,Selalu,Sering,Selalu,Kadang-Kadang,Sangat Peduli,Sering Memastikan,Selalu,Selalu,Selalu,Sangat Tahu / Sangat Memahami Langkah-Langkah yang Tepat,Selalu,Tidak Setuju,Netral,Netral,500.000-1.500.000
Laki-Laki,18 -29 Tahun,Pelajar / Mahasiswa,SMA/Sederajat,2- 3 Platform,Instagram,1 -2 Jam,Hiburan/Rekreasi,Netral,Netral,Netral,Netral,Netral,Netral,Setuju,Netral,Netral,Netral,Netral,Netral,Netral,Netral,Netral,Netral,Netral,Netral,Netral,Setuju,Netral,Netral,Setuju,Setuju,Setuju,Netral,Setuju,Tidak Setuju,Netral,Netral,Setuju,Netral,Netral,Netral,Netral,Setuju,Netral,Setuju,Netral,Netral,Netral,Netral,Netral,Netral,Netral,Netral,Netral,Netral,Netral,Netral,Netral,Netral,Netral,Netral,Netral,Netral,Netral,Netral,Netral,Netral,Netral,Kadang-Kadang,Kadang-Kadang,Kadang-Kadang,Kadang-Kadang,Jarang,Sering,Sering,Kadang-Kadang,Selalu,Jarang,Peduli,Kadang Memastikan,Sering,Sering,Sering,Sangat Tahu / Sangat Memahami Langkah-Langkah yang Tepat,Sering,Netral,Netral,Netral,1.500.000-3.000.000
Laki-Laki,18 -29 Tahun,Pelajar / Mahasiswa,SMA/Sederajat,2- 3 Platform,Instagram,3-4 Jam,Komunikasi Sosial,Tidak Setuju,Tidak Setuju,Tidak Setuju,Netral,Setuju,Netral,Tidak Setuju,Netral,Netral,Tidak Setuju,Tidak Setuju,Sangat Tidak Setuju,Sangat Tidak Setuju,Sangat Tidak Setuju,Sangat Tidak Setuju,Tidak Setuju,Setuju,Netral,Tidak Setuju,Setuju,Setuju,Sangat Setuju,Netral,Setuju,Sangat Tidak Setuju,Setuju,Netral,Setuju,Setuju,Setuju,Tidak Setuju,Sangat Tidak Setuju,Sangat Tidak Setuju,Netral,Setuju,Netral,Sangat Tidak Setuju,Sangat Setuju,Tidak Setuju,Tidak Setuju,Netral,Tidak Setuju,Sangat Tidak Setuju,Sangat Tidak Setuju,Sangat Tidak Setuju,Sangat Tidak Setuju,Tidak Setuju,Sangat Tidak Setuju,Sangat Tidak Setuju,Tidak Setuju,Tidak Setuju,Netral,Netral,Setuju,Setuju,Setuju,Netral,Netral,Setuju,Sangat Setuju,Netral,Sering,Sering,Sering,Sering,Sering,Selalu,Selalu,Sering,Selalu,Tidak pernah,Peduli,Sangat/Selalu Memastikan,Sering,Kadang-Kadang,Selalu,Tahu,Selalu,Sangat Tidak Setuju,Setuju,Netral,500.000-1.500.000
Laki-Laki,18 -29 Tahun,Pelajar / Mahasiswa,S1/D3/D4,2- 3 Platform,Instagram,3-4 Jam,Hiburan/Rekreasi,Netral,Tidak Setuju,Tidak Setuju,Tidak Setuju,Setuju,Netral,Sangat Tidak Setuju,Netral,Tidak Setuju,Setuju,Tidak Setuju,Netral,Sangat Tidak Setuju,Netral,Netral,Setuju,Sangat Setuju,Tidak Setuju,Setuju,Tidak Setuju,Sangat Tidak Setuju,Tidak Setuju,Tidak Setuju,Netral,Setuju,Setuju,Setuju,Tidak Setuju,Netral,Setuju,Setuju,Netral,Tidak Setuju,Tidak Setuju,Tidak Setuju,Setuju,Tidak Setuju,Setuju,Setuju,Setuju,Netral,Setuju,Setuju,Sangat Tidak Setuju,Netral,Setuju,Tidak Setuju,Netral,Netral,Tidak Setuju,Setuju,Netral,Setuju,Sangat Tidak Setuju,Netral,Tidak Setuju,Setuju,Netral,Setuju,Setuju,Setuju,Kadang-Kadang,Sering,Kadang-Kadang,Tidak pernah,Jarang,Kadang-Kadang,Sering,Sering,Sering,Tidak pernah,Peduli,Kadang Memastikan,Jarang,Tidak Pernah,Sering,Tahu,Sering,Tidak Setuju,Sangat Tidak Setuju,Tidak Setuju,Di bawah 500.000
Laki-Laki,Kurang dari 18 tahun,Pelajar / Mahasiswa,SMA/Sederajat,4-5 Platform,Youtube,Lebih dari 5 Jam,Edukasi/Informasi,Tidak Setuju,Netral,Netral,Netral,Setuju,Sangat Setuju,Tidak Setuju,Netral,Netral,Sangat Tidak Setuju,Netral,Netral,Sangat Tidak Setuju,Tidak Setuju,Tidak Setuju,Netral,Setuju,Sangat Tidak Setuju,Setuju,Setuju,Tidak Setuju,Sangat Tidak Setuju,Netral,Netral,Setuju,Setuju,Netral,Netral,Netral,Netral,Tidak Setuju,Tidak Setuju,Tidak Setuju,Tidak Setuju,Setuju,Netral,Tidak Setuju,Setuju,Setuju,Tidak Setuju,Setuju,Netral,Netral,Sangat Tidak Setuju,Tidak Setuju,Sangat Tidak Setuju,Netral,Netral,Tidak Setuju,Sangat Tidak Setuju,Tidak Setuju,Netral,Tidak Setuju,Sangat Tidak Setuju,Sangat Tidak Setuju,Sangat Tidak Setuju,Netral,Netral,Sangat Tidak Setuju,Setuju,Netral,Kadang-Kadang,Kadang-Kadang,Sering,Kadang-Kadang,Kadang-Kadang,Sering,Sering,Sering,Selalu,Sering,Peduli,Sangat/Selalu Memastikan,Sering,Kadang-Kadang,Kadang-Kadang,Cukup Tahu,Kadang-Kadang,Sangat Setuju,Sangat Tidak Setuju,Sangat Tidak Setuju,Di bawah 500.000
Perempuan,18 -29 Tahun,Pelajar / Mahasiswa,SMA/Sederajat,2- 3 Platform,Youtube,4-5 Jam,Hiburan/Rekreasi,Netral,Tidak Setuju,Sangat Tidak Setuju,Setuju,Setuju,Netral,Tidak Setuju,Setuju,Netral,Sangat Tidak Setuju,Tidak Setuju,Tidak Setuju,Tidak Setuju,Setuju,Tidak Setuju,Netral,Tidak Setuju,Tidak Setuju,Sangat Tidak Setuju,Sangat Tidak Setuju,Sangat Tidak Setuju,Tidak Setuju,Sangat Tidak Setuju,Sangat Tidak Setuju,Sangat Tidak Setuju,Sangat Tidak Setuju,Tidak Setuju,Tidak Setuju,Sangat Tidak Setuju,Netral,Tidak Setuju,Sangat Tidak Setuju,Sangat Tidak Setuju,Sangat Tidak Setuju,Tidak Setuju,Netral,Sangat Tidak Setuju,Netral,Sangat Tidak Setuju,Sangat Tidak Setuju,Tidak Setuju,Netral,Setuju,Tidak Setuju,Tidak Setuju,Tidak Setuju,Netral,Netral,Sangat Tidak Setuju,Netral,Netral,Netral,Sangat Tidak Setuju,Setuju,Netral,Tidak Setuju,Setuju,Tidak Setuju,Netral,Sangat Tidak Setuju,Netral,Tidak pernah,Sering,Tidak pernah,Tidak pernah,Kadang-Kadang,Jarang,Kadang-Kadang,Jarang,Selalu,Tidak pernah,Peduli,Sangat Tidak Memastikan,Kadang-Kadang,Jarang,Selalu,Tahu,Sering,Tidak Setuju,Netral,Sangat Tidak Setuju,500.000-1.500.000
Perempuan,18 -29 Tahun,Pelajar / Mahasiswa,SMA/Sederajat,Lebih dari 5 Platform,Instagram,3-4 Jam,Komunikasi Sosial,Tidak Setuju,Tidak Setuju,Tidak Setuju,Tidak Setuju,Netral,Tidak Setuju,Netral,Netral,Netral,Sangat Tidak Setuju,Sangat Tidak Setuju,Netral,Netral,Tidak Setuju,Netral,Sangat Setuju,Tidak Setuju,Sangat Tidak Setuju,Sangat Tidak Setuju,Sangat Tidak Setuju,Sangat Tidak Setuju,Netral,Sangat Tidak Setuju,Tidak Setuju,Setuju,Sangat Tidak Setuju,Netral,Tidak Setuju,Setuju,Setuju,Tidak Setuju,Sangat Tidak Setuju,Tidak Setuju,Tidak Setuju,Netral,Netral,Tidak Setuju,Setuju,Sangat Tidak Setuju,Netral,Sangat Tidak Setuju,Sangat Tidak Setuju,Tidak Setuju,Sangat Tidak Setuju,Sangat Tidak Setuju,Netral,Tidak Setuju,Sangat Tidak Setuju,Sangat Tidak Setuju,Sangat Tidak Setuju,Tidak Setuju,Sangat Tidak Setuju,Sangat Tidak Setuju,Sangat Tidak Setuju,Tidak Setuju,Sangat Tidak Setuju,Tidak Setuju,Sangat Tidak Setuju,Tidak Setuju,Sangat Tidak Setuju,Sangat Tidak Setuju,Jarang,Kadang-Kadang,Sering,Jarang,Jarang,Jarang,Jarang,Tidak pernah,Jarang,Tidak pernah,Cukup Peduli,Sering Memastikan,Kadang-Kadang,Sering,Selalu,Sangat Tahu / Sangat Memahami Langkah-Langkah yang Tepat,Sering,Setuju,Netral,Sangat Tidak Setuju,500.000-1.500.000
Perempuan,18 -29 Tahun,Pelajar / Mahasiswa,SMA/Sederajat,2- 3 Platform,Instagram,3-4 Jam,Komunikasi Sosial,Tidak Setuju,Tidak Setuju,Tidak Setuju,Tidak Setuju,Tidak Setuju,Tidak Setuju,Tidak Setuju,Tidak Setuju,Tidak Setuju,Tidak Setuju,Tidak Setuju,Tidak Setuju,Netral,Netral,Tidak Setuju,Netral,Setuju,Netral,Netral,Netral,Netral,Setuju,Netral,Netral,Tidak Setuju,Netral,Netral,Netral,Netral,Netral,Setuju,Tidak Setuju,Netral,Netral,Netral,Netral,Netral,Netral,Setuju,Netral,Setuju,Setuju,Setuju,Netral,Netral,Tidak Setuju,Netral,Netral,Netral,Netral,Netral,Netral,Netral,Setuju,Netral,Netral,Tidak Setuju,Netral,Netral,Setuju,Netral,Kadang-Kadang,Selalu,Selalu,Selalu,Sering,Selalu,Selalu,Sering,Sering,Sering,Sangat Peduli,Sangat/Selalu Memastikan,Selalu,Selalu,Selalu,Sangat Tahu / Sangat Memahami Langkah-Langkah yang Tepat,Selalu,Setuju,Tidak Setuju,Tidak Setuju,1.500.000-3.000.000
Laki-Laki,18 -29 Tahun,Pelajar / Mahasiswa,SMA/Sederajat,4-5 Platform,Instagram,Lebih dari 5 Jam,Hiburan/Rekreasi,Netral,Tidak Setuju,Netral,Tidak Setuju,Tidak Setuju,Netral,Tidak Setuju,Netral,Tidak Setuju,Netral,Netral,Tidak Setuju,Netral,Tidak Setuju,Tidak Setuju,Netral,Netral,Netral,Netral,Tidak Setuju,Netral,Netral,Netral,Netral,Tidak Setuju,Netral,Netral,Netral,Netral,Netral,Netral,Netral,Netral,Netral,Netral,Setuju,Netral,Netral,Netral,Netral,Setuju,Setuju,Tidak Setuju,Netral,Tidak Setuju,Netral,Tidak Setuju,Tidak Setuju,Netral,Tidak Setuju,Tidak Setuju,Tidak Setuju,Tidak Setuju,Tidak Setuju,Tidak Setuju,Netral,Netral,Netral,Tidak Setuju,Netral,Netral,Kadang-Kadang,Sering,Kadang-Kadang,Kadang-Kadang,Sering,Kadang-Kadang,Selalu,Sering,Kadang-Kadang,Jarang,Sangat Peduli,Kadang Memastikan,Sering,Kadang-Kadang,Sering,Cukup Tahu,Sering,Netral,Netral,Netral,1.500.000-3.000.000
Laki-Laki,18 -29 Tahun,Pelajar / Mahasiswa,SMA/Sederajat,2- 3 Platform,Instagram,1 -2 Jam,Hiburan/Rekreasi,Sangat Tidak Setuju,Sangat Tidak Setuju,Tidak Setuju,Tidak Setuju,Tidak Setuju,Tidak Setuju,Tidak Setuju,Sangat Tidak Setuju,Tidak Setuju,Sangat Tidak Setuju,Sangat Tidak Setuju,Sangat Tidak Setuju,Sangat Tidak Setuju,Netral,Sangat Tidak Setuju,Sangat Tidak Setuju,Netral,Tidak Setuju,Netral,Tidak Setuju,Tidak Setuju,Tidak Setuju,Tidak Setuju,Tidak Setuju,Tidak Setuju,Tidak Setuju,Tidak Setuju,Netral,Tidak Setuju,Tidak Setuju,Tidak Setuju,Tidak Setuju,Tidak Setuju,Tidak Setuju,Setuju,Tidak Setuju,Setuju,Netral,Netral,Netral,Netral,Netral,Netral,Netral,Netral,Netral,Netral,Netral,Netral,Netral,Netral,Netral,Netral,Netral,Netral,Netral,Netral,Netral,Netral,Netral,Netral,Kadang-Kadang,Sering,Sering,Sering,Sering,Sering,Sering,Sering,Sering,Sering,Peduli,Kadang Memastikan,Sering,Kadang-Kadang,Kadang-Kadang,Cukup Tahu,Kadang-Kadang,Sangat Tidak Setuju,Netral,Netral,Di bawah 500.000
Perempuan,18 -29 Tahun,Pelajar / Mahasiswa,SMA/Sederajat,Lebih dari 5 Platform,Instagram,Lebih dari 5 Jam,Hiburan/Rekreasi,Netral,Netral,Netral,Netral,Netral,Netral,Netral,Netral,Netral,Netral,Netral,Netral,Netral,Netral,Netral,Netral,Netral,Netral,Netral,Netral,Netral,Netral,Netral,Netral,Netral,Netral,Netral,Netral,Netral,Netral,Netral,Netral,Netral,Netral,Netral,Netral,Netral,Netral,Netral,Netral,Netral,Netral,Netral,Netral,Netral,Netral,Netral,Netral,Netral,Netral,Netral,Netral,Netral,Netral,Netral,Netral,Netral,Netral,Netral,Netral,Netral,Kadang-Kadang,Kadang-Kadang,Kadang-Kadang,Kadang-Kadang,Kadang-Kadang,Kadang-Kadang,Kadang-Kadang,Kadang-Kadang,Kadang-Kadang,Kadang-Kadang,Cukup Peduli,Kadang Memastikan,Kadang-Kadang,Kadang-Kadang,Kadang-Kadang,Cukup Tahu,Kadang-Kadang,Netral,Netral,Netral,1.500.000-3.000.000
Laki-Laki,18 -29 Tahun,Pelajar / Mahasiswa,SMA/Sederajat,2- 3 Platform,Instagram,3-4 Jam,Hiburan/Rekreasi,Tidak Setuju,Netral,Sangat Tidak Setuju,Tidak Setuju,Netral,Setuju,Setuju,Tidak Setuju,Tidak Setuju,Tidak Setuju,Tidak Setuju,Netral,Tidak Setuju,Setuju,Sangat Tidak Setuju,Netral,Tidak Setuju,Tidak Setuju,Tidak Setuju,Netral,Tidak Setuju,Tidak Setuju,Netral,Setuju,Tidak Setuju,Sangat Tidak Setuju,Setuju,Tidak Setuju,Sangat Tidak Setuju,Sangat Tidak Setuju,Netral,Tidak Setuju,Tidak Setuju,Setuju,Setuju,Netral,Tidak Setuju,Setuju,Sangat Setuju,Tidak Setuju,Netral,Tidak Setuju,Setuju,Sangat Tidak Setuju,Netral,Netral,Tidak Setuju,Tidak Setuju,Sangat Tidak Setuju,Tidak Setuju,Tidak Setuju,Netral,Netral,Sangat Tidak Setuju,Tidak Setuju,Netral,Tidak Setuju,Netral,Netral,Tidak Setuju,Setuju,Kadang-Kadang,Selalu,Selalu,Kadang-Kadang,Sering,Selalu,Jarang,Jarang,Selalu,Tidak pernah,Peduli,Kadang Memastikan,Jarang,Tidak Pernah,Selalu,Sangat Tahu / Sangat Memahami Langkah-Langkah yang Tepat,Selalu,Netral,Sangat Tidak Setuju,Sangat Tidak Setuju,1.500.000-3.000.000
Laki-Laki,18 -29 Tahun,Pelajar / Mahasiswa,SMA/Sederajat,4-5 Platform,WhatsApp,Lebih dari 5 Jam,Hiburan/Rekreasi,Tidak Setuju,Netral,Sangat Tidak Setuju,Tidak Setuju,Tidak Setuju,Setuju,Setuju,Tidak Setuju,Tidak Setuju,Netral,Setuju,Netral,Tidak Setuju,Setuju,Sangat Tidak Setuju,Netral,Tidak Setuju,Netral,Tidak Setuju,Netral,Tidak Setuju,Tidak Setuju,Sangat Tidak Setuju,Setuju,Tidak Setuju,Sangat Tidak Setuju,Setuju,Tidak Setuju,Sangat Tidak Setuju,Sangat Tidak Setuju,Setuju,Tidak Setuju,Tidak Setuju,Netral,Setuju,Setuju,Tidak Setuju,Setuju,Sangat Setuju,Sangat Tidak Setuju,Netral,Tidak Setuju,Setuju,Sangat Tidak Setuju,Sangat Tidak Setuju,Netral,Netral,Tidak Setuju,Sangat Tidak Setuju,Tidak Setuju,Tidak Setuju,Tidak Setuju,Netral,Sangat Tidak Setuju,Sangat Tidak Setuju,Tidak Setuju,Sangat Tidak Setuju,Netral,Netral,Netral,Setuju,Jarang,Selalu,Selalu,Kadang-Kadang,Kadang-Kadang,Selalu,Selalu,Kadang-Kadang,Selalu,Tidak pernah,Peduli,Kadang Memastikan,Tidak Pernah,Tidak Pernah,Selalu,Sangat Tahu / Sangat Memahami Langkah-Langkah yang Tepat,Selalu,Netral,Sangat Tidak Setuju,Sangat Tidak Setuju,500.000-1.500.000
Laki-Laki,18 -29 Tahun,Pelajar / Mahasiswa,SMA/Sederajat,2- 3 Platform,Instagram,2-3 Jam,Hiburan/Rekreasi,Setuju,Setuju,Netral,Tidak Setuju,Setuju,Netral,Sangat Setuju,Tidak Setuju,Sangat Setuju,Netral,Setuju,Netral,Sangat Setuju,Sangat Tidak Setuju,Setuju,Netral,Setuju,Tidak Setuju,Setuju,Netral,Sangat Tidak Setuju,Sangat Setuju,Setuju,Setuju,Netral,Setuju,Sangat Setuju,Sangat Setuju,Netral,Setuju,Sangat Setuju,Sangat Setuju,Setuju,Setuju,Sangat Setuju,Setuju,Setuju,Netral,Setuju,Setuju,Netral,Netral,Netral,Netral,Tidak Setuju,Setuju,Netral,Setuju,Setuju,Sangat Setuju,Setuju,Tidak Setuju,Setuju,Sangat Setuju,Setuju,Setuju,Sangat Setuju,Netral,Setuju,Sangat Setuju,Setuju,Kadang-Kadang,Sering,Sering,Kadang-Kadang,Jarang,Sering,Sering,Kadang-Kadang,Sering,Sering,Tidak Terlalu Peduli,Jarang Memastikan,Sering,Sering,Kadang-Kadang,Tahu,Jarang,Netral,Tidak Setuju,Setuju,500.000-1.500.000
Perempuan,18 -29 Tahun,Pelajar / Mahasiswa,S1/D3/D4,4-5 Platform,Instagram,2-3 Jam,Komunikasi Sosial,Setuju,Setuju,Setuju,Setuju,Setuju,Setuju,Setuju,Setuju,Setuju,Setuju,Setuju,Setuju,Setuju,Setuju,Setuju,Setuju,Netral,Tidak Setuju,Netral,Tidak Setuju,Tidak Setuju,Tidak Setuju,Tidak Setuju,Tidak Setuju,Tidak Setuju,Tidak Setuju,Tidak Setuju,Tidak Setuju,Tidak Setuju,Tidak Setuju,Setuju,Netral,Netral,Tidak Setuju,Setuju,Tidak Setuju,Setuju,Setuju,Setuju,Setuju,Setuju,Setuju,Setuju,Setuju,Setuju,Setuju,Tidak Setuju,Setuju,Setuju,Setuju,Netral,Setuju,Netral,Tidak Setuju,Setuju,Setuju,Setuju,Netral,Netral,Netral,Setuju,Sering,Sering,Sering,Sering,Sering,Kadang-Kadang,Sering,Sering,Kadang-Kadang,Sering,Peduli,Sering Memastikan,Sering,Sering,Sering,Tahu,Sering,Setuju,Tidak Setuju,Setuju,1.500.000-3.000.000
Perempuan,18 -29 Tahun,Pelajar / Mahasiswa,SMA/Sederajat,2- 3 Platform,Instagram,Lebih dari 5 Jam,Hiburan/Rekreasi,Netral,Netral,Netral,Netral,Netral,Netral,Netral,Netral,Netral,Netral,Netral,Netral,Netral,Netral,Netral,Netral,Netral,Netral,Netral,Netral,Netral,Netral,Netral,Netral,Netral,Netral,Netral,Netral,Netral,Netral,Netral,Netral,Netral,Netral,Netral,Netral,Netral,Netral,Netral,Netral,Netral,Netral,Netral,Netral,Netral,Netral,Netral,Netral,Netral,Netral,Netral,Netral,Netral,Netral,Netral,Netral,Netral,Netral,Netral,Netral,Netral,Kadang-Kadang,Kadang-Kadang,Kadang-Kadang,Kadang-Kadang,Kadang-Kadang,Kadang-Kadang,Kadang-Kadang,Kadang-Kadang,Kadang-Kadang,Kadang-Kadang,Sangat Peduli,Kadang Memastikan,Kadang-Kadang,Kadang-Kadang,Kadang-Kadang,Sangat Tahu / Sangat Memahami Langkah-Langkah yang Tepat,Sering,Netral,Netral,Netral,500.000-1.500.000
Laki-Laki,18 -29 Tahun,Pelajar / Mahasiswa,SMA/Sederajat,2- 3 Platform,Instagram,2-3 Jam,Hiburan/Rekreasi,Tidak Setuju,Netral,Netral,Netral,Netral,Netral,Netral,Netral,Netral,Netral,Netral,Tidak Setuju,Tidak Setuju,Tidak Setuju,Tidak Setuju,Netral,Tidak Setuju,Tidak Setuju,Tidak Setuju,Sangat Tidak Setuju,Tidak Setuju,Setuju,Tidak Setuju,Tidak Setuju,Tidak Setuju,Tidak Setuju,Netral,Tidak Setuju,Tidak Setuju,Netral,Netral,Netral,Tidak Setuju,Netral,Tidak Setuju,Netral,Netral,Netral,Netral,Netral,Netral,Netral,Netral,Netral,Netral,Netral,Netral,Netral,Netral,Tidak Setuju,Tidak Setuju,Netral,Tidak Setuju,Sangat Tidak Setuju,Tidak Setuju,Tidak Setuju,Tidak Setuju,Netral,Netral,Tidak Setuju,Netral,Jarang,Kadang-Kadang,Tidak pernah,Kadang-Kadang,Kadang-Kadang,Kadang-Kadang,Jarang,Kadang-Kadang,Sering,Jarang,Cukup Peduli,Kadang Memastikan,Kadang-Kadang,Kadang-Kadang,Kadang-Kadang,Cukup Tahu,Kadang-Kadang,Netral,Sangat Tidak Setuju,Tidak Setuju,1.500.000-3.000.000
Laki-Laki,18 -29 Tahun,Pelajar / Mahasiswa,S1/D3/D4,4-5 Platform,Youtube,3-4 Jam,Hiburan/Rekreasi,Netral,Setuju,Netral,Setuju,Setuju,Setuju,Setuju,Setuju,Netral,Setuju,Setuju,Setuju,Setuju,Setuju,Setuju,Setuju,Setuju,Setuju,Setuju,Setuju,Setuju,Setuju,Setuju,Setuju,Setuju,Setuju,Setuju,Netral,Setuju,Netral,Setuju,Setuju,Netral,Setuju,Setuju,Setuju,Setuju,Setuju,Setuju,Setuju,Setuju,Setuju,Setuju,Setuju,Netral,Setuju,Setuju,Setuju,Setuju,Setuju,Setuju,Setuju,Setuju,Netral,Netral,Netral,Netral,Netral,Setuju,Setuju,Setuju,Kadang-Kadang,Kadang-Kadang,Kadang-Kadang,Kadang-Kadang,Kadang-Kadang,Kadang-Kadang,Kadang-Kadang,Kadang-Kadang,Kadang-Kadang,Kadang-Kadang,Peduli,Kadang Memastikan,Kadang-Kadang,Kadang-Kadang,Kadang-Kadang,Cukup Tahu,Kadang-Kadang,Setuju,Setuju,Setuju,3.000.000-5.000.000
Perempuan,18 -29 Tahun,Pelajar / Mahasiswa,SMA/Sederajat,Lebih dari 5 Platform,Instagram,3-4 Jam,Pekerjaan/Bisnis,Netral,Netral,Netral,Netral,Netral,Netral,Netral,Netral,Netral,Netral,Netral,Netral,Netral,Netral,Netral,Netral,Netral,Netral,Netral,Netral,Netral,Netral,Netral,Netral,Netral,Netral,Netral,Netral,Netral,Netral,Netral,Tidak Setuju,Netral,Netral,Netral,Netral,Netral,Netral,Netral,Netral,Netral,Netral,Netral,Netral,Netral,Netral,Netral,Netral,Netral,Netral,Netral,Netral,Netral,Netral,Netral,Netral,Netral,Netral,Netral,Netral,Netral,Kadang-Kadang,Kadang-Kadang,Kadang-Kadang,Kadang-Kadang,Kadang-Kadang,Kadang-Kadang,Kadang-Kadang,Kadang-Kadang,Kadang-Kadang,Kadang-Kadang,Cukup Peduli,Kadang Memastikan,Kadang-Kadang,Kadang-Kadang,Kadang-Kadang,Cukup Tahu,Kadang-Kadang,Netral,Netral,Netral,1.500.000-3.000.000
Perempuan,18 -29 Tahun,Pelajar / Mahasiswa,SMA/Sederajat,2- 3 Platform,Instagram,4-5 Jam,Hiburan/Rekreasi,Tidak Setuju,Netral,Tidak Setuju,Tidak Setuju,Netral,Netral,Netral,Netral,Netral,Netral,Netral,Netral,Netral,Netral,Netral,Netral,Netral,Netral,Netral,Netral,Netral,Netral,Netral,Netral,Netral,Netral,Netral,Netral,Netral,Netral,Netral,Netral,Netral,Netral,Netral,Netral,Netral,Netral,Netral,Netral,Netral,Netral,Netral,Netral,Netral,Netral,Netral,Netral,Netral,Netral,Netral,Netral,Netral,Netral,Netral,Netral,Netral,Netral,Netral,Netral,Netral,Kadang-Kadang,Kadang-Kadang,Kadang-Kadang,Kadang-Kadang,Kadang-Kadang,Kadang-Kadang,Kadang-Kadang,Kadang-Kadang,Kadang-Kadang,Kadang-Kadang,Peduli,Kadang Memastikan,Kadang-Kadang,Kadang-Kadang,Kadang-Kadang,Cukup Tahu,Kadang-Kadang,Netral,Netral,Netral,Di bawah 500.000
Laki-Laki,18 -29 Tahun,Pelajar / Mahasiswa,SMA/Sederajat,Lebih dari 5 Platform,Facebook,Lebih dari 5 Jam,Pekerjaan/Bisnis,Netral,Netral,Tidak Setuju,Tidak Setuju,Tidak Setuju,Netral,Tidak Setuju,Netral,Sangat Tidak Setuju,Tidak Setuju,Tidak Setuju,Netral,Tidak Setuju,Tidak Setuju,Tidak Setuju,Sangat Tidak Setuju,Sangat Tidak Setuju,Sangat Tidak Setuju,Sangat Tidak Setuju,Sangat Tidak Setuju,Sangat Tidak Setuju,Sangat Tidak Setuju,Sangat Tidak Setuju,Sangat Tidak Setuju,Sangat Tidak Setuju,Sangat Tidak Setuju,Tidak Setuju,Netral,Tidak Setuju,Netral,Tidak Setuju,Tidak Setuju,Tidak Setuju,Tidak Setuju,Netral,Netral,Netral,Netral,Netral,Netral,Netral,Netral,Netral,Netral,Netral,Netral,Netral,Netral,Netral,Netral,Netral,Netral,Netral,Netral,Netral,Netral,Netral,Netral,Netral,Netral,Netral,Kadang-Kadang,Kadang-Kadang,Kadang-Kadang,Kadang-Kadang,Kadang-Kadang,Kadang-Kadang,Kadang-Kadang,Kadang-Kadang,Kadang-Kadang,Kadang-Kadang,Cukup Peduli,Kadang Memastikan,Kadang-Kadang,Kadang-Kadang,Kadang-Kadang,Cukup Tahu,Kadang-Kadang,Sangat Tidak Setuju,Tidak Setuju,Netral,di atas 10.000.000
Laki-Laki,18 -29 Tahun,Pelajar / Mahasiswa,S1/D3/D4,4-5 Platform,Instagram,3-4 Jam,Promosi diri/Branding,Tidak Setuju,Setuju,Tidak Setuju,Tidak Setuju,Tidak Setuju,Tidak Setuju,Tidak Setuju,Tidak Setuju,Tidak Setuju,Tidak Setuju,Tidak Setuju,Tidak Setuju,Tidak Setuju,Tidak Setuju,Tidak Setuju,Tidak Setuju,Netral,Setuju,Setuju,Tidak Setuju,Setuju,Setuju,Setuju,Setuju,Setuju,Setuju,Setuju,Tidak Setuju,Setuju,Tidak Setuju,Setuju,Setuju,Setuju,Netral,Netral,Tidak Setuju,Tidak Setuju,Tidak Setuju,Setuju,Setuju,Setuju,Setuju,Setuju,Setuju,Tidak Setuju,Setuju,Setuju,Setuju,Setuju,Setuju,Setuju,Setuju,Tidak Setuju,Setuju,Setuju,Setuju,Setuju,Netral,Netral,Setuju,Setuju,Sering,Sering,Kadang-Kadang,Sering,Kadang-Kadang,Sering,Kadang-Kadang,Kadang-Kadang,Sering,Sering,Peduli,Kadang Memastikan,Sering,Sering,Sering,Cukup Tahu,Sering,Tidak Setuju,Setuju,Setuju,3.000.000-5.000.000
Laki-Laki,18 -29 Tahun,Pelajar / Mahasiswa,SMA/Sederajat,2- 3 Platform,Instagram,3-4 Jam,Hiburan/Rekreasi,Tidak Setuju,Tidak Setuju,Tidak Setuju,Tidak Setuju,Netral,Tidak Setuju,Netral,Netral,Netral,Netral,Netral,Netral,Netral,Netral,Netral,Netral,Netral,Netral,Netral,Netral,Netral,Netral,Netral,Netral,Netral,Netral,Netral,Netral,Netral,Netral,Netral,Netral,Netral,Netral,Netral,Netral,Netral,Netral,Netral,Netral,Netral,Netral,Netral,Netral,Netral,Netral,Netral,Netral,Netral,Netral,Netral,Netral,Netral,Netral,Netral,Netral,Netral,Netral,Netral,Netral,Netral,Jarang,Jarang,Kadang-Kadang,Jarang,Kadang-Kadang,Jarang,Kadang-Kadang,Kadang-Kadang,Sering,Jarang,Cukup Peduli,Jarang Memastikan,Kadang-Kadang,Sering,Kadang-Kadang,Tahu,Jarang,Netral,Netral,Netral,1.500.000-3.000.000
Laki-Laki,18 -29 Tahun,Pelajar / Mahasiswa,SMA/Sederajat,Lebih dari 5 Platform,Multi-platform,3-4 Jam,Edukasi/Informasi,Sangat Tidak Setuju,Sangat Tidak Setuju,Sangat Tidak Setuju,Sangat Tidak Setuju,Setuju,Netral,Sangat Tidak Setuju,Netral,Tidak Setuju,Setuju,Tidak Setuju,Sangat Tidak Setuju,Tidak Setuju,Setuju,Netral,Tidak Setuju,Tidak Setuju,Sangat Tidak Setuju,Netral,Sangat Tidak Setuju,Tidak Setuju,Tidak Setuju,Sangat Tidak Setuju,Sangat Tidak Setuju,Sangat Tidak Setuju,Tidak Setuju,Netral,Netral,Sangat Tidak Setuju,Setuju,Sangat Tidak Setuju,Tidak Setuju,Sangat Tidak Setuju,Sangat Tidak Setuju,Sangat Tidak Setuju,Sangat Tidak Setuju,Netral,Netral,Netral,Tidak Setuju,Sangat Tidak Setuju,Netral,Tidak Setuju,Sangat Tidak Setuju,Sangat Tidak Setuju,Sangat Tidak Setuju,Sangat Tidak Setuju,Sangat Tidak Setuju,Tidak Setuju,Sangat Tidak Setuju,Sangat Tidak Setuju,Tidak Setuju,Setuju,Sangat Tidak Setuju,Sangat Tidak Setuju,Sangat Tidak Setuju,Sangat Tidak Setuju,Sangat Tidak Setuju,Tidak Setuju,Sangat Tidak Setuju,Setuju,Jarang,Tidak pernah,Tidak pernah,Jarang,Kadang-Kadang,Tidak pernah,Tidak pernah,Tidak pernah,Kadang-Kadang,Tidak pernah,Tidak Terlalu Peduli,Sangat Tidak Memastikan,Tidak Pernah,Tidak Pernah,Tidak Pernah,Sangat Tidak Tahu / Tidak Mengetahui Sama Sekali,Jarang,Tidak Setuju,Tidak Setuju,Sangat Tidak Setuju,3.000.000-5.000.000
Perempuan,18 -29 Tahun,Pelajar / Mahasiswa,SMA/Sederajat,2- 3 Platform,TikTok,Lebih dari 5 Jam,Hiburan/Rekreasi,Netral,Netral,Netral,Netral,Netral,Netral,Netral,Netral,Netral,Netral,Netral,Netral,Netral,Netral,Netral,Netral,Netral,Netral,Netral,Netral,Netral,Netral,Netral,Netral,Netral,Netral,Netral,Netral,Netral,Netral,Netral,Netral,Netral,Netral,Netral,Netral,Netral,Netral,Netral,Netral,Netral,Netral,Netral,Netral,Netral,Netral,Netral,Netral,Netral,Netral,Netral,Netral,Netral,Netral,Netral,Netral,Netral,Netral,Netral,Netral,Netral,Kadang-Kadang,Jarang,Jarang,Jarang,Jarang,Jarang,Jarang,Tidak pernah,Jarang,Jarang,Peduli,Kadang Memastikan,Selalu,Kadang-Kadang,Jarang,Cukup Tahu,Selalu,Netral,Netral,Netral,Di bawah 500.000
Perempuan,18 -29 Tahun,Pelajar / Mahasiswa,S1/D3/D4,2- 3 Platform,Instagram,3-4 Jam,Komunikasi Sosial,Tidak Setuju,Tidak Setuju,Netral,Netral,Netral,Netral,Netral,Netral,Netral,Netral,Netral,Netral,Netral,Netral,Netral,Netral,Setuju,Netral,Netral,Netral,Setuju,Netral,Netral,Netral,Netral,Netral,Netral,Netral,Netral,Setuju,Netral,Netral,Netral,Netral,Netral,Netral,Netral,Netral,Netral,Netral,Tidak Setuju,Tidak Setuju,Tidak Setuju,Tidak Setuju,Tidak Setuju,Tidak Setuju,Tidak Setuju,Netral,Netral,Netral,Netral,Netral,Netral,Tidak Setuju,Netral,Tidak Setuju,Tidak Setuju,Netral,Netral,Netral,Netral,Jarang,Sering,Sering,Kadang-Kadang,Kadang-Kadang,Kadang-Kadang,Kadang-Kadang,Kadang-Kadang,Kadang-Kadang,Jarang,Cukup Peduli,Sering Memastikan,Sering,Sering,Sering,Sangat Tahu / Sangat Memahami Langkah-Langkah yang Tepat,Sering,Netral,Setuju,Netral,500.000-1.500.000
Perempuan,18 -29 Tahun,Pelajar / Mahasiswa,SMA/Sederajat,4-5 Platform,Instagram,1 -2 Jam,Hiburan/Rekreasi,Netral,Netral,Netral,Netral,Netral,Netral,Netral,Netral,Netral,Netral,Netral,Netral,Netral,Netral,Netral,Netral,Netral,Netral,Netral,Netral,Netral,Netral,Netral,Netral,Netral,Netral,Netral,Netral,Netral,Netral,Netral,Netral,Netral,Netral,Netral,Netral,Netral,Netral,Netral,Netral,Netral,Netral,Netral,Netral,Netral,Netral,Netral,Netral,Netral,Netral,Netral,Netral,Netral,Netral,Netral,Netral,Netral,Netral,Netral,Netral,Netral,Kadang-Kadang,Kadang-Kadang,Kadang-Kadang,Kadang-Kadang,Kadang-Kadang,Kadang-Kadang,Kadang-Kadang,Kadang-Kadang,Kadang-Kadang,Kadang-Kadang,Peduli,Sering Memastikan,Sering,Sering,Sering,Tahu,Sering,Netral,Netral,Netral,Di bawah 500.000
Perempuan,18 -29 Tahun,Pelajar / Mahasiswa,S1/D3/D4,2- 3 Platform,Instagram,1 -2 Jam,Hiburan/Rekreasi,Netral,Netral,Netral,Netral,Netral,Netral,Netral,Netral,Netral,Netral,Netral,Netral,Netral,Netral,Netral,Netral,Netral,Netral,Netral,Netral,Netral,Netral,Netral,Netral,Netral,Netral,Netral,Netral,Netral,Netral,Netral,Netral,Setuju,Netral,Netral,Netral,Netral,Netral,Netral,Netral,Netral,Netral,Netral,Netral,Netral,Netral,Netral,Netral,Netral,Netral,Netral,Netral,Netral,Netral,Netral,Netral,Netral,Netral,Netral,Netral,Netral,Kadang-Kadang,Kadang-Kadang,Kadang-Kadang,Kadang-Kadang,Kadang-Kadang,Kadang-Kadang,Kadang-Kadang,Kadang-Kadang,Kadang-Kadang,Kadang-Kadang,Cukup Peduli,Kadang Memastikan,Kadang-Kadang,Kadang-Kadang,Kadang-Kadang,Cukup Tahu,Kadang-Kadang,Netral,Netral,Netral,500.000-1.500.000
Perempuan,18 -29 Tahun,Pelajar / Mahasiswa,SMA/Sederajat,4-5 Platform,Instagram,Lebih dari 5 Jam,Hiburan/Rekreasi,Netral,Netral,Netral,Netral,Netral,Netral,Netral,Netral,Netral,Netral,Netral,Netral,Netral,Netral,Netral,Netral,Tidak Setuju,Tidak Setuju,Tidak Setuju,Netral,Setuju,Setuju,Netral,Netral,Setuju,Netral,Netral,Netral,Netral,Netral,Setuju,Netral,Netral,Setuju,Setuju,Setuju,Netral,Tidak Setuju,Setuju,Setuju,Netral,Netral,Netral,Netral,Netral,Netral,Netral,Netral,Netral,Netral,Netral,Netral,Netral,Tidak Setuju,Tidak Setuju,Tidak Setuju,Tidak Setuju,Tidak Setuju,Netral,Netral,Netral,Jarang,Jarang,Kadang-Kadang,Kadang-Kadang,Sering,Sering,Sering,Kadang-Kadang,Jarang,Jarang,Peduli,Sering Memastikan,Sering,Sering,Sering,Cukup Tahu,Sering,Netral,Tidak Setuju,Netral,1.500.000-3.000.000
Laki-Laki,18 -29 Tahun,Pelajar / Mahasiswa,SMA/Sederajat,2- 3 Platform,Instagram,2-3 Jam,Hiburan/Rekreasi,Sangat Tidak Setuju,Sangat Tidak Setuju,Sangat Tidak Setuju,Sangat Tidak Setuju,Sangat Tidak Setuju,Sangat Tidak Setuju,Tidak Setuju,Sangat Tidak Setuju,Sangat Tidak Setuju,Sangat Tidak Setuju,Sangat Tidak Setuju,Sangat Tidak Setuju,Tidak Setuju,Tidak Setuju,Tidak Setuju,Tidak Setuju,Netral,Netral,Tidak Setuju,Tidak Setuju,Tidak Setuju,Netral,Tidak Setuju,Tidak Setuju,Tidak Setuju,Tidak Setuju,Tidak Setuju,Tidak Setuju,Tidak Setuju,Tidak Setuju,Netral,Tidak Setuju,Tidak Setuju,Tidak Setuju,Tidak Setuju,Tidak Setuju,Tidak Setuju,Tidak Setuju,Tidak Setuju,Tidak Setuju,Tidak Setuju,Tidak Setuju,Tidak Setuju,Tidak Setuju,Tidak Setuju,Tidak Setuju,Tidak Setuju,Tidak Setuju,Tidak Setuju,Tidak Setuju,Tidak Setuju,Tidak Setuju,Tidak Setuju,Tidak Setuju,Tidak Setuju,Tidak Setuju,Tidak Setuju,Tidak Setuju,Tidak Setuju,Tidak Setuju,Tidak Setuju,Jarang,Jarang,Jarang,Kadang-Kadang,Kadang-Kadang,Kadang-Kadang,Sering,Sering,Sering,Sering,Peduli,Sangat/Selalu Memastikan,Selalu,Selalu,Selalu,Sangat Tahu / Sangat Memahami Langkah-Langkah yang Tepat,Selalu,Tidak Setuju,Tidak Setuju,Tidak Setuju,500.000-1.500.000
Perempuan,18 -29 Tahun,Pelajar / Mahasiswa,Di bawah SMA/Sederajat,2- 3 Platform,Instagram,2-3 Jam,Edukasi/Informasi,Netral,Netral,Netral,Netral,Netral,Netral,Netral,Netral,Netral,Netral,Netral,Netral,Netral,Netral,Netral,Netral,Netral,Netral,Netral,Netral,Netral,Netral,Netral,Netral,Netral,Netral,Netral,Netral,Netral,Netral,Netral,Netral,Netral,Netral,Netral,Netral,Netral,Netral,Netral,Netral,Netral,Netral,Setuju,Tidak Setuju,Netral,Setuju,Setuju,Netral,Netral,Netral,Netral,Netral,Setuju,Netral,Netral,Netral,Netral,Netral,Netral,Tidak Setuju,Netral,Kadang-Kadang,Kadang-Kadang,Kadang-Kadang,Sering,Kadang-Kadang,Selalu,Selalu,Kadang-Kadang,Sering,Selalu,Sangat Peduli,Jarang Memastikan,Selalu,Sering,Sering,Tahu,Sering,Netral,Netral,Netral,1.500.000-3.000.000
Laki-Laki,18 -29 Tahun,Pelajar / Mahasiswa,SMA/Sederajat,2- 3 Platform,TikTok,3-4 Jam,Hiburan/Rekreasi,Tidak Setuju,Netral,Tidak Setuju,Tidak Setuju,Tidak Setuju,Tidak Setuju,Setuju,Tidak Setuju,Setuju,Tidak Setuju,Setuju,Tidak Setuju,Setuju,Tidak Setuju,Tidak Setuju,Setuju,Setuju,Tidak Setuju,Setuju,Sangat Tidak Setuju,Tidak Setuju,Setuju,Tidak Setuju,Tidak Setuju,Sangat Tidak Setuju,Tidak Setuju,Setuju,Tidak Setuju,Tidak Setuju,Tidak Setuju,Setuju,Tidak Setuju,Tidak Setuju,Setuju,Setuju,Setuju,Tidak Setuju,Tidak Setuju,Setuju,Tidak Setuju,Setuju,Tidak Setuju,Tidak Setuju,Tidak Setuju,Setuju,Tidak Setuju,Setuju,Tidak Setuju,Setuju,Tidak Setuju,Setuju,Setuju,Tidak Setuju,Tidak Setuju,Setuju,Tidak Setuju,Setuju,Setuju,Tidak Setuju,Tidak Setuju,Setuju,Jarang,Sering,Kadang-Kadang,Sering,Jarang,Sering,Kadang-Kadang,Selalu,Sering,Sering,Sangat Peduli,Sangat/Selalu Memastikan,Selalu,Selalu,Selalu,Sangat Tahu / Sangat Memahami Langkah-Langkah yang Tepat,Selalu,Setuju,Tidak Setuju,Setuju,1.500.000-3.000.000
Perempuan,18 -29 Tahun,Pelajar / Mahasiswa,SMA/Sederajat,2- 3 Platform,X (Twitter),3-4 Jam,Hiburan/Rekreasi,Sangat Setuju,Netral,Tidak Setuju,Tidak Setuju,Netral,Netral,Netral,Netral,Netral,Netral,Netral,Netral,Netral,Netral,Netral,Netral,Tidak Setuju,Sangat Tidak Setuju,Sangat Tidak Setuju,Tidak Setuju,Sangat Tidak Setuju,Setuju,Netral,Sangat Tidak Setuju,Sangat Setuju,Sangat Tidak Setuju,Tidak Setuju,Sangat Tidak Setuju,Netral,Netral,Sangat Tidak Setuju,Tidak Setuju,Netral,Sangat Tidak Setuju,Sangat Tidak Setuju,Sangat Tidak Setuju,Sangat Tidak Setuju,Netral,Setuju,Netral,Netral,Netral,Netral,Netral,Netral,Netral,Netral,Netral,Netral,Netral,Netral,Netral,Netral,Netral,Netral,Netral,Netral,Netral,Netral,Netral,Netral,Kadang-Kadang,Kadang-Kadang,Kadang-Kadang,Kadang-Kadang,Kadang-Kadang,Kadang-Kadang,Kadang-Kadang,Kadang-Kadang,Kadang-Kadang,Kadang-Kadang,Tidak Terlalu Peduli,Kadang Memastikan,Kadang-Kadang,Kadang-Kadang,Kadang-Kadang,Cukup Tahu,Kadang-Kadang,Netral,Sangat Tidak Setuju,Netral,500.000-1.500.000
Laki-Laki,18 -29 Tahun,Pelajar / Mahasiswa,SMA/Sederajat,2- 3 Platform,Discord,1 -2 Jam,Komunikasi Sosial,Sangat Tidak Setuju,Sangat Tidak Setuju,Sangat Tidak Setuju,Sangat Tidak Setuju,Sangat Tidak Setuju,Sangat Tidak Setuju,Sangat Tidak Setuju,Sangat Tidak Setuju,Sangat Tidak Setuju,Sangat Tidak Setuju,Netral,Sangat Tidak Setuju,Sangat Tidak Setuju,Sangat Tidak Setuju,Sangat Tidak Setuju,Sangat Tidak Setuju,Tidak Setuju,Sangat Tidak Setuju,Sangat Tidak Setuju,Sangat Tidak Setuju,Sangat Tidak Setuju,Sangat Tidak Setuju,Sangat Tidak Setuju,Sangat Tidak Setuju,Netral,Sangat Tidak Setuju,Sangat Tidak Setuju,Sangat Tidak Setuju,Sangat Tidak Setuju,Sangat Tidak Setuju,Netral,Setuju,Sangat Tidak Setuju,Setuju,Tidak Setuju,Setuju,Sangat Tidak Setuju,Sangat Tidak Setuju,Sangat Tidak Setuju,Sangat Tidak Setuju,Sangat Tidak Setuju,Sangat Tidak Setuju,Sangat Tidak Setuju,Sangat Tidak Setuju,Sangat Tidak Setuju,Sangat Tidak Setuju,Sangat Tidak Setuju,Sangat Tidak Setuju,Sangat Tidak Setuju,Sangat Tidak Setuju,Sangat Tidak Setuju,Sangat Tidak Setuju,Sangat Tidak Setuju,Sangat Tidak Setuju,Sangat Tidak Setuju,Sangat Tidak Setuju,Sangat Tidak Setuju,Sangat Tidak Setuju,Sangat Tidak Setuju,Sangat Tidak Setuju,Sangat Tidak Setuju,Sering,Selalu,Sering,Sering,Kadang-Kadang,Selalu,Selalu,Kadang-Kadang,Selalu,Jarang,Peduli,Sangat/Selalu Memastikan,Kadang-Kadang,Sering,Selalu,Sangat Tahu / Sangat Memahami Langkah-Langkah yang Tepat,Sering,Sangat Tidak Setuju,Sangat Tidak Setuju,Sangat Tidak Setuju,1.500.000-3.000.000
Laki-Laki,18 -29 Tahun,Pelajar / Mahasiswa,SMA/Sederajat,4-5 Platform,Instagram,2-3 Jam,Komunikasi Sosial,Tidak Setuju,Netral,Netral,Tidak Setuju,Sangat Setuju,Netral,Setuju,Netral,Tidak Setuju,Netral,Tidak Setuju,Tidak Setuju,Tidak Setuju,Netral,Sangat Tidak Setuju,Netral,Tidak Setuju,Tidak Setuju,Netral,Netral,Tidak Setuju,Setuju,Tidak Setuju,Setuju,Tidak Setuju,Tidak Setuju,Setuju,Setuju,Netral,Setuju,Sangat Setuju,Setuju,Setuju,Sangat Setuju,Setuju,Setuju,Tidak Setuju,Setuju,Setuju,Setuju,Sangat Setuju,Setuju,Tidak Setuju,Setuju,Tidak Setuju,Setuju,Setuju,Setuju,Tidak Setuju,Tidak Setuju,Tidak Setuju,Netral,Netral,Tidak Setuju,Tidak Setuju,Tidak Setuju,Tidak Setuju,Netral,Netral,Tidak Setuju,Netral,Sering,Kadang-Kadang,Selalu,Sering,Kadang-Kadang,Selalu,Sering,Sering,Selalu,Sering,Sangat Peduli,Sering Memastikan,Sering,Selalu,Sering,Sangat Tahu / Sangat Memahami Langkah-Langkah yang Tepat,Kadang-Kadang,Tidak Setuju,Tidak Setuju,Tidak Setuju,Di bawah 500.000
Perempuan,18 -29 Tahun,Pelajar / Mahasiswa,SMA/Sederajat,2- 3 Platform,Instagram,1 -2 Jam,Hiburan/Rekreasi,Setuju,Setuju,Setuju,Sangat Setuju,Sangat Setuju,Sangat Setuju,Setuju,Setuju,Setuju,Netral,Setuju,Setuju,Netral,Setuju,Setuju,Setuju,Tidak Setuju,Netral,Setuju,Tidak Setuju,Sangat Tidak Setuju,Netral,Netral,Tidak Setuju,Sangat Setuju,Setuju,Netral,Netral,Setuju,Setuju,Setuju,Setuju,Netral,Netral,Sangat Setuju,Sangat Setuju,Sangat Setuju,Setuju,Setuju,Sangat Setuju,Setuju,Netral,Setuju,Setuju,Sangat Setuju,Sangat Setuju,Setuju,Setuju,Setuju,Sangat Setuju,Setuju,Setuju,Sangat Setuju,Tidak Setuju,Sangat Setuju,Setuju,Netral,Setuju,Sangat Setuju,Tidak Setuju,Sangat Setuju,Jarang,Kadang-Kadang,Selalu,Selalu,Sering,Jarang,Sering,Selalu,Selalu,Jarang,Sangat Peduli,Jarang Memastikan,Kadang-Kadang,Sering,Selalu,Cukup Tahu,Kadang-Kadang,Setuju,Setuju,Setuju,Di bawah 500.000
Perempuan,18 -29 Tahun,Pelajar / Mahasiswa,SMA/Sederajat,4-5 Platform,Instagram,4-5 Jam,Hiburan/Rekreasi,Tidak Setuju,Setuju,Setuju,Tidak Setuju,Tidak Setuju,Netral,Netral,Netral,Netral,Tidak Setuju,Tidak Setuju,Netral,Netral,Sangat Tidak Setuju,Tidak Setuju,Netral,Setuju,Tidak Setuju,Tidak Setuju,Setuju,Netral,Setuju,Setuju,Tidak Setuju,Netral,Netral,Tidak Setuju,Setuju,Netral,Netral,Netral,Netral,Tidak Setuju,Netral,Netral,Netral,Tidak Setuju,Netral,Netral,Tidak Setuju,Netral,Setuju,Tidak Setuju,Netral,Netral,Tidak Setuju,Netral,Setuju,Setuju,Sangat Tidak Setuju,Netral,Netral,Tidak Setuju,Tidak Setuju,Setuju,Setuju,Tidak Setuju,Netral,Netral,Netral,Netral,Sering,Sering,Sering,Jarang,Tidak pernah,Sering,Selalu,Kadang-Kadang,Sering,Jarang,Peduli,Sering Memastikan,Kadang-Kadang,Kadang-Kadang,Selalu,Sangat Tahu / Sangat Memahami Langkah-Langkah yang Tepat,Selalu,Tidak Setuju,Tidak Setuju,Netral,1.500.000-3.000.000
Laki-Laki,18 -29 Tahun,Pelajar / Mahasiswa,SMA/Sederajat,2- 3 Platform,Instagram,2-3 Jam,Hiburan/Rekreasi,Netral,Tidak Setuju,Tidak Setuju,Sangat Tidak Setuju,Sangat Tidak Setuju,Sangat Tidak Setuju,Tidak Setuju,Netral,Tidak Setuju,Sangat Tidak Setuju,Sangat Tidak Setuju,Tidak Setuju,Sangat Tidak Setuju,Tidak Setuju,Sangat Tidak Setuju,Sangat Tidak Setuju,Netral,Setuju,Tidak Setuju,Sangat Tidak Setuju,Tidak Setuju,Netral,Tidak Setuju,Setuju,Setuju,Tidak Setuju,Setuju,Netral,Netral,Tidak Setuju,Setuju,Setuju,Netral,Setuju,Tidak Setuju,Tidak Setuju,Setuju,Tidak Setuju,Netral,Tidak Setuju,Netral,Tidak Setuju,Setuju,Tidak Setuju,Tidak Setuju,Setuju,Tidak Setuju,Setuju,Tidak Setuju,Netral,Setuju,Tidak Setuju,Setuju,Tidak Setuju,Setuju,Tidak Setuju,Setuju,Netral,Tidak Setuju,Setuju,Setuju,Sering,Sering,Sering,Sering,Kadang-Kadang,Jarang,Sering,Sering,Selalu,Jarang,Peduli,Sangat/Selalu Memastikan,Selalu,Sering,Sering,Tahu,Kadang-Kadang,Sangat Tidak Setuju,Setuju,Tidak Setuju,1.500.000-3.000.000
Laki-Laki,18 -29 Tahun,Pelajar / Mahasiswa,SMA/Sederajat,2- 3 Platform,Youtube,Kurang dari 1 jam,Pekerjaan/Bisnis,Netral,Tidak Setuju,Tidak Setuju,Tidak Setuju,Tidak Setuju,Setuju,Netral,Sangat Tidak Setuju,Tidak Setuju,Netral,Netral,Setuju,Tidak Setuju,Setuju,Sangat Tidak Setuju,Sangat Tidak Setuju,Setuju,Setuju,Setuju,Sangat Tidak Setuju,Netral,Tidak Setuju,Tidak Setuju,Tidak Setuju,Netral,Netral,Netral,Sangat Tidak Setuju,Sangat Tidak Setuju,Netral,Netral,Netral,Netral,Netral,Netral,Netral,Netral,Netral,Netral,Netral,Netral,Netral,Setuju,Setuju,Setuju,Setuju,Setuju,Setuju,Setuju,Setuju,Setuju,Setuju,Setuju,Setuju,Setuju,Tidak Setuju,Tidak Setuju,Tidak Setuju,Tidak Setuju,Tidak Setuju,Tidak Setuju,Selalu,Selalu,Selalu,Selalu,Selalu,Selalu,Selalu,Selalu,Selalu,Selalu,Sangat Peduli,Sangat/Selalu Memastikan,Selalu,Selalu,Selalu,Sangat Tahu / Sangat Memahami Langkah-Langkah yang Tepat,Selalu,Netral,Sangat Tidak Setuju,Tidak Setuju,Di bawah 500.000
Perempuan,18 -29 Tahun,Pelajar / Mahasiswa,SMA/Sederajat,2- 3 Platform,TikTok,3-4 Jam,Hiburan/Rekreasi,Tidak Setuju,Tidak Setuju,Sangat Tidak Setuju,Setuju,Sangat Tidak Setuju,Tidak Setuju,Netral,Sangat Tidak Setuju,Sangat Tidak Setuju,Sangat Tidak Setuju,Setuju,Tidak Setuju,Tidak Setuju,Netral,Tidak Setuju,Tidak Setuju,Tidak Setuju,Sangat Tidak Setuju,Sangat Tidak Setuju,Sangat Tidak Setuju,Tidak Setuju,Tidak Setuju,Tidak Setuju,Sangat Tidak Setuju,Netral,Tidak Setuju,Netral,Sangat Tidak Setuju,Tidak Setuju,Netral,Setuju,Sangat Tidak Setuju,Sangat Tidak Setuju,Sangat Tidak Setuju,Setuju,Tidak Setuju,Tidak Setuju,Setuju,Netral,Sangat Tidak Setuju,Sangat Setuju,Sangat Tidak Setuju,Tidak Setuju,Sangat Tidak Setuju,Sangat Tidak Setuju,Tidak Setuju,Tidak Setuju,Sangat Tidak Setuju,Tidak Setuju,Sangat Tidak Setuju,Tidak Setuju,Setuju,Sangat Tidak Setuju,Sangat Tidak Setuju,Tidak Setuju,Sangat Tidak Setuju,Tidak Setuju,Sangat Setuju,Sangat Setuju,Setuju,Sangat Setuju,Kadang-Kadang,Kadang-Kadang,Jarang,Kadang-Kadang,Kadang-Kadang,Jarang,Selalu,Kadang-Kadang,Selalu,Jarang,Peduli,Sering Memastikan,Sering,Sering,Kadang-Kadang,Cukup Tahu,Selalu,Tidak Setuju,Sangat Tidak Setuju,Sangat Tidak Setuju,1.500.000-3.000.000
Perempuan,18 -29 Tahun,Pelajar / Mahasiswa,S1/D3/D4,2- 3 Platform,Instagram,2-3 Jam,Komunikasi Sosial,Sangat Tidak Setuju,Sangat Tidak Setuju,Sangat Tidak Setuju,Sangat Tidak Setuju,Tidak Setuju,Sangat Tidak Setuju,Sangat Tidak Setuju,Sangat Tidak Setuju,Sangat Tidak Setuju,Sangat Tidak Setuju,Sangat Tidak Setuju,Sangat Tidak Setuju,Tidak Setuju,Sangat Tidak Setuju,Sangat Tidak Setuju,Sangat Tidak Setuju,Tidak Setuju,Netral,Tidak Setuju,Tidak Setuju,Tidak Setuju,Setuju,Setuju,Setuju,Sangat Setuju,Sangat Setuju,Tidak Setuju,Tidak Setuju,Tidak Setuju,Tidak Setuju,Setuju,Sangat Tidak Setuju,Tidak Setuju,Tidak Setuju,Sangat Tidak Setuju,Tidak Setuju,Sangat Tidak Setuju,Setuju,Tidak Setuju,Sangat Tidak Setuju,Netral,Sangat Setuju,Sangat Tidak Setuju,Sangat Tidak Setuju,Sangat Tidak Setuju,Sangat Tidak Setuju,Sangat Tidak Setuju,Sangat Tidak Setuju,Sangat Tidak Setuju,Sangat Tidak Setuju,Tidak Setuju,Tidak Setuju,Sangat Tidak Setuju,Sangat Tidak Setuju,Sangat Tidak Setuju,Sangat Tidak Setuju,Sangat Tidak Setuju,Sangat Tidak Setuju,Sangat Tidak Setuju,Tidak Setuju,Sangat Tidak Setuju,Sering,Selalu,Selalu,Selalu,Selalu,Jarang,Selalu,Selalu,Selalu,Sering,Sangat Peduli,Sangat/Selalu Memastikan,Selalu,Selalu,Selalu,Tahu,Selalu,Sangat Tidak Setuju,Sangat Tidak Setuju,Sangat Tidak Setuju,3.000.000-5.000.000
Perempuan,18 -29 Tahun,Pelajar / Mahasiswa,SMA/Sederajat,Lebih dari 5 Platform,Instagram,1 -2 Jam,Komunikasi Sosial,Setuju,Netral,Netral,Netral,Sangat Setuju,Sangat Setuju,Netral,Setuju,Setuju,Setuju,Tidak Setuju,Netral,Setuju,Netral,Sangat Setuju,Sangat Setuju,Tidak Setuju,Tidak Setuju,Tidak Setuju,Tidak Setuju,Sangat Tidak Setuju,Sangat Tidak Setuju,Sangat Tidak Setuju,Tidak Setuju,Sangat Tidak Setuju,Sangat Tidak Setuju,Sangat Tidak Setuju,Sangat Tidak Setuju,Sangat Tidak Setuju,Sangat Tidak Setuju,Tidak Setuju,Sangat Tidak Setuju,Sangat Tidak Setuju,Sangat Tidak Setuju,Sangat Tidak Setuju,Tidak Setuju,Tidak Setuju,Sangat Tidak Setuju,Sangat Tidak Setuju,Sangat Tidak Setuju,Sangat Tidak Setuju,Sangat Tidak Setuju,Sangat Setuju,Setuju,Netral,Sangat Tidak Setuju,Setuju,Tidak Setuju,Tidak Setuju,Sangat Tidak Setuju,Tidak Setuju,Tidak Setuju,Sangat Tidak Setuju,Sangat Tidak Setuju,Sangat Tidak Setuju,Tidak Setuju,Sangat Tidak Setuju,Sangat Tidak Setuju,Sangat Tidak Setuju,Sangat Tidak Setuju,Sangat Tidak Setuju,Sering,Kadang-Kadang,Sering,Kadang-Kadang,Kadang-Kadang,Sering,Selalu,Sering,Selalu,Kadang-Kadang,Sangat Peduli,Sering Memastikan,Jarang,Selalu,Selalu,Sangat Tahu / Sangat Memahami Langkah-Langkah yang Tepat,Selalu,Setuju,Tidak Setuju,Sangat Tidak Setuju,1.500.000-3.000.000
Laki-Laki,18 -29 Tahun,Pelajar / Mahasiswa,SMA/Sederajat,1 Platform,Instagram,Kurang dari 1 jam,Edukasi/Informasi,Sangat Tidak Setuju,Sangat Tidak Setuju,Sangat Tidak Setuju,Sangat Tidak Setuju,Sangat Tidak Setuju,Sangat Tidak Setuju,Sangat Tidak Setuju,Sangat Tidak Setuju,Sangat Tidak Setuju,Sangat Tidak Setuju,Setuju,Sangat Tidak Setuju,Sangat Tidak Setuju,Sangat Tidak Setuju,Tidak Setuju,Sangat Tidak Setuju,Sangat Tidak Setuju,Sangat Tidak Setuju,Tidak Setuju,Sangat Tidak Setuju,Sangat Tidak Setuju,Sangat Tidak Setuju,Sangat Tidak Setuju,Setuju,Sangat Tidak Setuju,Sangat Tidak Setuju,Sangat Tidak Setuju,Sangat Tidak Setuju,Sangat Tidak Setuju,Sangat Setuju,Setuju,Tidak Setuju,Tidak Setuju,Tidak Setuju,Tidak Setuju,Tidak Setuju,Tidak Setuju,Sangat Setuju,Sangat Setuju,Sangat Tidak Setuju,Sangat Tidak Setuju,Sangat Tidak Setuju,Sangat Setuju,Sangat Setuju,Sangat Setuju,Setuju,Setuju,Tidak Setuju,Setuju,Setuju,Sangat Setuju,Setuju,Sangat Tidak Setuju,Sangat Tidak Setuju,Sangat Setuju,Sangat Tidak Setuju,Tidak Setuju,Sangat Tidak Setuju,Sangat Tidak Setuju,Sangat Tidak Setuju,Sangat Tidak Setuju,Tidak pernah,Tidak pernah,Tidak pernah,Tidak pernah,Tidak pernah,Tidak pernah,Kadang-Kadang,Tidak pernah,Tidak pernah,Tidak pernah,Tidak Terlalu Peduli,Kadang Memastikan,Tidak Pernah,Tidak Pernah,Sering,Kurang Tahu,Tidak Pernah,Sangat Tidak Setuju,Sangat Tidak Setuju,Sangat Tidak Setuju,3.000.000-5.000.000
Laki-Laki,18 -29 Tahun,Pelajar / Mahasiswa,SMA/Sederajat,Lebih dari 5 Platform,TikTok,3-4 Jam,Hiburan/Rekreasi,Netral,Tidak Setuju,Tidak Setuju,Tidak Setuju,Netral,Setuju,Setuju,Setuju,Setuju,Setuju,Tidak Setuju,Netral,Setuju,Tidak Setuju,Setuju,Netral,Sangat Tidak Setuju,Setuju,Tidak Setuju,Tidak Setuju,Tidak Setuju,Tidak Setuju,Tidak Setuju,Netral,Setuju,Tidak Setuju,Setuju,Setuju,Netral,Setuju,Setuju,Tidak Setuju,Setuju,Netral,Tidak Setuju,Setuju,Tidak Setuju,Setuju,Setuju,Sangat Setuju,Tidak Setuju,Setuju,Tidak Setuju,Setuju,Netral,Netral,Tidak Setuju,Setuju,Tidak Setuju,Setuju,Tidak Setuju,Setuju,Tidak Setuju,Setuju,Netral,Tidak Setuju,Tidak Setuju,Netral,Setuju,Tidak Setuju,Netral,Selalu,Selalu,Sering,Sering,Sering,Sering,Tidak pernah,Sering,Sering,Selalu,Peduli,Sering Memastikan,Sering,Sering,Sering,Tahu,Selalu,Setuju,Tidak Setuju,Netral,500.000-1.500.000
Laki-Laki,18 -29 Tahun,Pelajar / Mahasiswa,SMA/Sederajat,Lebih dari 5 Platform,TikTok,Lebih dari 5 Jam,Hiburan/Rekreasi,Tidak Setuju,Tidak Setuju,Netral,Sangat Tidak Setuju,Netral,Netral,Tidak Setuju,Tidak Setuju,Sangat Tidak Setuju,Sangat Tidak Setuju,Netral,Netral,Netral,Netral,Netral,Sangat Tidak Setuju,Sangat Setuju,Sangat Setuju,Tidak Setuju,Sangat Tidak Setuju,Netral,Tidak Setuju,Sangat Tidak Setuju,Netral,Setuju,Sangat Tidak Setuju,Sangat Tidak Setuju,Sangat Tidak Setuju,Sangat Tidak Setuju,Netral,Sangat Tidak Setuju,Sangat Setuju,Sangat Setuju,Sangat Setuju,Setuju,Netral,Sangat Setuju,Sangat Setuju,Sangat Setuju,Netral,Sangat Setuju,Setuju,Netral,Sangat Tidak Setuju,Tidak Setuju,Netral,Sangat Tidak Setuju,Tidak Setuju,Setuju,Tidak Setuju,Netral,Sangat Setuju,Netral,Setuju,Setuju,Netral,Setuju,Tidak Setuju,Tidak Setuju,Netral,Netral,Kadang-Kadang,Kadang-Kadang,Jarang,Tidak pernah,Tidak pernah,Kadang-Kadang,Kadang-Kadang,Kadang-Kadang,Tidak pernah,Kadang-Kadang,Tidak Terlalu Peduli,Sangat/Selalu Memastikan,Selalu,Selalu,Kadang-Kadang,Cukup Tahu,Kadang-Kadang,Tidak Setuju,Tidak Setuju,Netral,500.000-1.500.000
Laki-Laki,18 -29 Tahun,Pelajar / Mahasiswa,SMA/Sederajat,2- 3 Platform,Instagram,Lebih dari 5 Jam,Hiburan/Rekreasi,Tidak Setuju,Tidak Setuju,Tidak Setuju,Tidak Setuju,Sangat Tidak Setuju,Tidak Setuju,Sangat Tidak Setuju,Sangat Tidak Setuju,Sangat Tidak Setuju,Setuju,Tidak Setuju,Setuju,Setuju,Tidak Setuju,Setuju,Tidak Setuju,Setuju,Setuju,Tidak Setuju,Tidak Setuju,Setuju,Sangat Tidak Setuju,Setuju,Sangat Tidak Setuju,Setuju,Tidak Setuju,Sangat Setuju,Sangat Setuju,Tidak Setuju,Sangat Setuju,Setuju,Tidak Setuju,Tidak Setuju,Setuju,Sangat Setuju,Tidak Setuju,Setuju,Setuju,Sangat Setuju,Setuju,Sangat Tidak Setuju,Sangat Tidak Setuju,Setuju,Tidak Setuju,Setuju,Sangat Setuju,Setuju,Tidak Setuju,Tidak Setuju,Sangat Tidak Setuju,Sangat Setuju,Setuju,Setuju,Setuju,Setuju,Setuju,Sangat Setuju,Tidak Setuju,Sangat Setuju,Tidak Setuju,Setuju,Kadang-Kadang,Sering,Sering,Selalu,Sering,Selalu,Sering,Sering,Kadang-Kadang,Tidak pernah,Cukup Peduli,Kadang Memastikan,Sering,Kadang-Kadang,Kadang-Kadang,Sangat Tahu / Sangat Memahami Langkah-Langkah yang Tepat,Sering,Setuju,Tidak Setuju,Setuju,3.000.000-5.000.000
Laki-Laki,18 -29 Tahun,Pelajar / Mahasiswa,S1/D3/D4,Lebih dari 5 Platform,TikTok,1 -2 Jam,Edukasi/Informasi,Netral,Netral,Netral,Netral,Tidak Setuju,Tidak Setuju,Tidak Setuju,Netral,Netral,Netral,Netral,Netral,Netral,Netral,Netral,Netral,Netral,Netral,Netral,Netral,Netral,Netral,Netral,Netral,Netral,Netral,Netral,Netral,Setuju,Setuju,Netral,Netral,Netral,Netral,Netral,Netral,Netral,Netral,Netral,Netral,Netral,Netral,Netral,Netral,Netral,Netral,Netral,Netral,Netral,Netral,Netral,Netral,Netral,Netral,Netral,Netral,Netral,Netral,Netral,Netral,Netral,Kadang-Kadang,Kadang-Kadang,Kadang-Kadang,Kadang-Kadang,Kadang-Kadang,Kadang-Kadang,Kadang-Kadang,Kadang-Kadang,Kadang-Kadang,Kadang-Kadang,Cukup Peduli,Kadang Memastikan,Kadang-Kadang,Kadang-Kadang,Kadang-Kadang,Cukup Tahu,Kadang-Kadang,Netral,Netral,Netral,Di bawah 500.000
Laki-Laki,18 -29 Tahun,Pelajar / Mahasiswa,SMA/Sederajat,2- 3 Platform,Instagram,1 -2 Jam,Hiburan/Rekreasi,Tidak Setuju,Tidak Setuju,Tidak Setuju,Netral,Netral,Netral,Netral,Netral,Netral,Netral,Setuju,Setuju,Setuju,Setuju,Setuju,Setuju,Setuju,Setuju,Setuju,Setuju,Setuju,Setuju,Setuju,Setuju,Setuju,Setuju,Setuju,Setuju,Setuju,Setuju,Setuju,Setuju,Setuju,Setuju,Setuju,Setuju,Setuju,Setuju,Setuju,Setuju,Setuju,Setuju,Setuju,Setuju,Setuju,Setuju,Setuju,Setuju,Setuju,Setuju,Setuju,Setuju,Setuju,Setuju,Setuju,Setuju,Setuju,Setuju,Setuju,Setuju,Setuju,Sering,Kadang-Kadang,Kadang-Kadang,Kadang-Kadang,Sering,Kadang-Kadang,Sering,Sering,Sering,Sering,Peduli,Sangat/Selalu Memastikan,Selalu,Selalu,Kadang-Kadang,Sangat Tahu / Sangat Memahami Langkah-Langkah yang Tepat,Selalu,Setuju,Setuju,Setuju,1.500.000-3.000.000
Laki-Laki,18 -29 Tahun,Pelajar / Mahasiswa,SMA/Sederajat,2- 3 Platform,Instagram,2-3 Jam,Hiburan/Rekreasi,Setuju,Setuju,Setuju,Setuju,Setuju,Setuju,Setuju,Setuju,Setuju,Setuju,Setuju,Setuju,Setuju,Setuju,Setuju,Setuju,Tidak Setuju,Tidak Setuju,Tidak Setuju,Tidak Setuju,Tidak Setuju,Tidak Setuju,Tidak Setuju,Tidak Setuju,Tidak Setuju,Tidak Setuju,Tidak Setuju,Tidak Setuju,Tidak Setuju,Tidak Setuju,Netral,Tidak Setuju,Tidak Setuju,Netral,Netral,Netral,Netral,Tidak Setuju,Tidak Setuju,Tidak Setuju,Tidak Setuju,Tidak Setuju,Tidak Setuju,Tidak Setuju,Tidak Setuju,Sangat Tidak Setuju,Tidak Setuju,Tidak Setuju,Tidak Setuju,Tidak Setuju,Tidak Setuju,Tidak Setuju,Tidak Setuju,Sangat Tidak Setuju,Tidak Setuju,Tidak Setuju,Tidak Setuju,Tidak Setuju,Sangat Tidak Setuju,Tidak Setuju,Tidak Setuju,Jarang,Jarang,Kadang-Kadang,Kadang-Kadang,Sering,Sering,Kadang-Kadang,Kadang-Kadang,Kadang-Kadang,Jarang,Cukup Peduli,Jarang Memastikan,Kadang-Kadang,Kadang-Kadang,Kadang-Kadang,Tahu,Kadang-Kadang,Setuju,Tidak Setuju,Tidak Setuju,500.000-1.500.000
Laki-Laki,18 -29 Tahun,Pelajar / Mahasiswa,SMA/Sederajat,2- 3 Platform,Youtube,2-3 Jam,Hiburan/Rekreasi,Tidak Setuju,Tidak Setuju,Tidak Setuju,Tidak Setuju,Tidak Setuju,Tidak Setuju,Tidak Setuju,Tidak Setuju,Tidak Setuju,Tidak Setuju,Tidak Setuju,Tidak Setuju,Tidak Setuju,Tidak Setuju,Tidak Setuju,Tidak Setuju,Netral,Tidak Setuju,Tidak Setuju,Tidak Setuju,Tidak Setuju,Tidak Setuju,Tidak Setuju,Tidak Setuju,Tidak Setuju,Tidak Setuju,Tidak Setuju,Tidak Setuju,Tidak Setuju,Tidak Setuju,Tidak Setuju,Tidak Setuju,Tidak Setuju,Tidak Setuju,Tidak Setuju,Tidak Setuju,Tidak Setuju,Tidak Setuju,Tidak Setuju,Tidak Setuju,Tidak Setuju,Tidak Setuju,Tidak Setuju,Tidak Setuju,Tidak Setuju,Tidak Setuju,Tidak Setuju,Tidak Setuju,Tidak Setuju,Tidak Setuju,Tidak Setuju,Tidak Setuju,Tidak Setuju,Tidak Setuju,Tidak Setuju,Tidak Setuju,Tidak Setuju,Tidak Setuju,Tidak Setuju,Tidak Setuju,Tidak Setuju,Jarang,Sering,Sering,Kadang-Kadang,Kadang-Kadang,Sering,Kadang-Kadang,Kadang-Kadang,Kadang-Kadang,Jarang,Cukup Peduli,Sering Memastikan,Kadang-Kadang,Kadang-Kadang,Kadang-Kadang,Cukup Tahu,Kadang-Kadang,Tidak Setuju,Tidak Setuju,Tidak Setuju,3.000.000-5.000.000
Perempuan,18 -29 Tahun,Pelajar / Mahasiswa,SMA/Sederajat,4-5 Platform,Instagram,Lebih dari 5 Jam,Hiburan/Rekreasi,Tidak Setuju,Sangat Tidak Setuju,Tidak Setuju,Tidak Setuju,Netral,Netral,Netral,Sangat Tidak Setuju,Netral,Netral,Tidak Setuju,Tidak Setuju,Netral,Netral,Netral,Netral,Setuju,Netral,Sangat Setuju,Setuju,Netral,Netral,Netral,Setuju,Setuju,Tidak Setuju,Tidak Setuju,Netral,Tidak Setuju,Netral,Netral,Netral,Tidak Setuju,Setuju,Setuju,Netral,Netral,Setuju,Netral,Tidak Setuju,Netral,Setuju,Netral,Tidak Setuju,Setuju,Netral,Setuju,Tidak Setuju,Netral,Netral,Setuju,Tidak Setuju,Tidak Setuju,Netral,Tidak Setuju,Netral,Netral,Setuju,Setuju,Netral,Setuju,Kadang-Kadang,Selalu,Selalu,Sering,Selalu,Selalu,Selalu,Sering,Sering,Kadang-Kadang,Sangat Peduli,Sangat/Selalu Memastikan,Sering,Selalu,Sering,Sangat Tahu / Sangat Memahami Langkah-Langkah yang Tepat,Sering,Netral,Netral,Netral,500.000-1.500.000
Laki-Laki,18 -29 Tahun,Pelajar / Mahasiswa,SMA/Sederajat,2- 3 Platform,Instagram,2-3 Jam,Edukasi/Informasi,Netral,Netral,Netral,Netral,Netral,Netral,Netral,Netral,Netral,Netral,Netral,Netral,Netral,Tidak Setuju,Netral,Netral,Setuju,Tidak Setuju,Netral,Netral,Tidak Setuju,Netral,Tidak Setuju,Setuju,Tidak Setuju,Tidak Setuju,Tidak Setuju,Netral,Tidak Setuju,Netral,Netral,Tidak Setuju,Sangat Tidak Setuju,Netral,Netral,Netral,Netral,Setuju,Netral,Tidak Setuju,Tidak Setuju,Netral,Tidak Setuju,Tidak Setuju,Tidak Setuju,Tidak Setuju,Tidak Setuju,Tidak Setuju,Tidak Setuju,Tidak Setuju,Tidak Setuju,Tidak Setuju,Tidak Setuju,Netral,Netral,Netral,Netral,Netral,Netral,Netral,Netral,Kadang-Kadang,Sering,Sering,Kadang-Kadang,Kadang-Kadang,Kadang-Kadang,Sering,Kadang-Kadang,Selalu,Kadang-Kadang,Cukup Peduli,Kadang Memastikan,Kadang-Kadang,Sering,Sering,Tahu,Sering,Netral,Netral,Netral,1.500.000-3.000.000
Laki-Laki,18 -29 Tahun,Pelajar / Mahasiswa,SMA/Sederajat,4-5 Platform,Instagram,3-4 Jam,Hiburan/Rekreasi,Netral,Tidak Setuju,Netral,Netral,Netral,Tidak Setuju,Netral,Netral,Tidak Setuju,Netral,Setuju,Netral,Tidak Setuju,Netral,Tidak Setuju,Netral,Netral,Tidak Setuju,Netral,Tidak Setuju,Tidak Setuju,Setuju,Setuju,Setuju,Setuju,Netral,Netral,Netral,Netral,Netral,Netral,Netral,Netral,Netral,Netral,Netral,Netral,Netral,Netral,Netral,Netral,Netral,Setuju,Netral,Netral,Netral,Netral,Netral,Netral,Netral,Netral,Netral,Netral,Tidak Setuju,Netral,Netral,Netral,Netral,Netral,Netral,Netral,Sering,Sering,Kadang-Kadang,Kadang-Kadang,Sering,Sering,Sering,Kadang-Kadang,Kadang-Kadang,Kadang-Kadang,Peduli,Sering Memastikan,Kadang-Kadang,Kadang-Kadang,Sering,Tahu,Kadang-Kadang,Tidak Setuju,Netral,Netral,1.500.000-3.000.000
Laki-Laki,18 -29 Tahun,Pelajar / Mahasiswa,SMA/Sederajat,2- 3 Platform,Youtube,2-3 Jam,Hiburan/Rekreasi,Sangat Tidak Setuju,Netral,Tidak Setuju,Netral,Tidak Setuju,Tidak Setuju,Setuju,Tidak Setuju,Netral,Tidak Setuju,Netral,Netral,Netral,Netral,Sangat Tidak Setuju,Netral,Netral,Tidak Setuju,Setuju,Sangat Setuju,Netral,Sangat Setuju,Setuju,Setuju,Sangat Setuju,Sangat Setuju,Setuju,Setuju,Netral,Sangat Setuju,Setuju,Tidak Setuju,Sangat Setuju,Sangat Setuju,Setuju,Netral,Netral,Tidak Setuju,Sangat Setuju,Sangat Setuju,Setuju,Sangat Tidak Setuju,Sangat Setuju,Setuju,Setuju,Sangat Setuju,Setuju,Netral,Setuju,Setuju,Setuju,Netral,Setuju,Sangat Setuju,Setuju,Setuju,Netral,Netral,Sangat Setuju,Netral,Sangat Setuju,Selalu,Sering,Sering,Selalu,Selalu,Sering,Sering,Kadang-Kadang,Selalu,Selalu,Sangat Peduli,Sangat/Selalu Memastikan,Sering,Selalu,Sering,Sangat Tahu / Sangat Memahami Langkah-Langkah yang Tepat,Sering,Netral,Sangat Setuju,Sangat Setuju,Di bawah 500.000
Perempuan,18 -29 Tahun,Pelajar / Mahasiswa,SMA/Sederajat,Lebih dari 5 Platform,X (Twitter),Lebih dari 5 Jam,Hiburan/Rekreasi,Tidak Setuju,Sangat Tidak Setuju,Netral,Netral,Netral,Netral,Netral,Netral,Tidak Setuju,Netral,Netral,Netral,Netral,Netral,Netral,Setuju,Setuju,Tidak Setuju,Netral,Tidak Setuju,Tidak Setuju,Netral,Setuju,Setuju,Tidak Setuju,Tidak Setuju,Sangat Tidak Setuju,Netral,Tidak Setuju,Netral,Netral,Netral,Netral,Tidak Setuju,Tidak Setuju,Netral,Netral,Netral,Netral,Tidak Setuju,Setuju,Netral,Netral,Sangat Tidak Setuju,Tidak Setuju,Tidak Setuju,Tidak Setuju,Netral,Tidak Setuju,Netral,Netral,Tidak Setuju,Netral,Setuju,Netral,Netral,Netral,Netral,Netral,Tidak Setuju,Tidak Setuju,Kadang-Kadang,Selalu,Jarang,Jarang,Tidak pernah,Kadang-Kadang,Selalu,Selalu,Selalu,Jarang,Sangat Peduli,Jarang Memastikan,Selalu,Jarang,Selalu,Sangat Tahu / Sangat Memahami Langkah-Langkah yang Tepat,Selalu,Netral,Sangat Setuju,Sangat Tidak Setuju,di atas 10.000.000
Laki-Laki,18 -29 Tahun,Pelajar / Mahasiswa,SMA/Sederajat,1 Platform,Instagram,Kurang dari 1 jam,Komunikasi Sosial,Sangat Setuju,Sangat Setuju,Tidak Setuju,Tidak Setuju,Tidak Setuju,Netral,Setuju,Setuju,Sangat Tidak Setuju,Sangat Tidak Setuju,Tidak Setuju,Netral,Tidak Setuju,Setuju,Tidak Setuju,Tidak Setuju,Tidak Setuju,Tidak Setuju,Netral,Netral,Netral,Netral,Netral,Sangat Tidak Setuju,Sangat Tidak Setuju,Sangat Tidak Setuju,Tidak Setuju,Tidak Setuju,Tidak Setuju,Tidak Setuju,Netral,Netral,Sangat Tidak Setuju,Tidak Setuju,Tidak Setuju,Tidak Setuju,Tidak Setuju,Setuju,Setuju,Tidak Setuju,Sangat Tidak Setuju,Sangat Tidak Setuju,Netral,Netral,Netral,Netral,Setuju,Netral,Netral,Netral,Netral,Netral,Netral,Netral,Netral,Netral,Netral,Netral,Netral,Netral,Netral,Sering,Selalu,Selalu,Selalu,Selalu,Selalu,Selalu,Selalu,Selalu,Selalu,Sangat Peduli,Sangat/Selalu Memastikan,Selalu,Selalu,Selalu,Sangat Tahu / Sangat Memahami Langkah-Langkah yang Tepat,Selalu,Sangat Setuju,Tidak Setuju,Netral,Di bawah 500.000
Perempuan,18 -29 Tahun,Pelajar / Mahasiswa,SMA/Sederajat,Lebih dari 5 Platform,Instagram,4-5 Jam,Hiburan/Rekreasi,Tidak Setuju,Tidak Setuju,Tidak Setuju,Netral,Netral,Netral,Setuju,Tidak Setuju,Netral,Netral,Netral,Netral,Netral,Netral,Netral,Netral,Setuju,Setuju,Netral,Tidak Setuju,Netral,Setuju,Netral,Netral,Netral,Setuju,Setuju,Tidak Setuju,Netral,Netral,Setuju,Tidak Setuju,Tidak Setuju,Tidak Setuju,Netral,Netral,Netral,Netral,Netral,Netral,Netral,Netral,Setuju,Setuju,Setuju,Setuju,Setuju,Netral,Netral,Netral,Netral,Netral,Netral,Netral,Netral,Netral,Netral,Netral,Netral,Netral,Netral,Selalu,Kadang-Kadang,Kadang-Kadang,Sering,Sering,Sering,Sering,Kadang-Kadang,Kadang-Kadang,Kadang-Kadang,Sangat Peduli,Sering Memastikan,Kadang-Kadang,Kadang-Kadang,Kadang-Kadang,Tahu,Selalu,Netral,Netral,Netral,500.000-1.500.000
Perempuan,18 -29 Tahun,Pelajar / Mahasiswa,S1/D3/D4,2- 3 Platform,X (Twitter),Lebih dari 5 Jam,Hiburan/Rekreasi,Sangat Tidak Setuju,Sangat Tidak Setuju,Sangat Tidak Setuju,Tidak Setuju,Tidak Setuju,Netral,Sangat Tidak Setuju,Netral,Tidak Setuju,Tidak Setuju,Netral,Tidak Setuju,Netral,Tidak Setuju,Netral,Netral,Tidak Setuju,Tidak Setuju,Sangat Tidak Setuju,Tidak Setuju,Sangat Tidak Setuju,Sangat Tidak Setuju,Sangat Tidak Setuju,Sangat Tidak Setuju,Netral,Tidak Setuju,Setuju,Tidak Setuju,Sangat Tidak Setuju,Setuju,Netral,Tidak Setuju,Tidak Setuju,Netral,Setuju,Netral,Sangat Tidak Setuju,Setuju,Sangat Setuju,Tidak Setuju,Tidak Setuju,Tidak Setuju,Sangat Tidak Setuju,Sangat Tidak Setuju,Sangat Tidak Setuju,Sangat Tidak Setuju,Tidak Setuju,Tidak Setuju,Tidak Setuju,Tidak Setuju,Tidak Setuju,Sangat Tidak Setuju,Tidak Setuju,Sangat Tidak Setuju,Sangat Tidak Setuju,Sangat Tidak Setuju,Sangat Tidak Setuju,Sangat Tidak Setuju,Sangat Tidak Setuju,Sangat Tidak Setuju,Sangat Tidak Setuju,Kadang-Kadang,Selalu,Kadang-Kadang,Kadang-Kadang,Sering,Sering,Sering,Kadang-Kadang,Kadang-Kadang,Kadang-Kadang,Sangat Peduli,Jarang Memastikan,Sering,Sering,Kadang-Kadang,Sangat Tahu / Sangat Memahami Langkah-Langkah yang Tepat,Kadang-Kadang,Tidak Setuju,Sangat Tidak Setuju,Sangat Tidak Setuju,1.500.000-3.000.000
Laki-Laki,18 -29 Tahun,Pelajar / Mahasiswa,S1/D3/D4,2- 3 Platform,Youtube,Lebih dari 5 Jam,Hiburan/Rekreasi,Netral,Netral,Netral,Netral,Netral,Netral,Netral,Netral,Netral,Netral,Netral,Netral,Netral,Netral,Netral,Netral,Netral,Netral,Setuju,Netral,Netral,Setuju,Sangat Setuju,Netral,Netral,Setuju,Netral,Sangat Setuju,Setuju,Netral,Sangat Setuju,Setuju,Netral,Netral,Sangat Setuju,Setuju,Netral,Sangat Setuju,Setuju,Netral,Sangat Setuju,Setuju,Netral,Setuju,Setuju,Setuju,Netral,Sangat Setuju,Setuju,Netral,Sangat Setuju,Setuju,Setuju,Setuju,Setuju,Netral,Sangat Setuju,Netral,Netral,Setuju,Sangat Setuju,Kadang-Kadang,Sering,Sering,Kadang-Kadang,Jarang,Kadang-Kadang,Jarang,Sering,Selalu,Selalu,Sangat Peduli,Sering Memastikan,Selalu,Sering,Kadang-Kadang,Tahu,Selalu,Netral,Netral,Sangat Setuju,1.500.000-3.000.000
Laki-Laki,18 -29 Tahun,Pelajar / Mahasiswa,SMA/Sederajat,2- 3 Platform,X (Twitter),2-3 Jam,Hiburan/Rekreasi,Sangat Tidak Setuju,Netral,Tidak Setuju,Tidak Setuju,Setuju,Netral,Netral,Tidak Setuju,Sangat Tidak Setuju,Tidak Setuju,Netral,Sangat Tidak Setuju,Tidak Setuju,Setuju,Netral,Setuju,Tidak Setuju,Netral,Netral,Tidak Setuju,Tidak Setuju,Netral,Tidak Setuju,Tidak Setuju,Tidak Setuju,Netral,Sangat Tidak Setuju,Netral,Netral,Setuju,Netral,Netral,Netral,Netral,Setuju,Netral,Setuju,Netral,Netral,Netral,Netral,Tidak Setuju,Tidak Setuju,Tidak Setuju,Sangat Tidak Setuju,Netral,Netral,Tidak Setuju,Tidak Setuju,Tidak Setuju,Netral,Tidak Setuju,Tidak Setuju,Sangat Tidak Setuju,Tidak Setuju,Setuju,Setuju,Tidak Setuju,Netral,Tidak Setuju,Netral,Kadang-Kadang,Sering,Selalu,Kadang-Kadang,Selalu,Jarang,Selalu,Kadang-Kadang,Selalu,Kadang-Kadang,Sangat Peduli,Kadang Memastikan,Selalu,Kadang-Kadang,Jarang,Sangat Tahu / Sangat Memahami Langkah-Langkah yang Tepat,Selalu,Netral,Tidak Setuju,Netral,500.000-1.500.000
Laki-Laki,18 -29 Tahun,Pelajar / Mahasiswa,SMA/Sederajat,4-5 Platform,TikTok,3-4 Jam,Hiburan/Rekreasi,Netral,Netral,Netral,Netral,Netral,Setuju,Netral,Setuju,Netral,Setuju,Setuju,Netral,Netral,Netral,Netral,Setuju,Setuju,Setuju,Setuju,Setuju,Netral,Netral,Netral,Netral,Setuju,Netral,Setuju,Setuju,Netral,Setuju,Netral,Netral,Setuju,Netral,Netral,Netral,Netral,Sangat Tidak Setuju,Netral,Netral,Netral,Netral,Netral,Netral,Netral,Netral,Netral,Netral,Netral,Netral,Netral,Netral,Netral,Netral,Netral,Netral,Netral,Netral,Netral,Netral,Netral,Kadang-Kadang,Sering,Sering,Kadang-Kadang,Kadang-Kadang,Sering,Kadang-Kadang,Sering,Sering,Kadang-Kadang,Peduli,Kadang Memastikan,Sering,Sering,Kadang-Kadang,Tahu,Kadang-Kadang,Netral,Netral,Netral,500.000-1.500.000
Laki-Laki,18 -29 Tahun,Pelajar / Mahasiswa,SMA/Sederajat,2- 3 Platform,Youtube,1 -2 Jam,Hiburan/Rekreasi,Sangat Tidak Setuju,Netral,Tidak Setuju,Tidak Setuju,Tidak Setuju,Tidak Setuju,Tidak Setuju,Tidak Setuju,Tidak Setuju,Tidak Setuju,Netral,Tidak Setuju,Netral,Netral,Tidak Setuju,Tidak Setuju,Tidak Setuju,Tidak Setuju,Tidak Setuju,Netral,Tidak Setuju,Setuju,Tidak Setuju,Netral,Tidak Setuju,Tidak Setuju,Netral,Netral,Tidak Setuju,Netral,Netral,Netral,Tidak Setuju,Netral,Netral,Tidak Setuju,Netral,Setuju,Setuju,Tidak Setuju,Netral,Netral,Tidak Setuju,Sangat Tidak Setuju,Netral,Tidak Setuju,Netral,Netral,Netral,Netral,Setuju,Netral,Tidak Setuju,Sangat Setuju,Sangat Tidak Setuju,Tidak Setuju,Netral,Netral,Tidak Setuju,Tidak Setuju,Setuju,Sering,Sering,Selalu,Sering,Jarang,Kadang-Kadang,Selalu,Sering,Selalu,Tidak pernah,Peduli,Sering Memastikan,Selalu,Sering,Kadang-Kadang,Tahu,Selalu,Netral,Tidak Setuju,Netral,500.000-1.500.000
Laki-Laki,18 -29 Tahun,Pelajar / Mahasiswa,SMA/Sederajat,2- 3 Platform,Instagram,2-3 Jam,Hiburan/Rekreasi,Tidak Setuju,Tidak Setuju,Netral,Tidak Setuju,Setuju,Netral,Netral,Tidak Setuju,Netral,Netral,Setuju,Netral,Netral,Netral,Netral,Setuju,Setuju,Setuju,Sangat Tidak Setuju,Setuju,Netral,Netral,Tidak Setuju,Tidak Setuju,Tidak Setuju,Netral,Netral,Tidak Setuju,Tidak Setuju,Netral,Netral,Tidak Setuju,Tidak Setuju,Tidak Setuju,Netral,Netral,Tidak Setuju,Sangat Setuju,Netral,Netral,Netral,Sangat Setuju,Tidak Setuju,Sangat Tidak Setuju,Netral,Netral,Netral,Netral,Netral,Tidak Setuju,Netral,Netral,Sangat Tidak Setuju,Tidak Setuju,Netral,Netral,Netral,Netral,Netral,Netral,Netral,Kadang-Kadang,Sering,Jarang,Sering,Selalu,Kadang-Kadang,Selalu,Kadang-Kadang,Selalu,Kadang-Kadang,Sangat Peduli,Kadang Memastikan,Selalu,Selalu,Sering,Sangat Tahu / Sangat Memahami Langkah-Langkah yang Tepat,Tidak Pernah,Netral,Tidak Setuju,Tidak Setuju,500.000-1.500.000
Perempuan,18 -29 Tahun,Pelajar / Mahasiswa,S1/D3/D4,4-5 Platform,TikTok,4-5 Jam,Pekerjaan/Bisnis,Sangat Setuju,Tidak Setuju,Tidak Setuju,Sangat Tidak Setuju,Setuju,Netral,Setuju,Netral,Netral,Tidak Setuju,Netral,Sangat Tidak Setuju,Netral,Netral,Tidak Setuju,Setuju,Netral,Setuju,Setuju,Tidak Setuju,Netral,Tidak Setuju,Netral,Tidak Setuju,Sangat Setuju,Netral,Setuju,Tidak Setuju,Netral,Netral,Netral,Tidak Setuju,Netral,Setuju,Setuju,Netral,Tidak Setuju,Netral,Netral,Setuju,Netral,Netral,Netral,Setuju,Netral,Netral,Netral,Tidak Setuju,Netral,Netral,Tidak Setuju,Tidak Setuju,Setuju,Sangat Setuju,Netral,Setuju,Netral,Tidak Setuju,Netral,Setuju,Netral,Sering,Sering,Sering,Kadang-Kadang,Sering,Kadang-Kadang,Sering,Kadang-Kadang,Selalu,Jarang,Cukup Peduli,Sering Memastikan,Sering,Kadang-Kadang,Sering,Tahu,Sering,Netral,Tidak Setuju,Setuju,1.500.000-3.000.000
Laki-Laki,18 -29 Tahun,Pelajar / Mahasiswa,SMA/Sederajat,2- 3 Platform,Instagram,1 -2 Jam,Hiburan/Rekreasi,Tidak Setuju,Tidak Setuju,Setuju,Setuju,Tidak Setuju,Setuju,Setuju,Sangat Tidak Setuju,Tidak Setuju,Tidak Setuju,Setuju,Tidak Setuju,Tidak Setuju,Tidak Setuju,Setuju,Tidak Setuju,Setuju,Tidak Setuju,Tidak Setuju,Tidak Setuju,Tidak Setuju,Setuju,Setuju,Setuju,Sangat Tidak Setuju,Setuju,Setuju,Netral,Setuju,Setuju,Setuju,Setuju,Tidak Setuju,Setuju,Tidak Setuju,Tidak Setuju,Setuju,Tidak Setuju,Setuju,Tidak Setuju,Tidak Setuju,Tidak Setuju,Tidak Setuju,Tidak Setuju,Tidak Setuju,Tidak Setuju,Setuju,Tidak Setuju,Tidak Setuju,Tidak Setuju,Sangat Tidak Setuju,Tidak Setuju,Sangat Tidak Setuju,Tidak Setuju,Sangat Tidak Setuju,Tidak Setuju,Tidak Setuju,Tidak Setuju,Setuju,Tidak Setuju,Sangat Tidak Setuju,Kadang-Kadang,Sering,Kadang-Kadang,Jarang,Selalu,Sering,Sering,Sering,Sering,Jarang,Peduli,Sering Memastikan,Sering,Sering,Kadang-Kadang,Tahu,Sering,Netral,Tidak Setuju,Tidak Setuju,Di bawah 500.000
Perempuan,18 -29 Tahun,Pelajar / Mahasiswa,S1/D3/D4,2- 3 Platform,Youtube,1 -2 Jam,Hiburan/Rekreasi,Tidak Setuju,Tidak Setuju,Netral,Tidak Setuju,Setuju,Netral,Tidak Setuju,Sangat Tidak Setuju,Sangat Tidak Setuju,Netral,Tidak Setuju,Netral,Setuju,Setuju,Setuju,Setuju,Tidak Setuju,Netral,Tidak Setuju,Tidak Setuju,Netral,Setuju,Setuju,Setuju,Netral,Setuju,Setuju,Netral,Netral,Setuju,Setuju,Netral,Tidak Setuju,Sangat Tidak Setuju,Netral,Netral,Tidak Setuju,Setuju,Setuju,Netral,Tidak Setuju,Setuju,Netral,Setuju,Netral,Setuju,Netral,Setuju,Netral,Setuju,Netral,Netral,Sangat Tidak Setuju,Sangat Tidak Setuju,Netral,Netral,Setuju,Setuju,Sangat Tidak Setuju,Netral,Netral,Jarang,Sering,Selalu,Kadang-Kadang,Kadang-Kadang,Kadang-Kadang,Selalu,Jarang,Kadang-Kadang,Jarang,Sangat Peduli,Sering Memastikan,Sering,Sering,Jarang,Sangat Tahu / Sangat Memahami Langkah-Langkah yang Tepat,Selalu,Netral,Tidak Setuju,Sangat Tidak Setuju,Di bawah 500.000
Laki-Laki,18 -29 Tahun,Pelajar / Mahasiswa,SMA/Sederajat,2- 3 Platform,Youtube,3-4 Jam,Hiburan/Rekreasi,Tidak Setuju,Tidak Setuju,Tidak Setuju,Tidak Setuju,Tidak Setuju,Netral,Tidak Setuju,Tidak Setuju,Sangat Tidak Setuju,Sangat Tidak Setuju,Netral,Netral,Netral,Tidak Setuju,Sangat Tidak Setuju,Sangat Tidak Setuju,Netral,Tidak Setuju,Sangat Tidak Setuju,Sangat Tidak Setuju,Sangat Tidak Setuju,Tidak Setuju,Tidak Setuju,Sangat Tidak Setuju,Netral,Netral,Netral,Sangat Tidak Setuju,Netral,Tidak Setuju,Setuju,Netral,Netral,Setuju,Netral,Setuju,Setuju,Setuju,Netral,Tidak Setuju,Setuju,Setuju,Sangat Tidak Setuju,Sangat Tidak Setuju,Tidak Setuju,Sangat Tidak Setuju,Netral,Netral,Tidak Setuju,Netral,Setuju,Netral,Tidak Setuju,Sangat Tidak Setuju,Sangat Tidak Setuju,Netral,Setuju,Netral,Netral,Sangat Tidak Setuju,Netral,Kadang-Kadang,Sering,Selalu,Kadang-Kadang,Sering,Kadang-Kadang,Sering,Jarang,Sering,Tidak pernah,Peduli,Sangat/Selalu Memastikan,Kadang-Kadang,Selalu,Selalu,Sangat Tahu / Sangat Memahami Langkah-Langkah yang Tepat,Sering,Sangat Tidak Setuju,Sangat Tidak Setuju,Netral,1.500.000-3.000.000
Laki-Laki,18 -29 Tahun,Pelajar / Mahasiswa,SMA/Sederajat,4-5 Platform,TikTok,2-3 Jam,Hiburan/Rekreasi,Tidak Setuju,Tidak Setuju,Netral,Tidak Setuju,Netral,Tidak Setuju,Netral,Tidak Setuju,Netral,Sangat Tidak Setuju,Setuju,Tidak Setuju,Netral,Setuju,Sangat Tidak Setuju,Netral,Setuju,Netral,Netral,Netral,Sangat Tidak Setuju,Netral,Tidak Setuju,Setuju,Netral,Netral,Tidak Setuju,Netral,Tidak Setuju,Netral,Setuju,Netral,Netral,Setuju,Netral,Setuju,Netral,Setuju,Tidak Setuju,Netral,Netral,Setuju,Netral,Tidak Setuju,Tidak Setuju,Tidak Setuju,Netral,Netral,Tidak Setuju,Netral,Netral,Netral,Netral,Sangat Tidak Setuju,Tidak Setuju,Tidak Setuju,Tidak Setuju,Netral,Tidak Setuju,Tidak Setuju,Netral,Sering,Kadang-Kadang,Jarang,Kadang-Kadang,Kadang-Kadang,Selalu,Kadang-Kadang,Kadang-Kadang,Kadang-Kadang,Sering,Tidak Terlalu Peduli,Kadang Memastikan,Kadang-Kadang,Kadang-Kadang,Kadang-Kadang,Tahu,Kadang-Kadang,Netral,Tidak Setuju,Netral,3.000.000-5.000.000
Laki-Laki,18 -29 Tahun,Pelajar / Mahasiswa,SMA/Sederajat,1 Platform,Instagram,2-3 Jam,Hiburan/Rekreasi,Sangat Setuju,Sangat Setuju,Sangat Setuju,Sangat Setuju,Sangat Setuju,Sangat Setuju,Sangat Setuju,Sangat Setuju,Sangat Tidak Setuju,Sangat Setuju,Sangat Setuju,Sangat Setuju,Sangat Setuju,Sangat Setuju,Sangat Setuju,Sangat Setuju,Sangat Tidak Setuju,Sangat Tidak Setuju,Sangat Tidak Setuju,Sangat Tidak Setuju,Sangat Tidak Setuju,Sangat Setuju,Sangat Tidak Setuju,Sangat Tidak Setuju,Sangat Tidak Setuju,Sangat Tidak Setuju,Sangat Tidak Setuju,Sangat Tidak Setuju,Sangat Tidak Setuju,Sangat Setuju,Sangat Setuju,Netral,Sangat Tidak Setuju,Netral,Sangat Tidak Setuju,Sangat Setuju,Sangat Tidak Setuju,Sangat Tidak Setuju,Sangat Tidak Setuju,Sangat Tidak Setuju,Sangat Setuju,Sangat Tidak Setuju,Sangat Setuju,Sangat Setuju,Sangat Setuju,Sangat Setuju,Sangat Setuju,Sangat Setuju,Sangat Setuju,Sangat Setuju,Sangat Setuju,Sangat Setuju,Sangat Setuju,Sangat Setuju,Sangat Setuju,Sangat Setuju,Sangat Tidak Setuju,Sangat Setuju,Sangat Setuju,Sangat Setuju,Sangat Setuju,Tidak pernah,Tidak pernah,Tidak pernah,Selalu,Selalu,Selalu,Selalu,Tidak pernah,Selalu,Tidak pernah,Sangat Peduli,Sangat Tidak Memastikan,Selalu,Tidak Pernah,Tidak Pernah,Sangat Tidak Tahu / Tidak Mengetahui Sama Sekali,Selalu,Sangat Setuju,Sangat Tidak Setuju,Sangat Tidak Setuju,500.000-1.500.000
Perempuan,18 -29 Tahun,Pelajar / Mahasiswa,SMA/Sederajat,4-5 Platform,X (Twitter),4-5 Jam,Hiburan/Rekreasi,Netral,Netral,Netral,Netral,Netral,Netral,Netral,Netral,Netral,Netral,Netral,Setuju,Setuju,Tidak Setuju,Setuju,Netral,Netral,Netral,Netral,Netral,Netral,Setuju,Netral,Netral,Netral,Netral,Netral,Netral,Netral,Netral,Netral,Netral,Netral,Netral,Setuju,Setuju,Tidak Setuju,Netral,Netral,Tidak Setuju,Netral,Setuju,Netral,Netral,Netral,Netral,Netral,Netral,Netral,Setuju,Tidak Setuju,Netral,Netral,Netral,Netral,Netral,Netral,Netral,Setuju,Setuju,Setuju,Jarang,Sering,Kadang-Kadang,Sering,Kadang-Kadang,Sering,Selalu,Sering,Selalu,Selalu,Peduli,Sering Memastikan,Sering,Sering,Sering,Sangat Tahu / Sangat Memahami Langkah-Langkah yang Tepat,Selalu,Netral,Netral,Netral,Di bawah 500.000
Laki-Laki,18 -29 Tahun,Pelajar / Mahasiswa,S1/D3/D4,2- 3 Platform,Instagram,Lebih dari 5 Jam,Hiburan/Rekreasi,Tidak Setuju,Tidak Setuju,Tidak Setuju,Tidak Setuju,Netral,Netral,Netral,Tidak Setuju,Netral,Tidak Setuju,Netral,Netral,Netral,Netral,Netral,Netral,Setuju,Setuju,Setuju,Netral,Tidak Setuju,Sangat Tidak Setuju,Netral,Netral,Netral,Setuju,Netral,Netral,Netral,Netral,Tidak Setuju,Tidak Setuju,Tidak Setuju,Tidak Setuju,Tidak Setuju,Netral,Tidak Setuju,Tidak Setuju,Netral,Netral,Netral,Netral,Netral,Tidak Setuju,Netral,Sangat Tidak Setuju,Tidak Setuju,Netral,Tidak Setuju,Sangat Tidak Setuju,Netral,Netral,Tidak Setuju,Netral,Tidak Setuju,Netral,Netral,Tidak Setuju,Netral,Netral,Tidak Setuju,Jarang,Jarang,Tidak pernah,Jarang,Kadang-Kadang,Selalu,Kadang-Kadang,Kadang-Kadang,Kadang-Kadang,Jarang,Sangat Peduli,Sangat/Selalu Memastikan,Kadang-Kadang,Kadang-Kadang,Kadang-Kadang,Cukup Tahu,Kadang-Kadang,Netral,Netral,Netral,500.000-1.500.000
Laki-Laki,18 -29 Tahun,Pelajar / Mahasiswa,SMA/Sederajat,2- 3 Platform,Instagram,1 -2 Jam,Hiburan/Rekreasi,Setuju,Setuju,Setuju,Setuju,Setuju,Setuju,Setuju,Setuju,Setuju,Setuju,Setuju,Setuju,Netral,Setuju,Setuju,Setuju,Setuju,Setuju,Setuju,Setuju,Setuju,Setuju,Setuju,Setuju,Setuju,Setuju,Setuju,Setuju,Setuju,Setuju,Setuju,Setuju,Setuju,Setuju,Setuju,Setuju,Setuju,Setuju,Setuju,Setuju,Setuju,Setuju,Setuju,Setuju,Setuju,Setuju,Setuju,Setuju,Setuju,Setuju,Setuju,Setuju,Setuju,Setuju,Setuju,Setuju,Setuju,Setuju,Setuju,Setuju,Setuju,Kadang-Kadang,Kadang-Kadang,Kadang-Kadang,Kadang-Kadang,Kadang-Kadang,Kadang-Kadang,Kadang-Kadang,Kadang-Kadang,Kadang-Kadang,Kadang-Kadang,Sangat Peduli,Sangat/Selalu Memastikan,Selalu,Kadang-Kadang,Kadang-Kadang,Sangat Tahu / Sangat Memahami Langkah-Langkah yang Tepat,Selalu,Setuju,Setuju,Setuju,1.500.000-3.000.000
Laki-Laki,18 -29 Tahun,Pelajar / Mahasiswa,SMA/Sederajat,2- 3 Platform,Instagram,3-4 Jam,Komunikasi Sosial,Netral,Netral,Netral,Netral,Netral,Netral,Netral,Netral,Netral,Netral,Netral,Netral,Netral,Netral,Netral,Netral,Netral,Netral,Netral,Netral,Netral,Netral,Netral,Netral,Netral,Netral,Netral,Tidak Setuju,Netral,Setuju,Setuju,Setuju,Netral,Netral,Setuju,Setuju,Setuju,Setuju,Setuju,Setuju,Setuju,Setuju,Netral,Netral,Netral,Setuju,Setuju,Setuju,Setuju,Setuju,Setuju,Setuju,Setuju,Setuju,Setuju,Setuju,Setuju,Setuju,Setuju,Setuju,Setuju,Kadang-Kadang,Kadang-Kadang,Kadang-Kadang,Sering,Sering,Sering,Sering,Sering,Sering,Sering,Peduli,Sering Memastikan,Sering,Sering,Sering,Tahu,Sering,Netral,Setuju,Setuju,1.500.000-3.000.000
Laki-Laki,18 -29 Tahun,Pelajar / Mahasiswa,SMA/Sederajat,4-5 Platform,Youtube,3-4 Jam,Hiburan/Rekreasi,Setuju,Setuju,Setuju,Setuju,Setuju,Setuju,Setuju,Setuju,Setuju,Setuju,Setuju,Setuju,Setuju,Setuju,Setuju,Setuju,Netral,Netral,Netral,Netral,Netral,Setuju,Netral,Netral,Netral,Netral,Netral,Netral,Netral,Netral,Setuju,Setuju,Setuju,Setuju,Setuju,Setuju,Setuju,Setuju,Setuju,Setuju,Setuju,Setuju,Setuju,Setuju,Setuju,Setuju,Setuju,Setuju,Setuju,Setuju,Setuju,Setuju,Setuju,Setuju,Setuju,Setuju,Setuju,Setuju,Setuju,Setuju,Setuju,Sering,Sering,Sering,Sering,Sering,Sering,Sering,Sering,Sering,Sering,Peduli,Sering Memastikan,Sering,Sering,Sering,Tahu,Selalu,Setuju,Netral,Setuju,3.000.000-5.000.000
Laki-Laki,18 -29 Tahun,Pelajar / Mahasiswa,SMA/Sederajat,1 Platform,Instagram,1 -2 Jam,Komunikasi Sosial,Netral,Netral,Netral,Netral,Netral,Netral,Netral,Netral,Netral,Netral,Netral,Netral,Netral,Netral,Netral,Netral,Netral,Netral,Netral,Netral,Netral,Netral,Netral,Netral,Netral,Netral,Netral,Netral,Netral,Netral,Netral,Netral,Netral,Netral,Netral,Netral,Netral,Netral,Netral,Netral,Netral,Netral,Netral,Netral,Netral,Netral,Netral,Netral,Netral,Netral,Netral,Netral,Netral,Netral,Netral,Netral,Netral,Netral,Netral,Netral,Netral,Kadang-Kadang,Kadang-Kadang,Kadang-Kadang,Kadang-Kadang,Kadang-Kadang,Kadang-Kadang,Kadang-Kadang,Kadang-Kadang,Kadang-Kadang,Kadang-Kadang,Cukup Peduli,Kadang Memastikan,Kadang-Kadang,Kadang-Kadang,Kadang-Kadang,Cukup Tahu,Kadang-Kadang,Netral,Netral,Netral,1.500.000-3.000.000
Laki-Laki,18 -29 Tahun,Pelajar / Mahasiswa,SMA/Sederajat,2- 3 Platform,TikTok,3-4 Jam,Hiburan/Rekreasi,Setuju,Setuju,Setuju,Setuju,Setuju,Setuju,Setuju,Setuju,Setuju,Setuju,Setuju,Setuju,Setuju,Setuju,Setuju,Setuju,Tidak Setuju,Tidak Setuju,Netral,Tidak Setuju,Tidak Setuju,Netral,Tidak Setuju,Netral,Setuju,Tidak Setuju,Netral,Tidak Setuju,Netral,Netral,Setuju,Setuju,Setuju,Setuju,Setuju,Setuju,Setuju,Setuju,Setuju,Setuju,Setuju,Setuju,Tidak Setuju,Tidak Setuju,Tidak Setuju,Tidak Setuju,Tidak Setuju,Tidak Setuju,Tidak Setuju,Tidak Setuju,Tidak Setuju,Tidak Setuju,Tidak Setuju,Setuju,Setuju,Setuju,Setuju,Setuju,Setuju,Setuju,Setuju,Kadang-Kadang,Sering,Jarang,Jarang,Sering,Sering,Kadang-Kadang,Sering,Sering,Sering,Peduli,Kadang Memastikan,Sering,Kadang-Kadang,Kadang-Kadang,Sangat Tahu / Sangat Memahami Langkah-Langkah yang Tepat,Sering,Setuju,Netral,Setuju,3.000.000-5.000.000
Laki-Laki,18 -29 Tahun,Pelajar / Mahasiswa,SMA/Sederajat,4-5 Platform,Instagram,2-3 Jam,Edukasi/Informasi,Netral,Netral,Netral,Netral,Netral,Netral,Netral,Netral,Netral,Netral,Netral,Netral,Netral,Netral,Netral,Netral,Netral,Netral,Netral,Netral,Netral,Netral,Netral,Netral,Netral,Netral,Netral,Netral,Netral,Netral,Netral,Netral,Netral,Netral,Netral,Netral,Netral,Netral,Netral,Netral,Netral,Netral,Netral,Netral,Netral,Netral,Netral,Netral,Netral,Netral,Netral,Netral,Netral,Netral,Netral,Netral,Netral,Netral,Netral,Netral,Netral,Kadang-Kadang,Selalu,Kadang-Kadang,Kadang-Kadang,Selalu,Selalu,Sering,Kadang-Kadang,Selalu,Tidak pernah,Sangat Peduli,Sangat/Selalu Memastikan,Kadang-Kadang,Sering,Selalu,Cukup Tahu,Selalu,Netral,Netral,Netral,500.000-1.500.000
Laki-Laki,18 -29 Tahun,Pelajar / Mahasiswa,SMA/Sederajat,2- 3 Platform,Youtube,1 -2 Jam,Hiburan/Rekreasi,Tidak Setuju,Tidak Setuju,Tidak Setuju,Tidak Setuju,Tidak Setuju,Tidak Setuju,Sangat Tidak Setuju,Sangat Tidak Setuju,Tidak Setuju,Tidak Setuju,Tidak Setuju,Netral,Tidak Setuju,Tidak Setuju,Tidak Setuju,Tidak Setuju,Netral,Tidak Setuju,Setuju,Tidak Setuju,Sangat Setuju,Sangat Tidak Setuju,Netral,Sangat Setuju,Tidak Setuju,Sangat Setuju,Netral,Setuju,Tidak Setuju,Setuju,Setuju,Netral,Setuju,Netral,Setuju,Sangat Tidak Setuju,Tidak Setuju,Sangat Tidak Setuju,Netral,Netral,Setuju,Sangat Setuju,Setuju,Sangat Setuju,Tidak Setuju,Setuju,Netral,Netral,Sangat Tidak Setuju,Setuju,Netral,Sangat Setuju,Setuju,Sangat Setuju,Setuju,Sangat Tidak Setuju,Setuju,Sangat Setuju,Setuju,Netral,Tidak Setuju,Selalu,Jarang,Sering,Kadang-Kadang,Selalu,Selalu,Jarang,Selalu,Jarang,Selalu,Tidak Terlalu Peduli,Sering Memastikan,Selalu,Selalu,Selalu,Sangat Tahu / Sangat Memahami Langkah-Langkah yang Tepat,Selalu,Tidak Setuju,Sangat Setuju,Sangat Setuju,1.500.000-3.000.000
Laki-Laki,18 -29 Tahun,Pelajar / Mahasiswa,SMA/Sederajat,2- 3 Platform,Instagram,3-4 Jam,Promosi diri/Branding,Sangat Setuju,Sangat Setuju,Sangat Setuju,Setuju,Netral,Sangat Setuju,Netral,Netral,Netral,Netral,Sangat Setuju,Setuju,Setuju,Setuju,Setuju,Sangat Setuju,Setuju,Setuju,Sangat Setuju,Setuju,Netral,Sangat Setuju,Setuju,Sangat Setuju,Setuju,Netral,Sangat Setuju,Setuju,Sangat Setuju,Setuju,Setuju,Sangat Setuju,Netral,Setuju,Sangat Setuju,Sangat Setuju,Sangat Setuju,Sangat Setuju,Sangat Setuju,Setuju,Sangat Setuju,Sangat Setuju,Setuju,Sangat Setuju,Setuju,Sangat Setuju,Setuju,Sangat Setuju,Setuju,Setuju,Sangat Setuju,Setuju,Sangat Setuju,Sangat Setuju,Setuju,Setuju,Sangat Setuju,Setuju,Sangat Setuju,Setuju,Sangat Setuju,Kadang-Kadang,Kadang-Kadang,Kadang-Kadang,Selalu,Sering,Sering,Sering,Sering,Sering,Sering,Peduli,Sering Memastikan,Sering,Kadang-Kadang,Sering,Tahu,Sering,Setuju,Sangat Setuju,Setuju,Di bawah 500.000
Laki-Laki,18 -29 Tahun,Pelajar / Mahasiswa,SMA/Sederajat,2- 3 Platform,Youtube,4-5 Jam,Hiburan/Rekreasi,Sangat Tidak Setuju,Netral,Tidak Setuju,Tidak Setuju,Netral,Tidak Setuju,Netral,Sangat Tidak Setuju,Tidak Setuju,Sangat Tidak Setuju,Netral,Tidak Setuju,Tidak Setuju,Tidak Setuju,Sangat Tidak Setuju,Netral,Tidak Setuju,Tidak Setuju,Netral,Tidak Setuju,Tidak Setuju,Netral,Netral,Netral,Netral,Tidak Setuju,Tidak Setuju,Tidak Setuju,Tidak Setuju,Tidak Setuju,Tidak Setuju,Netral,Tidak Setuju,Netral,Netral,Netral,Netral,Tidak Setuju,Sangat Tidak Setuju,Netral,Netral,Netral,Sangat Tidak Setuju,Sangat Tidak Setuju,Sangat Tidak Setuju,Sangat Tidak Setuju,Sangat Tidak Setuju,Tidak Setuju,Tidak Setuju,Tidak Setuju,Tidak Setuju,Netral,Netral,Tidak Setuju,Tidak Setuju,Tidak Setuju,Netral,Tidak Setuju,Tidak Setuju,Sangat Tidak Setuju,Netral,Sering,Sering,Sering,Sering,Sering,Sering,Sering,Sering,Sering,Kadang-Kadang,Peduli,Sering Memastikan,Sering,Sering,Sering,Sangat Tahu / Sangat Memahami Langkah-Langkah yang Tepat,Selalu,Netral,Sangat Tidak Setuju,Tidak Setuju,3.000.000-5.000.000
Laki-Laki,18 -29 Tahun,Pelajar / Mahasiswa,S1/D3/D4,2- 3 Platform,Instagram,1 -2 Jam,Hiburan/Rekreasi,Netral,Netral,Netral,Netral,Netral,Setuju,Setuju,Netral,Netral,Netral,Setuju,Netral,Netral,Netral,Netral,Netral,Netral,Netral,Netral,Netral,Netral,Netral,Netral,Netral,Netral,Netral,Netral,Netral,Netral,Netral,Netral,Netral,Netral,Netral,Netral,Netral,Netral,Netral,Netral,Netral,Netral,Netral,Netral,Netral,Netral,Netral,Netral,Netral,Netral,Netral,Netral,Netral,Netral,Netral,Netral,Netral,Netral,Netral,Netral,Netral,Netral,Kadang-Kadang,Kadang-Kadang,Kadang-Kadang,Kadang-Kadang,Kadang-Kadang,Kadang-Kadang,Kadang-Kadang,Kadang-Kadang,Kadang-Kadang,Kadang-Kadang,Cukup Peduli,Sering Memastikan,Sering,Sering,Sering,Tahu,Sering,Netral,Netral,Netral,Di bawah 500.000
Laki-Laki,18 -29 Tahun,Pelajar / Mahasiswa,SMA/Sederajat,2- 3 Platform,Instagram,2-3 Jam,Hiburan/Rekreasi,Netral,Setuju,Netral,Netral,Tidak Setuju,Tidak Setuju,Netral,Netral,Tidak Setuju,Setuju,Setuju,Netral,Setuju,Setuju,Tidak Setuju,Netral,Netral,Netral,Netral,Netral,Setuju,Netral,Netral,Setuju,Netral,Setuju,Setuju,Setuju,Netral,Setuju,Setuju,Netral,Netral,Setuju,Setuju,Setuju,Setuju,Setuju,Setuju,Setuju,Netral,Setuju,Setuju,Setuju,Netral,Setuju,Setuju,Setuju,Netral,Netral,Setuju,Netral,Tidak Setuju,Tidak Setuju,Netral,Netral,Netral,Tidak Setuju,Netral,Tidak Setuju,Netral,Sering,Selalu,Sering,Sering,Selalu,Kadang-Kadang,Sering,Selalu,Selalu,Kadang-Kadang,Peduli,Kadang Memastikan,Selalu,Selalu,Sering,Tahu,Selalu,Netral,Netral,Tidak Setuju,500.000-1.500.000
Laki-Laki,18 -29 Tahun,Pelajar / Mahasiswa,SMA/Sederajat,Lebih dari 5 Platform,Instagram,Lebih dari 5 Jam,Hiburan/Rekreasi,Setuju,Netral,Setuju,Setuju,Netral,Setuju,Setuju,Netral,Setuju,Setuju,Netral,Setuju,Setuju,Setuju,Setuju,Sangat Setuju,Tidak Setuju,Tidak Setuju,Netral,Tidak Setuju,Tidak Setuju,Setuju,Netral,Tidak Setuju,Setuju,Netral,Tidak Setuju,Tidak Setuju,Netral,Setuju,Sangat Setuju,Netral,Setuju,Setuju,Setuju,Netral,Setuju,Setuju,Tidak Setuju,Setuju,Setuju,Netral,Setuju,Setuju,Setuju,Setuju,Setuju,Setuju,Sangat Setuju,Netral,Setuju,Setuju,Setuju,Setuju,Sangat Setuju,Tidak Setuju,Setuju,Setuju,Sangat Setuju,Tidak Setuju,Setuju,Selalu,Selalu,Selalu,Selalu,Selalu,Sering,Selalu,Selalu,Selalu,Sering,Sangat Peduli,Sangat/Selalu Memastikan,Selalu,Selalu,Selalu,Sangat Tahu / Sangat Memahami Langkah-Langkah yang Tepat,Selalu,Netral,Sangat Tidak Setuju,Setuju,500.000-1.500.000
Laki-Laki,Kurang dari 18 tahun,Pelajar / Mahasiswa,SMA/Sederajat,Lebih dari 5 Platform,Instagram,4-5 Jam,Komunikasi Sosial,Setuju,Tidak Setuju,Tidak Setuju,Netral,Netral,Netral,Tidak Setuju,Tidak Setuju,Tidak Setuju,Netral,Netral,Setuju,Netral,Setuju,Setuju,Netral,Netral,Netral,Netral,Netral,Netral,Netral,Netral,Netral,Netral,Netral,Netral,Netral,Netral,Netral,Netral,Netral,Netral,Netral,Netral,Netral,Netral,Netral,Netral,Netral,Netral,Netral,Netral,Netral,Netral,Netral,Netral,Netral,Netral,Netral,Netral,Netral,Netral,Netral,Netral,Netral,Netral,Netral,Netral,Netral,Netral,Sering,Sering,Selalu,Sering,Sering,Sering,Sering,Sering,Sering,Sering,Peduli,Kadang Memastikan,Sering,Sering,Sering,Tahu,Kadang-Kadang,Netral,Netral,Netral,3.000.000-5.000.000
Laki-Laki,18 -29 Tahun,Pelajar / Mahasiswa,SMA/Sederajat,2- 3 Platform,Instagram,3-4 Jam,Hiburan/Rekreasi,Tidak Setuju,Netral,Tidak Setuju,Tidak Setuju,Tidak Setuju,Tidak Setuju,Tidak Setuju,Tidak Setuju,Tidak Setuju,Netral,Tidak Setuju,Tidak Setuju,Tidak Setuju,Netral,Sangat Tidak Setuju,Tidak Setuju,Tidak Setuju,Tidak Setuju,Tidak Setuju,Tidak Setuju,Tidak Setuju,Tidak Setuju,Tidak Setuju,Tidak Setuju,Tidak Setuju,Tidak Setuju,Tidak Setuju,Tidak Setuju,Tidak Setuju,Setuju,Tidak Setuju,Tidak Setuju,Tidak Setuju,Tidak Setuju,Tidak Setuju,Tidak Setuju,Tidak Setuju,Tidak Setuju,Tidak Setuju,Tidak Setuju,Tidak Setuju,Tidak Setuju,Tidak Setuju,Tidak Setuju,Tidak Setuju,Tidak Setuju,Tidak Setuju,Tidak Setuju,Tidak Setuju,Tidak Setuju,Setuju,Tidak Setuju,Tidak Setuju,Tidak Setuju,Tidak Setuju,Tidak Setuju,Tidak Setuju,Tidak Setuju,Tidak Setuju,Tidak Setuju,Tidak Setuju,Sering,Kadang-Kadang,Jarang,Jarang,Selalu,Selalu,Sering,Kadang-Kadang,Sering,Tidak pernah,Peduli,Sering Memastikan,Sering,Sering,Sering,Tahu,Selalu,Tidak Setuju,Tidak Setuju,Tidak Setuju,500.000-1.500.000
Laki-Laki,18 -29 Tahun,Pelajar / Mahasiswa,S1/D3/D4,2- 3 Platform,TikTok,Lebih dari 5 Jam,Hiburan/Rekreasi,Netral,Tidak Setuju,Netral,Tidak Setuju,Setuju,Netral,Netral,Setuju,Netral,Setuju,Setuju,Netral,Tidak Setuju,Netral,Netral,Netral,Tidak Setuju,Netral,Netral,Netral,Tidak Setuju,Netral,Tidak Setuju,Netral,Netral,Tidak Setuju,Tidak Setuju,Netral,Netral,Netral,Setuju,Setuju,Netral,Netral,Setuju,Netral,Netral,Setuju,Netral,Setuju,Netral,Netral,Netral,Netral,Netral,Netral,Netral,Netral,Netral,Netral,Netral,Netral,Netral,Netral,Netral,Netral,Netral,Netral,Netral,Netral,Netral,Kadang-Kadang,Sering,Selalu,Sering,Sering,Kadang-Kadang,Jarang,Kadang-Kadang,Kadang-Kadang,Kadang-Kadang,Tidak Terlalu Peduli,Jarang Memastikan,Kadang-Kadang,Kadang-Kadang,Kadang-Kadang,Cukup Tahu,Kadang-Kadang,Netral,Netral,Netral,Di bawah 500.000
Laki-Laki,18 -29 Tahun,Pelajar / Mahasiswa,SMA/Sederajat,2- 3 Platform,Instagram,1 -2 Jam,Pekerjaan/Bisnis,Setuju,Sangat Setuju,Netral,Netral,Sangat Setuju,Setuju,Sangat Setuju,Setuju,Netral,Setuju,Netral,Sangat Setuju,Netral,Netral,Netral,Netral,Netral,Netral,Netral,Netral,Netral,Netral,Netral,Netral,Setuju,Setuju,Setuju,Setuju,Setuju,Setuju,Netral,Netral,Netral,Netral,Netral,Netral,Netral,Netral,Netral,Netral,Netral,Netral,Netral,Netral,Netral,Netral,Netral,Netral,Netral,Netral,Netral,Netral,Netral,Netral,Netral,Netral,Netral,Netral,Netral,Netral,Netral,Kadang-Kadang,Selalu,Selalu,Sering,Selalu,Selalu,Selalu,Kadang-Kadang,Selalu,Kadang-Kadang,Sangat Peduli,Kadang Memastikan,Selalu,Selalu,Selalu,Sangat Tahu / Sangat Memahami Langkah-Langkah yang Tepat,Kadang-Kadang,Netral,Netral,Netral,500.000-1.500.000
Perempuan,18 -29 Tahun,Pelajar / Mahasiswa,SMA/Sederajat,Lebih dari 5 Platform,Instagram,Lebih dari 5 Jam,Hiburan/Rekreasi,Tidak Setuju,Netral,Sangat Tidak Setuju,Sangat Tidak Setuju,Setuju,Sangat Setuju,Netral,Sangat Tidak Setuju,Setuju,Setuju,Setuju,Netral,Tidak Setuju,Tidak Setuju,Tidak Setuju,Setuju,Sangat Setuju,Sangat Tidak Setuju,Setuju,Setuju,Tidak Setuju,Sangat Setuju,Setuju,Netral,Sangat Setuju,Sangat Setuju,Netral,Setuju,Netral,Setuju,Sangat Setuju,Setuju,Setuju,Sangat Setuju,Sangat Tidak Setuju,Tidak Setuju,Setuju,Tidak Setuju,Sangat Setuju,Sangat Tidak Setuju,Setuju,Sangat Setuju,Setuju,Sangat Setuju,Sangat Setuju,Netral,Setuju,Setuju,Sangat Tidak Setuju,Sangat Tidak Setuju,Tidak Setuju,Netral,Tidak Setuju,Sangat Setuju,Setuju,Netral,Setuju,Tidak Setuju,Sangat Setuju,Setuju,Sangat Setuju,Selalu,Kadang-Kadang,Jarang,Sering,Kadang-Kadang,Kadang-Kadang,Jarang,Sering,Selalu,Tidak pernah,Sangat Peduli,Sangat/Selalu Memastikan,Jarang,Tidak Pernah,Tidak Pernah,Sangat Tahu / Sangat Memahami Langkah-Langkah yang Tepat,Selalu,Sangat Setuju,Tidak Setuju,Sangat Tidak Setuju,1.500.000-3.000.000
Laki-Laki,18 -29 Tahun,Pelajar / Mahasiswa,SMA/Sederajat,Lebih dari 5 Platform,Instagram,4-5 Jam,Komunikasi Sosial,Tidak Setuju,Tidak Setuju,Tidak Setuju,Tidak Setuju,Netral,Tidak Setuju,Netral,Tidak Setuju,Tidak Setuju,Tidak Setuju,Tidak Setuju,Tidak Setuju,Tidak Setuju,Tidak Setuju,Tidak Setuju,Tidak Setuju,Tidak Setuju,Netral,Netral,Netral,Netral,Netral,Netral,Netral,Netral,Netral,Netral,Netral,Netral,Netral,Netral,Netral,Netral,Netral,Netral,Netral,Netral,Netral,Netral,Netral,Netral,Netral,Netral,Netral,Netral,Netral,Netral,Netral,Netral,Netral,Netral,Netral,Netral,Netral,Netral,Netral,Netral,Netral,Netral,Netral,Netral,Selalu,Selalu,Selalu,Selalu,Kadang-Kadang,Selalu,Sering,Sering,Selalu,Selalu,Peduli,Sering Memastikan,Sering,Sering,Kadang-Kadang,Tahu,Sering,Tidak Setuju,Netral,Netral,1.500.000-3.000.000
Perempuan,Kurang dari 18 tahun,Pelajar / Mahasiswa,S1/D3/D4,2- 3 Platform,Youtube,Lebih dari 5 Jam,Hiburan/Rekreasi,Tidak Setuju,Netral,Tidak Setuju,Sangat Tidak Setuju,Sangat Tidak Setuju,Netral,Netral,Sangat Tidak Setuju,Tidak Setuju,Sangat Tidak Setuju,Sangat Tidak Setuju,Sangat Tidak Setuju,Tidak Setuju,Sangat Tidak Setuju,Sangat Tidak Setuju,Tidak Setuju,Tidak Setuju,Tidak Setuju,Netral,Setuju,Netral,Tidak Setuju,Netral,Netral,Tidak Setuju,Setuju,Tidak Setuju,Netral,Sangat Tidak Setuju,Tidak Setuju,Sangat Tidak Setuju,Sangat Tidak Setuju,Tidak Setuju,Sangat Tidak Setuju,Tidak Setuju,Sangat Tidak Setuju,Sangat Tidak Setuju,Setuju,Netral,Sangat Tidak Setuju,Tidak Setuju,Sangat Setuju,Sangat Tidak Setuju,Setuju,Tidak Setuju,Tidak Setuju,Netral,Setuju,Tidak Setuju,Tidak Setuju,Sangat Tidak Setuju,Netral,Tidak Setuju,Setuju,Tidak Setuju,Tidak Setuju,Netral,Tidak Setuju,Sangat Tidak Setuju,Tidak Setuju,Sangat Tidak Setuju,Jarang,Sering,Kadang-Kadang,Sering,Tidak pernah,Kadang-Kadang,Selalu,Sering,Sering,Tidak pernah,Peduli,Jarang Memastikan,Sering,Selalu,Sering,Kurang Tahu,Kadang-Kadang,Sangat Tidak Setuju,Sangat Tidak Setuju,Tidak Setuju,1.500.000-3.000.000
Laki-Laki,Kurang dari 18 tahun,Tidak Bekerja,SMA/Sederajat,4-5 Platform,Instagram,1 -2 Jam,Hiburan/Rekreasi,Netral,Setuju,Netral,Tidak Setuju,Netral,Tidak Setuju,Tidak Setuju,Netral,Tidak Setuju,Tidak Setuju,Setuju,Netral,Netral,Setuju,Sangat Tidak Setuju,Sangat Tidak Setuju,Setuju,Setuju,Setuju,Setuju,Setuju,Setuju,Setuju,Setuju,Setuju,Setuju,Tidak Setuju,Setuju,Tidak Setuju,Netral,Netral,Netral,Netral,Netral,Netral,Netral,Netral,Netral,Netral,Netral,Netral,Netral,Netral,Tidak Setuju,Tidak Setuju,Netral,Netral,Netral,Netral,Netral,Netral,Tidak Setuju,Tidak Setuju,Netral,Netral,Netral,Netral,Netral,Netral,Netral,Netral,Jarang,Tidak pernah,Tidak pernah,Kadang-Kadang,Kadang-Kadang,Kadang-Kadang,Kadang-Kadang,Jarang,Selalu,Tidak pernah,Cukup Peduli,Sangat Tidak Memastikan,Jarang,Kadang-Kadang,Kadang-Kadang,Cukup Tahu,Tidak Pernah,Netral,Tidak Setuju,Netral,500.000-1.500.000
Laki-Laki,18 -29 Tahun,Pelajar / Mahasiswa,SMA/Sederajat,4-5 Platform,Instagram,Lebih dari 5 Jam,Hiburan/Rekreasi,Tidak Setuju,Netral,Tidak Setuju,Tidak Setuju,Tidak Setuju,Tidak Setuju,Tidak Setuju,Tidak Setuju,Tidak Setuju,Netral,Tidak Setuju,Sangat Tidak Setuju,Netral,Netral,Tidak Setuju,Netral,Netral,Tidak Setuju,Tidak Setuju,Netral,Netral,Netral,Setuju,Netral,Setuju,Netral,Netral,Tidak Setuju,Tidak Setuju,Netral,Netral,Sangat Tidak Setuju,Netral,Netral,Netral,Netral,Netral,Setuju,Tidak Setuju,Tidak Setuju,Setuju,Setuju,Tidak Setuju,Tidak Setuju,Tidak Setuju,Netral,Netral,Netral,Tidak Setuju,Tidak Setuju,Netral,Netral,Tidak Setuju,Netral,Tidak Setuju,Tidak Setuju,Tidak Setuju,Netral,Tidak Setuju,Netral,Netral,Sering,Kadang-Kadang,Kadang-Kadang,Kadang-Kadang,Kadang-Kadang,Sering,Sering,Kadang-Kadang,Selalu,Sering,Peduli,Kadang Memastikan,Sering,Sering,Sering,Sangat Tahu / Sangat Memahami Langkah-Langkah yang Tepat,Sering,Tidak Setuju,Netral,Tidak Setuju,Di bawah 500.000
Laki-Laki,Kurang dari 18 tahun,Pelajar / Mahasiswa,SMA/Sederajat,2- 3 Platform,TikTok,3-4 Jam,Hiburan/Rekreasi,Tidak Setuju,Tidak Setuju,Tidak Setuju,Netral,Tidak Setuju,Tidak Setuju,Netral,Tidak Setuju,Tidak Setuju,Netral,Netral,Netral,Netral,Netral,Netral,Netral,Netral,Netral,Netral,Netral,Netral,Netral,Netral,Netral,Netral,Netral,Netral,Netral,Netral,Netral,Netral,Netral,Netral,Netral,Netral,Netral,Netral,Netral,Netral,Netral,Netral,Netral,Netral,Netral,Netral,Netral,Netral,Netral,Netral,Netral,Netral,Netral,Netral,Netral,Netral,Netral,Netral,Netral,Netral,Netral,Netral,Kadang-Kadang,Kadang-Kadang,Kadang-Kadang,Kadang-Kadang,Kadang-Kadang,Kadang-Kadang,Kadang-Kadang,Kadang-Kadang,Kadang-Kadang,Kadang-Kadang,Cukup Peduli,Kadang Memastikan,Kadang-Kadang,Kadang-Kadang,Kadang-Kadang,Cukup Tahu,Kadang-Kadang,Netral,Netral,Netral,1.500.000-3.000.000
Laki-Laki,18 -29 Tahun,Pelajar / Mahasiswa,S1/D3/D4,2- 3 Platform,Instagram,Lebih dari 5 Jam,Hiburan/Rekreasi,Setuju,Setuju,Netral,Setuju,Netral,Setuju,Tidak Setuju,Netral,Setuju,Netral,Netral,Setuju,Netral,Setuju,Tidak Setuju,Tidak Setuju,Setuju,Tidak Setuju,Tidak Setuju,Netral,Tidak Setuju,Setuju,Netral,Netral,Tidak Setuju,Setuju,Tidak Setuju,Netral,Tidak Setuju,Netral,Tidak Setuju,Netral,Netral,Netral,Tidak Setuju,Setuju,Netral,Netral,Netral,Netral,Setuju,Tidak Setuju,Setuju,Setuju,Netral,Sangat Tidak Setuju,Netral,Setuju,Netral,Sangat Tidak Setuju,Tidak Setuju,Tidak Setuju,Tidak Setuju,Sangat Tidak Setuju,Sangat Tidak Setuju,Netral,Tidak Setuju,Tidak Setuju,Tidak Setuju,Sangat Tidak Setuju,Netral,Sering,Selalu,Tidak pernah,Sering,Kadang-Kadang,Sering,Selalu,Kadang-Kadang,Sering,Kadang-Kadang,Peduli,Sering Memastikan,Selalu,Kadang-Kadang,Sering,Cukup Tahu,Selalu,Tidak Setuju,Sangat Tidak Setuju,Sangat Tidak Setuju,1.500.000-3.000.000
Laki-Laki,18 -29 Tahun,Pelajar / Mahasiswa,SMA/Sederajat,4-5 Platform,Instagram,3-4 Jam,Komunikasi Sosial,Netral,Netral,Tidak Setuju,Netral,Netral,Netral,Netral,Netral,Netral,Netral,Netral,Netral,Netral,Tidak Setuju,Netral,Netral,Tidak Setuju,Tidak Setuju,Tidak Setuju,Netral,Netral,Netral,Netral,Netral,Netral,Netral,Netral,Netral,Netral,Netral,Netral,Netral,Netral,Tidak Setuju,Netral,Setuju,Netral,Setuju,Sangat Setuju,Netral,Netral,Netral,Netral,Netral,Netral,Netral,Netral,Netral,Netral,Netral,Netral,Netral,Netral,Netral,Netral,Netral,Netral,Netral,Netral,Netral,Netral,Sering,Kadang-Kadang,Sering,Sering,Selalu,Kadang-Kadang,Kadang-Kadang,Kadang-Kadang,Kadang-Kadang,Kadang-Kadang,Sangat Peduli,Kadang Memastikan,Sering,Kadang-Kadang,Selalu,Sangat Tahu / Sangat Memahami Langkah-Langkah yang Tepat,Selalu,Netral,Netral,Netral,500.000-1.500.000
Laki-Laki,18 -29 Tahun,Pelajar / Mahasiswa,S1/D3/D4,4-5 Platform,X (Twitter),3-4 Jam,Edukasi/Informasi,Sangat Tidak Setuju,Tidak Setuju,Tidak Setuju,Tidak Setuju,Netral,Tidak Setuju,Tidak Setuju,Tidak Setuju,Tidak Setuju,Tidak Setuju,Tidak Setuju,Tidak Setuju,Netral,Netral,Tidak Setuju,Netral,Netral,Netral,Netral,Netral,Netral,Netral,Netral,Netral,Tidak Setuju,Netral,Netral,Setuju,Netral,Netral,Tidak Setuju,Tidak Setuju,Tidak Setuju,Tidak Setuju,Tidak Setuju,Tidak Setuju,Tidak Setuju,Tidak Setuju,Tidak Setuju,Sangat Tidak Setuju,Tidak Setuju,Netral,Netral,Netral,Netral,Netral,Netral,Netral,Netral,Netral,Tidak Setuju,Tidak Setuju,Sangat Tidak Setuju,Tidak Setuju,Tidak Setuju,Netral,Netral,Netral,Netral,Netral,Netral,Kadang-Kadang,Kadang-Kadang,Kadang-Kadang,Kadang-Kadang,Kadang-Kadang,Kadang-Kadang,Kadang-Kadang,Kadang-Kadang,Kadang-Kadang,Kadang-Kadang,Tidak Terlalu Peduli,Jarang Memastikan,Kadang-Kadang,Tidak Pernah,Jarang,Kurang Tahu,Sering,Tidak Setuju,Netral,Netral,1.500.000-3.000.000
Perempuan,18 -29 Tahun,Pelajar / Mahasiswa,SMA/Sederajat,4-5 Platform,Instagram,Lebih dari 5 Jam,Hiburan/Rekreasi,Tidak Setuju,Tidak Setuju,Netral,Tidak Setuju,Netral,Setuju,Tidak Setuju,Tidak Setuju,Tidak Setuju,Netral,Tidak Setuju,Tidak Setuju,Tidak Setuju,Tidak Setuju,Sangat Tidak Setuju,Tidak Setuju,Netral,Tidak Setuju,Tidak Setuju,Tidak Setuju,Tidak Setuju,Netral,Tidak Setuju,Tidak Setuju,Netral,Tidak Setuju,Tidak Setuju,Tidak Setuju,Tidak Setuju,Tidak Setuju,Netral,Tidak Setuju,Tidak Setuju,Tidak Setuju,Netral,Netral,Tidak Setuju,Netral,Tidak Setuju,Netral,Tidak Setuju,Netral,Tidak Setuju,Tidak Setuju,Tidak Setuju,Tidak Setuju,Tidak Setuju,Netral,Tidak Setuju,Tidak Setuju,Tidak Setuju,Tidak Setuju,Netral,Netral,Netral,Tidak Setuju,Tidak Setuju,Tidak Setuju,Netral,Netral,Netral,Kadang-Kadang,Sering,Kadang-Kadang,Sering,Sering,Sering,Sering,Sering,Selalu,Jarang,Sangat Peduli,Kadang Memastikan,Sering,Sering,Kadang-Kadang,Cukup Tahu,Sering,Tidak Setuju,Sangat Tidak Setuju,Tidak Setuju,3.000.000-5.000.000
Laki-Laki,18 -29 Tahun,Freelance / Pekerja Lepas,S1/D3/D4,Lebih dari 5 Platform,Instagram,2-3 Jam,Promosi diri/Branding,Netral,Tidak Setuju,Netral,Sangat Setuju,Netral,Netral,Tidak Setuju,Tidak Setuju,Netral,Netral,Netral,Netral,Netral,Netral,Setuju,Netral,Netral,Netral,Netral,Netral,Netral,Setuju,Netral,Tidak Setuju,Setuju,Tidak Setuju,Tidak Setuju,Tidak Setuju,Tidak Setuju,Tidak Setuju,Setuju,Setuju,Netral,Netral,Netral,Netral,Tidak Setuju,Setuju,Setuju,Netral,Tidak Setuju,Setuju,Netral,Netral,Netral,Netral,Netral,Netral,Netral,Netral,Setuju,Netral,Tidak Setuju,Tidak Setuju,Setuju,Netral,Setuju,Netral,Setuju,Netral,Netral,Sering,Sering,Sering,Sering,Kadang-Kadang,Kadang-Kadang,Sering,Sering,Selalu,Kadang-Kadang,Sangat Peduli,Sering Memastikan,Sering,Sering,Sering,Tahu,Sering,Netral,Tidak Setuju,Netral,Di bawah 500.000
Laki-Laki,18 -29 Tahun,Pelajar / Mahasiswa,SMA/Sederajat,4-5 Platform,Youtube,3-4 Jam,Hiburan/Rekreasi,Tidak Setuju,Tidak Setuju,Tidak Setuju,Setuju,Netral,Tidak Setuju,Setuju,Tidak Setuju,Netral,Tidak Setuju,Setuju,Tidak Setuju,Netral,Setuju,Tidak Setuju,Netral,Netral,Tidak Setuju,Netral,Netral,Tidak Setuju,Netral,Tidak Setuju,Setuju,Sangat Setuju,Netral,Setuju,Netral,Netral,Netral,Sangat Setuju,Netral,Setuju,Tidak Setuju,Tidak Setuju,Netral,Tidak Setuju,Tidak Setuju,Setuju,Tidak Setuju,Setuju,Netral,Tidak Setuju,Sangat Tidak Setuju,Tidak Setuju,Sangat Tidak Setuju,Netral,Netral,Tidak Setuju,Tidak Setuju,Tidak Setuju,Tidak Setuju,Tidak Setuju,Setuju,Sangat Setuju,Netral,Tidak Setuju,Setuju,Tidak Setuju,Setuju,Setuju,Kadang-Kadang,Kadang-Kadang,Kadang-Kadang,Sering,Sering,Tidak pernah,Kadang-Kadang,Kadang-Kadang,Selalu,Jarang,Sangat Peduli,Kadang Memastikan,Jarang,Selalu,Selalu,Tahu,Sering,Netral,Sangat Tidak Setuju,Tidak Setuju,500.000-1.500.000
Laki-Laki,18 -29 Tahun,Pelajar / Mahasiswa,SMA/Sederajat,4-5 Platform,TikTok,Lebih dari 5 Jam,Hiburan/Rekreasi,Tidak Setuju,Setuju,Tidak Setuju,Tidak Setuju,Netral,Netral,Netral,Setuju,Netral,Netral,Setuju,Tidak Setuju,Netral,Netral,Tidak Setuju,Netral,Netral,Setuju,Tidak Setuju,Netral,Tidak Setuju,Tidak Setuju,Netral,Tidak Setuju,Netral,Netral,Netral,Tidak Setuju,Netral,Netral,Setuju,Netral,Netral,Netral,Setuju,Netral,Setuju,Setuju,Netral,Setuju,Netral,Netral,Setuju,Netral,Tidak Setuju,Netral,Netral,Netral,Tidak Setuju,Netral,Tidak Setuju,Netral,Netral,Netral,Setuju,Netral,Netral,Tidak Setuju,Tidak Setuju,Netral,Netral,Kadang-Kadang,Sering,Kadang-Kadang,Jarang,Kadang-Kadang,Jarang,Selalu,Kadang-Kadang,Kadang-Kadang,Sering,Peduli,Sering Memastikan,Sering,Kadang-Kadang,Kadang-Kadang,Tahu,Kadang-Kadang,Netral,Netral,Tidak Setuju,500.000-1.500.000
Laki-Laki,18 -29 Tahun,Pelajar / Mahasiswa,SMA/Sederajat,2- 3 Platform,Youtube,3-4 Jam,Hiburan/Rekreasi,Tidak Setuju,Netral,Netral,Netral,Netral,Netral,Netral,Netral,Netral,Netral,Netral,Netral,Netral,Netral,Netral,Tidak Setuju,Tidak Setuju,Netral,Tidak Setuju,Tidak Setuju,Netral,Netral,Netral,Netral,Netral,Netral,Tidak Setuju,Netral,Netral,Netral,Setuju,Netral,Tidak Setuju,Netral,Tidak Setuju,Netral,Netral,Netral,Tidak Setuju,Netral,Netral,Netral,Netral,Netral,Netral,Netral,Netral,Netral,Netral,Netral,Netral,Netral,Netral,Netral,Netral,Netral,Netral,Netral,Netral,Netral,Netral,Sering,Kadang-Kadang,Sering,Sering,Sering,Kadang-Kadang,Sering,Kadang-Kadang,Sering,Kadang-Kadang,Peduli,Sering Memastikan,Sering,Sering,Sering,Tahu,Sering,Tidak Setuju,Netral,Netral,500.000-1.500.000
Laki-Laki,18 -29 Tahun,Pelajar / Mahasiswa,SMA/Sederajat,2- 3 Platform,Youtube,4-5 Jam,Hiburan/Rekreasi,Netral,Netral,Netral,Netral,Netral,Netral,Netral,Netral,Netral,Netral,Netral,Netral,Netral,Netral,Netral,Netral,Tidak Setuju,Tidak Setuju,Tidak Setuju,Tidak Setuju,Tidak Setuju,Tidak Setuju,Tidak Setuju,Tidak Setuju,Tidak Setuju,Tidak Setuju,Tidak Setuju,Tidak Setuju,Tidak Setuju,Netral,Netral,Tidak Setuju,Tidak Setuju,Tidak Setuju,Netral,Tidak Setuju,Tidak Setuju,Netral,Netral,Netral,Netral,Netral,Netral,Netral,Netral,Netral,Netral,Netral,Netral,Netral,Netral,Netral,Netral,Tidak Setuju,Netral,Tidak Setuju,Netral,Netral,Netral,Setuju,Netral,Kadang-Kadang,Jarang,Kadang-Kadang,Jarang,Sering,Jarang,Sering,Jarang,Kadang-Kadang,Jarang,Cukup Peduli,Kadang Memastikan,Sering,Kadang-Kadang,Kadang-Kadang,Kurang Tahu,Kadang-Kadang,Netral,Tidak Setuju,Tidak Setuju,Di bawah 500.000
Laki-Laki,18 -29 Tahun,Pelajar / Mahasiswa,SMA/Sederajat,Lebih dari 5 Platform,Youtube,4-5 Jam,Hiburan/Rekreasi,Tidak Setuju,Netral,Tidak Setuju,Tidak Setuju,Tidak Setuju,Sangat Tidak Setuju,Sangat Tidak Setuju,Sangat Tidak Setuju,Sangat Tidak Setuju,Sangat Tidak Setuju,Sangat Tidak Setuju,Tidak Setuju,Sangat Tidak Setuju,Sangat Tidak Setuju,Sangat Tidak Setuju,Sangat Tidak Setuju,Tidak Setuju,Tidak Setuju,Sangat Tidak Setuju,Tidak Setuju,Sangat Tidak Setuju,Sangat Tidak Setuju,Sangat Tidak Setuju,Setuju,Tidak Setuju,Sangat Tidak Setuju,Sangat Tidak Setuju,Sangat Tidak Setuju,Sangat Tidak Setuju,Sangat Tidak Setuju,Netral,Tidak Setuju,Sangat Tidak Setuju,Sangat Tidak Setuju,Netral,Netral,Tidak Setuju,Tidak Setuju,Sangat Tidak Setuju,Sangat Tidak Setuju,Sangat Tidak Setuju,Sangat Tidak Setuju,Netral,Netral,Sangat Tidak Setuju,Tidak Setuju,Setuju,Netral,Tidak Setuju,Sangat Tidak Setuju,Tidak Setuju,Netral,Tidak Setuju,Tidak Setuju,Netral,Netral,Tidak Setuju,Setuju,Netral,Netral,Netral,Jarang,Sering,Jarang,Jarang,Kadang-Kadang,Selalu,Sering,Jarang,Sering,Tidak pernah,Sangat Peduli,Kadang Memastikan,Kadang-Kadang,Jarang,Jarang,Cukup Tahu,Jarang,Sangat Tidak Setuju,Sangat Tidak Setuju,Tidak Setuju,500.000-1.500.000
Laki-Laki,18 -29 Tahun,Pelajar / Mahasiswa,SMA/Sederajat,Lebih dari 5 Platform,Youtube,Lebih dari 5 Jam,Hiburan/Rekreasi,Sangat Tidak Setuju,Netral,Sangat Tidak Setuju,Netral,Sangat Setuju,Setuju,Tidak Setuju,Sangat Tidak Setuju,Sangat Setuju,Setuju,Tidak Setuju,Tidak Setuju,Tidak Setuju,Sangat Setuju,Sangat Tidak Setuju,Netral,Setuju,Tidak Setuju,Setuju,Setuju,Netral,Netral,Setuju,Setuju,Setuju,Tidak Setuju,Tidak Setuju,Setuju,Netral,Sangat Setuju,Sangat Setuju,Setuju,Setuju,Sangat Setuju,Sangat Setuju,Sangat Setuju,Setuju,Sangat Setuju,Sangat Setuju,Sangat Setuju,Sangat Setuju,Sangat Setuju,Sangat Tidak Setuju,Sangat Tidak Setuju,Tidak Setuju,Sangat Tidak Setuju,Tidak Setuju,Tidak Setuju,Sangat Tidak Setuju,Sangat Tidak Setuju,Sangat Tidak Setuju,Tidak Setuju,Sangat Tidak Setuju,Setuju,Netral,Sangat Tidak Setuju,Netral,Netral,Netral,Tidak Setuju,Sangat Setuju,Sering,Sering,Sering,Selalu,Sering,Kadang-Kadang,Selalu,Jarang,Selalu,Jarang,Peduli,Kadang Memastikan,Kadang-Kadang,Sering,Sering,Sangat Tahu / Sangat Memahami Langkah-Langkah yang Tepat,Sering,Sangat Setuju,Sangat Tidak Setuju,Setuju,500.000-1.500.000
Laki-Laki,18 -29 Tahun,Pelajar / Mahasiswa,SMA/Sederajat,4-5 Platform,Instagram,Kurang dari 1 jam,Hiburan/Rekreasi,Tidak Setuju,Tidak Setuju,Tidak Setuju,Tidak Setuju,Netral,Netral,Netral,Netral,Netral,Tidak Setuju,Tidak Setuju,Tidak Setuju,Tidak Setuju,Netral,Sangat Tidak Setuju,Tidak Setuju,Setuju,Tidak Setuju,Setuju,Setuju,Netral,Tidak Setuju,Tidak Setuju,Setuju,Setuju,Tidak Setuju,Netral,Tidak Setuju,Netral,Setuju,Netral,Netral,Setuju,Setuju,Setuju,Setuju,Setuju,Setuju,Setuju,Setuju,Setuju,Setuju,Netral,Tidak Setuju,Tidak Setuju,Netral,Netral,Netral,Netral,Netral,Netral,Netral,Netral,Netral,Netral,Netral,Netral,Netral,Netral,Netral,Netral,Jarang,Selalu,Kadang-Kadang,Jarang,Sering,Kadang-Kadang,Sering,Kadang-Kadang,Kadang-Kadang,Jarang,Peduli,Jarang Memastikan,Sering,Jarang,Kadang-Kadang,Tahu,Kadang-Kadang,Netral,Tidak Setuju,Netral,500.000-1.500.000
Laki-Laki,18 -29 Tahun,Pelajar / Mahasiswa,SMA/Sederajat,Lebih dari 5 Platform,Facebook,Lebih dari 5 Jam,Komunikasi Sosial,Sangat Setuju,Netral,Setuju,Netral,Setuju,Netral,Setuju,Setuju,Setuju,Setuju,Sangat Setuju,Setuju,Setuju,Setuju,Setuju,Setuju,Netral,Netral,Setuju,Netral,Netral,Setuju,Netral,Netral,Tidak Setuju,Netral,Setuju,Setuju,Tidak Setuju,Netral,Sangat Setuju,Setuju,Sangat Setuju,Sangat Setuju,Netral,Sangat Setuju,Setuju,Sangat Setuju,Setuju,Sangat Setuju,Setuju,Sangat Setuju,Sangat Setuju,Netral,Netral,Netral,Setuju,Setuju,Netral,Netral,Netral,Setuju,Setuju,Tidak Setuju,Netral,Netral,Netral,Setuju,Setuju,Sangat Tidak Setuju,Netral,Selalu,Selalu,Selalu,Selalu,Selalu,Selalu,Kadang-Kadang,Selalu,Selalu,Sering,Sangat Peduli,Sangat/Selalu Memastikan,Selalu,Selalu,Selalu,Sangat Tahu / Sangat Memahami Langkah-Langkah yang Tepat,Selalu,Netral,Setuju,Tidak Setuju,3.000.000-5.000.000
Perempuan,30-39 Tahun,Pegawai Swasta,S1/D3/D4,2- 3 Platform,Instagram,2-3 Jam,Edukasi/Informasi,Netral,Netral,Setuju,Setuju,Netral,Netral,Tidak Setuju,Tidak Setuju,Tidak Setuju,Netral,Netral,Netral,Netral,Setuju,Setuju,Setuju,Setuju,Setuju,Netral,Sangat Setuju,Setuju,Netral,Setuju,Sangat Setuju,Sangat Setuju,Netral,Sangat Setuju,Sangat Setuju,Tidak Setuju,Sangat Setuju,Netral,Tidak Setuju,Setuju,Setuju,Setuju,Tidak Setuju,Tidak Setuju,Setuju,Setuju,Tidak Setuju,Setuju,Setuju,Tidak Setuju,Netral,Sangat Tidak Setuju,Setuju,Netral,Setuju,Tidak Setuju,Setuju,Netral,Tidak Setuju,Setuju,Tidak Setuju,Setuju,Sangat Setuju,Setuju,Setuju,Tidak Setuju,Setuju,Tidak Setuju,Jarang,Jarang,Kadang-Kadang,Sering,Sering,Tidak pernah,Sering,Jarang,Selalu,Tidak pernah,Cukup Peduli,Jarang Memastikan,Kadang-Kadang,Sering,Selalu,Tahu,Sering,Netral,Setuju,Sangat Tidak Setuju,3.000.000-5.000.000
Laki-Laki,30-39 Tahun,Pegawai Swasta,S1/D3/D4,4-5 Platform,Facebook,1 -2 Jam,Edukasi/Informasi,Setuju,Setuju,Setuju,Setuju,Netral,Setuju,Netral,Setuju,Netral,Netral,Netral,Netral,Setuju,Netral,Netral,Netral,Netral,Netral,Netral,Setuju,Netral,Netral,Setuju,Setuju,Setuju,Setuju,Setuju,Setuju,Setuju,Setuju,Setuju,Netral,Netral,Netral,Netral,Netral,Netral,Netral,Netral,Netral,Netral,Netral,Setuju,Netral,Netral,Netral,Netral,Netral,Netral,Netral,Netral,Netral,Netral,Netral,Netral,Netral,Netral,Netral,Netral,Netral,Netral,Kadang-Kadang,Kadang-Kadang,Kadang-Kadang,Kadang-Kadang,Kadang-Kadang,Kadang-Kadang,Kadang-Kadang,Kadang-Kadang,Kadang-Kadang,Kadang-Kadang,Cukup Peduli,Kadang Memastikan,Kadang-Kadang,Kadang-Kadang,Kadang-Kadang,Cukup Tahu,Kadang-Kadang,Netral,Setuju,Netral,5.000.000-10.000.000
Perempuan,30-39 Tahun,Wirausaha,S1/D3/D4,2- 3 Platform,X (Twitter),2-3 Jam,Hiburan/Rekreasi,Sangat Tidak Setuju,Tidak Setuju,Tidak Setuju,Sangat Tidak Setuju,Tidak Setuju,Tidak Setuju,Sangat Tidak Setuju,Sangat Tidak Setuju,Tidak Setuju,Tidak Setuju,Tidak Setuju,Tidak Setuju,Tidak Setuju,Netral,Tidak Setuju,Tidak Setuju,Tidak Setuju,Netral,Tidak Setuju,Netral,Setuju,Setuju,Setuju,Tidak Setuju,Netral,Setuju,Netral,Setuju,Tidak Setuju,Netral,Setuju,Tidak Setuju,Netral,Netral,Setuju,Setuju,Tidak Setuju,Sangat Setuju,Sangat Setuju,Setuju,Setuju,Setuju,Setuju,Setuju,Netral,Netral,Netral,Netral,Tidak Setuju,Netral,Setuju,Netral,Netral,Netral,Sangat Tidak Setuju,Netral,Netral,Netral,Netral,Netral,Netral,Kadang-Kadang,Selalu,Sering,Sering,Sering,Sering,Sering,Kadang-Kadang,Sering,Sering,Sangat Peduli,Sangat/Selalu Memastikan,Selalu,Selalu,Selalu,Sangat Tahu / Sangat Memahami Langkah-Langkah yang Tepat,Sering,Sangat Tidak Setuju,Netral,Sangat Tidak Setuju,1.500.000-3.000.000
Laki-Laki,30-39 Tahun,ASN/ Pegawai Pemerintahan,S2/S3,2- 3 Platform,Instagram,2-3 Jam,Edukasi/Informasi,Setuju,Setuju,Setuju,Setuju,Setuju,Setuju,Setuju,Setuju,Setuju,Setuju,Setuju,Setuju,Setuju,Setuju,Setuju,Netral,Setuju,Setuju,Setuju,Netral,Setuju,Setuju,Setuju,Setuju,Netral,Setuju,Setuju,Setuju,Setuju,Setuju,Setuju,Setuju,Setuju,Setuju,Setuju,Setuju,Setuju,Setuju,Setuju,Setuju,Setuju,Setuju,Setuju,Setuju,Setuju,Setuju,Setuju,Setuju,Setuju,Setuju,Setuju,Setuju,Setuju,Setuju,Setuju,Setuju,Setuju,Setuju,Setuju,Setuju,Setuju,Sering,Sering,Sering,Sering,Sering,Sering,Sering,Sering,Sering,Sering,Peduli,Sering Memastikan,Sering,Sering,Sering,Tahu,Sering,Setuju,Setuju,Setuju,3.000.000-5.000.000
Laki-Laki,30-39 Tahun,ASN/ Pegawai Pemerintahan,S1/D3/D4,2- 3 Platform,Instagram,Kurang dari 1 jam,Hiburan/Rekreasi,Sangat Setuju,Sangat Setuju,Sangat Setuju,Sangat Setuju,Sangat Setuju,Sangat Setuju,Sangat Setuju,Sangat Setuju,Sangat Setuju,Sangat Setuju,Sangat Setuju,Sangat Setuju,Sangat Setuju,Sangat Setuju,Sangat Setuju,Sangat Setuju,Sangat Setuju,Sangat Setuju,Sangat Setuju,Sangat Setuju,Sangat Setuju,Sangat Setuju,Sangat Setuju,Sangat Setuju,Sangat Setuju,Sangat Setuju,Sangat Setuju,Sangat Setuju,Sangat Setuju,Sangat Setuju,Sangat Setuju,Sangat Setuju,Sangat Setuju,Sangat Setuju,Sangat Setuju,Sangat Setuju,Sangat Setuju,Sangat Setuju,Sangat Setuju,Sangat Setuju,Sangat Setuju,Sangat Setuju,Sangat Setuju,Sangat Setuju,Sangat Setuju,Sangat Setuju,Sangat Setuju,Sangat Setuju,Sangat Setuju,Sangat Setuju,Sangat Setuju,Sangat Setuju,Sangat Setuju,Sangat Setuju,Sangat Setuju,Sangat Tidak Setuju,Sangat Setuju,Sangat Setuju,Sangat Tidak Setuju,Sangat Setuju,Sangat Setuju,Kadang-Kadang,Kadang-Kadang,Kadang-Kadang,Kadang-Kadang,Kadang-Kadang,Kadang-Kadang,Kadang-Kadang,Kadang-Kadang,Kadang-Kadang,Kadang-Kadang,Cukup Peduli,Kadang Memastikan,Kadang-Kadang,Kadang-Kadang,Tidak Pernah,Sangat Tahu / Sangat Memahami Langkah-Langkah yang Tepat,Kadang-Kadang,Sangat Setuju,Sangat Setuju,Sangat Setuju,3.000.000-5.000.000
Laki-Laki,18 -29 Tahun,Tidak Bekerja,S1/D3/D4,Lebih dari 5 Platform,Quora,2-3 Jam,Hiburan/Rekreasi,Sangat Tidak Setuju,Sangat Tidak Setuju,Tidak Setuju,Sangat Tidak Setuju,Tidak Setuju,Sangat Tidak Setuju,Tidak Setuju,Tidak Setuju,Setuju,Tidak Setuju,Tidak Setuju,Tidak Setuju,Tidak Setuju,Netral,Tidak Setuju,Tidak Setuju,Netral,Tidak Setuju,Sangat Tidak Setuju,Tidak Setuju,Sangat Tidak Setuju,Setuju,Tidak Setuju,Tidak Setuju,Tidak Setuju,Setuju,Tidak Setuju,Setuju,Tidak Setuju,Tidak Setuju,Sangat Setuju,Setuju,Tidak Setuju,Tidak Setuju,Setuju,Setuju,Sangat Tidak Setuju,Setuju,Setuju,Tidak Setuju,Setuju,Setuju,Netral,Netral,Tidak Setuju,Netral,Netral,Netral,Netral,Tidak Setuju,Netral,Tidak Setuju,Tidak Setuju,Tidak Setuju,Tidak Setuju,Sangat Tidak Setuju,Tidak Setuju,Tidak Setuju,Setuju,Sangat Tidak Setuju,Setuju,Sering,Jarang,Sering,Jarang,Kadang-Kadang,Sering,Sering,Kadang-Kadang,Selalu,Jarang,Cukup Peduli,Sering Memastikan,Sering,Sering,Sering,Tahu,Sering,Sangat Tidak Setuju,Sangat Tidak Setuju,Setuju,1.500.000-3.000.000
Laki-Laki,18 -29 Tahun,Pegawai Swasta,S2/S3,2- 3 Platform,Instagram,2-3 Jam,Hiburan/Rekreasi,Sangat Tidak Setuju,Sangat Tidak Setuju,Sangat Tidak Setuju,Sangat Tidak Setuju,Sangat Tidak Setuju,Sangat Tidak Setuju,Sangat Tidak Setuju,Sangat Tidak Setuju,Sangat Tidak Setuju,Sangat Tidak Setuju,Sangat Tidak Setuju,Sangat Tidak Setuju,Sangat Tidak Setuju,Sangat Tidak Setuju,Sangat Tidak Setuju,Sangat Tidak Setuju,Tidak Setuju,Sangat Tidak Setuju,Sangat Tidak Setuju,Sangat Tidak Setuju,Sangat Tidak Setuju,Sangat Tidak Setuju,Sangat Tidak Setuju,Sangat Tidak Setuju,Sangat Tidak Setuju,Sangat Tidak Setuju,Sangat Tidak Setuju,Sangat Tidak Setuju,Sangat Tidak Setuju,Sangat Tidak Setuju,Tidak Setuju,Sangat Tidak Setuju,Sangat Tidak Setuju,Sangat Tidak Setuju,Sangat Tidak Setuju,Sangat Tidak Setuju,Sangat Tidak Setuju,Sangat Tidak Setuju,Sangat Tidak Setuju,Sangat Tidak Setuju,Sangat Tidak Setuju,Sangat Tidak Setuju,Sangat Tidak Setuju,Sangat Tidak Setuju,Sangat Tidak Setuju,Sangat Tidak Setuju,Sangat Tidak Setuju,Sangat Tidak Setuju,Sangat Tidak Setuju,Sangat Tidak Setuju,Sangat Tidak Setuju,Sangat Tidak Setuju,Sangat Tidak Setuju,Tidak Setuju,Tidak Setuju,Tidak Setuju,Tidak Setuju,Tidak Setuju,Tidak Setuju,Tidak Setuju,Tidak Setuju,Jarang,Kadang-Kadang,Sering,Selalu,Selalu,Selalu,Selalu,Selalu,Selalu,Selalu,Sangat Peduli,Sangat/Selalu Memastikan,Selalu,Selalu,Sering,Cukup Tahu,Selalu,Sangat Tidak Setuju,Sangat Tidak Setuju,Tidak Setuju,3.000.000-5.000.000
Laki-Laki,18 -29 Tahun,Freelance / Pekerja Lepas,S2/S3,2- 3 Platform,X (Twitter),2-3 Jam,Edukasi/Informasi,Netral,Sangat Tidak Setuju,Sangat Tidak Setuju,Sangat Tidak Setuju,Netral,Netral,Netral,Netral,Netral,Netral,Netral,Netral,Netral,Netral,Netral,Netral,Tidak Setuju,Tidak Setuju,Tidak Setuju,Tidak Setuju,Sangat Tidak Setuju,Setuju,Tidak Setuju,Tidak Setuju,Sangat Tidak Setuju,Tidak Setuju,Tidak Setuju,Tidak Setuju,Tidak Setuju,Netral,Setuju,Tidak Setuju,Tidak Setuju,Netral,Netral,Netral,Tidak Setuju,Setuju,Netral,Tidak Setuju,Tidak Setuju,Netral,Sangat Tidak Setuju,Sangat Tidak Setuju,Tidak Setuju,Tidak Setuju,Tidak Setuju,Netral,Tidak Setuju,Tidak Setuju,Netral,Netral,Tidak Setuju,Netral,Tidak Setuju,Tidak Setuju,Tidak Setuju,Netral,Tidak Setuju,Tidak Setuju,Tidak Setuju,Kadang-Kadang,Selalu,Jarang,Kadang-Kadang,Selalu,Sering,Selalu,Kadang-Kadang,Selalu,Tidak pernah,Sangat Peduli,Sangat Tidak Memastikan,Selalu,Tidak Pernah,Selalu,Tahu,Selalu,Netral,Sangat Tidak Setuju,Tidak Setuju,1.500.000-3.000.000
Laki-Laki,30-39 Tahun,Pegawai Swasta,S1/D3/D4,2- 3 Platform,Instagram,1 -2 Jam,Edukasi/Informasi,Netral,Tidak Setuju,Netral,Setuju,Tidak Setuju,Netral,Setuju,Tidak Setuju,Setuju,Setuju,Tidak Setuju,Tidak Setuju,Tidak Setuju,Setuju,Setuju,Setuju,Setuju,Setuju,Setuju,Tidak Setuju,Setuju,Setuju,Setuju,Tidak Setuju,Setuju,Tidak Setuju,Setuju,Tidak Setuju,Setuju,Setuju,Setuju,Setuju,Setuju,Setuju,Setuju,Setuju,Setuju,Setuju,Setuju,Setuju,Setuju,Setuju,Setuju,Setuju,Setuju,Setuju,Setuju,Setuju,Setuju,Setuju,Setuju,Setuju,Setuju,Setuju,Tidak Setuju,Setuju,Setuju,Setuju,Setuju,Setuju,Setuju,Sering,Sering,Sering,Sering,Sering,Sering,Sering,Sering,Sering,Sering,Peduli,Sering Memastikan,Sering,Sering,Sering,Sangat Tahu / Sangat Memahami Langkah-Langkah yang Tepat,Sering,Tidak Setuju,Setuju,Setuju,di atas 10.000.000
Perempuan,18 -29 Tahun,Pelajar / Mahasiswa,SMA/Sederajat,2- 3 Platform,TikTok,2-3 Jam,Hiburan/Rekreasi,Netral,Netral,Netral,Netral,Netral,Netral,Netral,Netral,Netral,Netral,Netral,Netral,Netral,Netral,Netral,Netral,Netral,Netral,Netral,Netral,Netral,Netral,Netral,Netral,Netral,Netral,Netral,Netral,Netral,Netral,Netral,Netral,Netral,Netral,Netral,Netral,Netral,Netral,Netral,Netral,Netral,Netral,Netral,Netral,Netral,Netral,Netral,Netral,Netral,Netral,Netral,Netral,Netral,Netral,Netral,Netral,Netral,Netral,Netral,Netral,Netral,Kadang-Kadang,Selalu,Kadang-Kadang,Kadang-Kadang,Kadang-Kadang,Kadang-Kadang,Selalu,Jarang,Selalu,Tidak pernah,Peduli,Jarang Memastikan,Jarang,Kadang-Kadang,Sering,Cukup Tahu,Sering,Netral,Netral,Netral,1.500.000-3.000.000
Laki-Laki,18 -29 Tahun,Pelajar / Mahasiswa,SMA/Sederajat,2- 3 Platform,Instagram,Lebih dari 5 Jam,Promosi diri/Branding,Sangat Tidak Setuju,Sangat Tidak Setuju,Sangat Tidak Setuju,Sangat Tidak Setuju,Sangat Tidak Setuju,Sangat Tidak Setuju,Sangat Tidak Setuju,Sangat Tidak Setuju,Sangat Tidak Setuju,Sangat Tidak Setuju,Sangat Tidak Setuju,Sangat Tidak Setuju,Sangat Tidak Setuju,Sangat Tidak Setuju,Sangat Tidak Setuju,Sangat Tidak Setuju,Sangat Tidak Setuju,Sangat Tidak Setuju,Sangat Tidak Setuju,Sangat Tidak Setuju,Sangat Tidak Setuju,Sangat Tidak Setuju,Sangat Tidak Setuju,Sangat Tidak Setuju,Sangat Tidak Setuju,Sangat Tidak Setuju,Sangat Tidak Setuju,Sangat Tidak Setuju,Sangat Tidak Setuju,Sangat Tidak Setuju,Sangat Tidak Setuju,Sangat Tidak Setuju,Sangat Tidak Setuju,Sangat Tidak Setuju,Sangat Tidak Setuju,Sangat Tidak Setuju,Sangat Tidak Setuju,Sangat Tidak Setuju,Sangat Tidak Setuju,Sangat Tidak Setuju,Sangat Tidak Setuju,Sangat Tidak Setuju,Sangat Tidak Setuju,Sangat Tidak Setuju,Sangat Tidak Setuju,Sangat Tidak Setuju,Sangat Tidak Setuju,Sangat Tidak Setuju,Sangat Tidak Setuju,Sangat Tidak Setuju,Sangat Tidak Setuju,Sangat Tidak Setuju,Sangat Tidak Setuju,Sangat Tidak Setuju,Sangat Tidak Setuju,Sangat Tidak Setuju,Sangat Tidak Setuju,Sangat Tidak Setuju,Sangat Tidak Setuju,Sangat Tidak Setuju,Sangat Tidak Setuju,Selalu,Selalu,Selalu,Selalu,Selalu,Selalu,Selalu,Selalu,Selalu,Selalu,Sangat Peduli,Sangat/Selalu Memastikan,Selalu,Selalu,Selalu,Sangat Tahu / Sangat Memahami Langkah-Langkah yang Tepat,Selalu,Sangat Tidak Setuju,Sangat Tidak Setuju,Sangat Tidak Setuju,3.000.000-5.000.000
Perempuan,18 -29 Tahun,Pelajar / Mahasiswa,SMA/Sederajat,2- 3 Platform,Instagram,1 -2 Jam,Komunikasi Sosial,Sangat Setuju,Sangat Setuju,Sangat Setuju,Sangat Setuju,Sangat Setuju,Sangat Setuju,Sangat Setuju,Sangat Setuju,Sangat Setuju,Sangat Setuju,Sangat Setuju,Sangat Setuju,Sangat Setuju,Sangat Setuju,Sangat Setuju,Sangat Setuju,Setuju,Setuju,Setuju,Setuju,Setuju,Setuju,Setuju,Setuju,Setuju,Setuju,Setuju,Setuju,Setuju,Setuju,Setuju,Setuju,Setuju,Setuju,Setuju,Setuju,Setuju,Setuju,Setuju,Setuju,Setuju,Setuju,Setuju,Setuju,Setuju,Setuju,Setuju,Setuju,Setuju,Setuju,Setuju,Setuju,Setuju,Setuju,Setuju,Setuju,Setuju,Setuju,Setuju,Setuju,Setuju,Sering,Jarang,Sering,Sering,Sering,Sering,Sering,Sering,Sering,Sering,Peduli,Kadang Memastikan,Sering,Sering,Sering,Sangat Tahu / Sangat Memahami Langkah-Langkah yang Tepat,Sering,Sangat Setuju,Setuju,Setuju,500.000-1.500.000
Laki-Laki,18 -29 Tahun,Pelajar / Mahasiswa,SMA/Sederajat,4-5 Platform,Youtube,Lebih dari 5 Jam,Hiburan/Rekreasi,Netral,Netral,Netral,Netral,Netral,Netral,Netral,Netral,Netral,Netral,Netral,Netral,Netral,Netral,Netral,Netral,Netral,Netral,Netral,Netral,Netral,Netral,Netral,Netral,Netral,Netral,Netral,Netral,Netral,Netral,Netral,Netral,Netral,Netral,Netral,Netral,Netral,Netral,Netral,Netral,Netral,Netral,Netral,Netral,Netral,Netral,Netral,Netral,Netral,Netral,Netral,Netral,Netral,Netral,Netral,Netral,Netral,Netral,Netral,Netral,Netral,Kadang-Kadang,Kadang-Kadang,Kadang-Kadang,Kadang-Kadang,Kadang-Kadang,Kadang-Kadang,Kadang-Kadang,Kadang-Kadang,Kadang-Kadang,Kadang-Kadang,Cukup Peduli,Kadang Memastikan,Kadang-Kadang,Kadang-Kadang,Kadang-Kadang,Cukup Tahu,Kadang-Kadang,Netral,Netral,Netral,Di bawah 500.000
Laki-Laki,18 -29 Tahun,Pelajar / Mahasiswa,SMA/Sederajat,2- 3 Platform,Instagram,4-5 Jam,Komunikasi Sosial,Sangat Setuju,Tidak Setuju,Netral,Tidak Setuju,Tidak Setuju,Tidak Setuju,Tidak Setuju,Tidak Setuju,Tidak Setuju,Tidak Setuju,Tidak Setuju,Tidak Setuju,Tidak Setuju,Tidak Setuju,Tidak Setuju,Tidak Setuju,Tidak Setuju,Tidak Setuju,Tidak Setuju,Tidak Setuju,Tidak Setuju,Tidak Setuju,Tidak Setuju,Tidak Setuju,Tidak Setuju,Tidak Setuju,Tidak Setuju,Tidak Setuju,Tidak Setuju,Tidak Setuju,Tidak Setuju,Tidak Setuju,Tidak Setuju,Tidak Setuju,Tidak Setuju,Tidak Setuju,Tidak Setuju,Tidak Setuju,Tidak Setuju,Tidak Setuju,Tidak Setuju,Tidak Setuju,Tidak Setuju,Tidak Setuju,Tidak Setuju,Tidak Setuju,Tidak Setuju,Tidak Setuju,Tidak Setuju,Tidak Setuju,Tidak Setuju,Tidak Setuju,Tidak Setuju,Tidak Setuju,Tidak Setuju,Tidak Setuju,Tidak Setuju,Tidak Setuju,Tidak Setuju,Tidak Setuju,Tidak Setuju,Jarang,Jarang,Jarang,Jarang,Jarang,Jarang,Jarang,Jarang,Jarang,Jarang,Sangat Peduli,Sangat/Selalu Memastikan,Selalu,Selalu,Selalu,Sangat Tahu / Sangat Memahami Langkah-Langkah yang Tepat,Selalu,Tidak Setuju,Tidak Setuju,Tidak Setuju,5.000.000-10.000.000
Perempuan,18 -29 Tahun,Pelajar / Mahasiswa,S1/D3/D4,2- 3 Platform,Instagram,2-3 Jam,Hiburan/Rekreasi,Netral,Setuju,Setuju,Setuju,Setuju,Netral,Setuju,Setuju,Setuju,Setuju,Setuju,Sangat Setuju,Setuju,Sangat Setuju,Setuju,Sangat Setuju,Setuju,Setuju,Setuju,Sangat Setuju,Setuju,Sangat Setuju,Setuju,Sangat Setuju,Sangat Setuju,Sangat Setuju,Netral,Sangat Setuju,Sangat Setuju,Sangat Setuju,Sangat Setuju,Setuju,Setuju,Setuju,Setuju,Setuju,Setuju,Netral,Setuju,Setuju,Setuju,Netral,Setuju,Netral,Setuju,Sangat Setuju,Netral,Setuju,Sangat Setuju,Netral,Sangat Setuju,Setuju,Setuju,Setuju,Sangat Setuju,Sangat Setuju,Setuju,Netral,Sangat Setuju,Sangat Setuju,Sangat Setuju,Kadang-Kadang,Sering,Sering,Sering,Selalu,Sering,Sering,Kadang-Kadang,Selalu,Selalu,Sangat Peduli,Sering Memastikan,Kadang-Kadang,Kadang-Kadang,Sering,Tahu,Sering,Setuju,Sangat Setuju,Setuju,1.500.000-3.000.000
Laki-Laki,18 -29 Tahun,Pelajar / Mahasiswa,S1/D3/D4,2- 3 Platform,Instagram,1 -2 Jam,Promosi diri/Branding,Tidak Setuju,Tidak Setuju,Tidak Setuju,Tidak Setuju,Tidak Setuju,Netral,Netral,Tidak Setuju,Netral,Netral,Netral,Netral,Netral,Netral,Netral,Netral,Netral,Netral,Netral,Netral,Netral,Netral,Netral,Netral,Netral,Netral,Netral,Netral,Netral,Netral,Netral,Netral,Netral,Netral,Netral,Netral,Netral,Netral,Netral,Netral,Netral,Netral,Netral,Netral,Netral,Netral,Netral,Netral,Netral,Netral,Netral,Netral,Netral,Netral,Netral,Netral,Netral,Netral,Netral,Netral,Netral,Kadang-Kadang,Kadang-Kadang,Kadang-Kadang,Kadang-Kadang,Kadang-Kadang,Kadang-Kadang,Kadang-Kadang,Kadang-Kadang,Kadang-Kadang,Kadang-Kadang,Cukup Peduli,Kadang Memastikan,Kadang-Kadang,Kadang-Kadang,Kadang-Kadang,Cukup Tahu,Kadang-Kadang,Netral,Netral,Netral,500.000-1.500.000
Perempuan,18 -29 Tahun,Pelajar / Mahasiswa,SMA/Sederajat,4-5 Platform,Instagram,3-4 Jam,Komunikasi Sosial,Setuju,Setuju,Setuju,Setuju,Setuju,Setuju,Sangat Setuju,Setuju,Setuju,Sangat Setuju,Setuju,Sangat Setuju,Setuju,Sangat Setuju,Sangat Setuju,Setuju,Setuju,Setuju,Setuju,Sangat Setuju,Setuju,Sangat Setuju,Setuju,Setuju,Setuju,Setuju,Setuju,Setuju,Setuju,Setuju,Setuju,Setuju,Sangat Setuju,Sangat Setuju,Setuju,Sangat Setuju,Sangat Setuju,Setuju,Sangat Setuju,Setuju,Sangat Setuju,Sangat Setuju,Sangat Setuju,Setuju,Setuju,Sangat Setuju,Sangat Setuju,Setuju,Setuju,Setuju,Setuju,Sangat Setuju,Sangat Setuju,Sangat Setuju,Sangat Setuju,Setuju,Setuju,Setuju,Setuju,Sangat Setuju,Sangat Setuju,Kadang-Kadang,Kadang-Kadang,Kadang-Kadang,Kadang-Kadang,Kadang-Kadang,Kadang-Kadang,Kadang-Kadang,Kadang-Kadang,Kadang-Kadang,Kadang-Kadang,Peduli,Sering Memastikan,Sering,Sering,Sering,Tahu,Sering,Setuju,Setuju,Setuju,1.500.000-3.000.000
Laki-Laki,18 -29 Tahun,Pelajar / Mahasiswa,S1/D3/D4,2- 3 Platform,Instagram,3-4 Jam,Komunikasi Sosial,Tidak Setuju,Netral,Netral,Tidak Setuju,Tidak Setuju,Netral,Setuju,Netral,Tidak Setuju,Sangat Tidak Setuju,Tidak Setuju,Netral,Netral,Tidak Setuju,Tidak Setuju,Tidak Setuju,Netral,Tidak Setuju,Netral,Netral,Tidak Setuju,Tidak Setuju,Tidak Setuju,Netral,Netral,Tidak Setuju,Tidak Setuju,Tidak Setuju,Netral,Netral,Tidak Setuju,Tidak Setuju,Netral,Netral,Tidak Setuju,Tidak Setuju,Tidak Setuju,Tidak Setuju,Netral,Netral,Netral,Tidak Setuju,Netral,Tidak Setuju,Netral,Netral,Netral,Tidak Setuju,Tidak Setuju,Netral,Tidak Setuju,Tidak Setuju,Netral,Netral,Netral,Tidak Setuju,Tidak Setuju,Netral,Netral,Setuju,Netral,Kadang-Kadang,Jarang,Kadang-Kadang,Kadang-Kadang,Jarang,Sering,Sering,Sering,Kadang-Kadang,Kadang-Kadang,Sangat Peduli,Sangat/Selalu Memastikan,Selalu,Selalu,Selalu,Sangat Tahu / Sangat Memahami Langkah-Langkah yang Tepat,Selalu,Netral,Tidak Setuju,Tidak Setuju,500.000-1.500.000
Laki-Laki,18 -29 Tahun,Pelajar / Mahasiswa,SMA/Sederajat,4-5 Platform,TikTok,4-5 Jam,Hiburan/Rekreasi,Tidak Setuju,Tidak Setuju,Tidak Setuju,Tidak Setuju,Tidak Setuju,Tidak Setuju,Netral,Tidak Setuju,Sangat Tidak Setuju,Tidak Setuju,Netral,Tidak Setuju,Tidak Setuju,Netral,Tidak Setuju,Tidak Setuju,Setuju,Tidak Setuju,Tidak Setuju,Tidak Setuju,Tidak Setuju,Tidak Setuju,Netral,Tidak Setuju,Tidak Setuju,Tidak Setuju,Tidak Setuju,Tidak Setuju,Tidak Setuju,Netral,Netral,Sangat Tidak Setuju,Tidak Setuju,Tidak Setuju,Netral,Tidak Setuju,Tidak Setuju,Netral,Tidak Setuju,Tidak Setuju,Tidak Setuju,Setuju,Tidak Setuju,Sangat Tidak Setuju,Tidak Setuju,Netral,Netral,Tidak Setuju,Tidak Setuju,Tidak Setuju,Tidak Setuju,Tidak Setuju,Tidak Setuju,Tidak Setuju,Netral,Netral,Netral,Netral,Netral,Netral,Netral,Kadang-Kadang,Kadang-Kadang,Sering,Sering,Sering,Jarang,Sering,Jarang,Selalu,Jarang,Sangat Peduli,Kadang Memastikan,Sering,Kadang-Kadang,Sering,Cukup Tahu,Sering,Netral,Netral,Sangat Tidak Setuju,500.000-1.500.000
Perempuan,18 -29 Tahun,Pelajar / Mahasiswa,S1/D3/D4,Lebih dari 5 Platform,Instagram,2-3 Jam,Hiburan/Rekreasi,Netral,Netral,Netral,Netral,Sangat Tidak Setuju,Netral,Netral,Netral,Netral,Netral,Netral,Netral,Setuju,Setuju,Setuju,Netral,Setuju,Setuju,Tidak Setuju,Tidak Setuju,Tidak Setuju,Tidak Setuju,Tidak Setuju,Tidak Setuju,Tidak Setuju,Tidak Setuju,Tidak Setuju,Tidak Setuju,Tidak Setuju,Tidak Setuju,Netral,Netral,Netral,Netral,Netral,Netral,Netral,Netral,Netral,Netral,Netral,Sangat Tidak Setuju,Netral,Netral,Netral,Netral,Netral,Netral,Netral,Netral,Netral,Netral,Netral,Tidak Setuju,Tidak Setuju,Tidak Setuju,Tidak Setuju,Netral,Netral,Netral,Netral,Jarang,Jarang,Jarang,Jarang,Jarang,Jarang,Jarang,Jarang,Jarang,Jarang,Tidak Terlalu Peduli,Jarang Memastikan,Jarang,Kadang-Kadang,Jarang,Kurang Tahu,Jarang,Setuju,Tidak Setuju,Netral,500.000-1.500.000
Perempuan,18 -29 Tahun,Pelajar / Mahasiswa,SMA/Sederajat,2- 3 Platform,TikTok,2-3 Jam,Hiburan/Rekreasi,Netral,Sangat Tidak Setuju,Tidak Setuju,Setuju,Tidak Setuju,Setuju,Setuju,Tidak Setuju,Setuju,Tidak Setuju,Setuju,Tidak Setuju,Tidak Setuju,Setuju,Setuju,Netral,Setuju,Netral,Tidak Setuju,Netral,Tidak Setuju,Sangat Tidak Setuju,Tidak Setuju,Netral,Tidak Setuju,Netral,Netral,Setuju,Sangat Tidak Setuju,Tidak Setuju,Setuju,Netral,Tidak Setuju,Sangat Tidak Setuju,Tidak Setuju,Netral,Sangat Tidak Setuju,Sangat Setuju,Tidak Setuju,Tidak Setuju,Setuju,Setuju,Tidak Setuju,Sangat Tidak Setuju,Tidak Setuju,Setuju,Netral,Tidak Setuju,Sangat Tidak Setuju,Tidak Setuju,Tidak Setuju,Setuju,Tidak Setuju,Sangat Tidak Setuju,Setuju,Tidak Setuju,Tidak Setuju,Setuju,Netral,Sangat Tidak Setuju,Setuju,Kadang-Kadang,Kadang-Kadang,Tidak pernah,Selalu,Selalu,Jarang,Kadang-Kadang,Kadang-Kadang,Selalu,Jarang,Peduli,Jarang Memastikan,Selalu,Kadang-Kadang,Selalu,Sangat Tahu / Sangat Memahami Langkah-Langkah yang Tepat,Selalu,Tidak Setuju,Netral,Setuju,1.500.000-3.000.000
Perempuan,18 -29 Tahun,Pelajar / Mahasiswa,SMA/Sederajat,Lebih dari 5 Platform,Youtube,4-5 Jam,Hiburan/Rekreasi,Netral,Netral,Netral,Netral,Netral,Netral,Netral,Netral,Netral,Netral,Netral,Netral,Netral,Netral,Netral,Netral,Tidak Setuju,Sangat Tidak Setuju,Tidak Setuju,Tidak Setuju,Sangat Tidak Setuju,Tidak Setuju,Tidak Setuju,Sangat Tidak Setuju,Tidak Setuju,Sangat Tidak Setuju,Tidak Setuju,Tidak Setuju,Tidak Setuju,Netral,Tidak Setuju,Tidak Setuju,Sangat Tidak Setuju,Tidak Setuju,Tidak Setuju,Tidak Setuju,Tidak Setuju,Tidak Setuju,Tidak Setuju,Tidak Setuju,Tidak Setuju,Tidak Setuju,Tidak Setuju,Tidak Setuju,Tidak Setuju,Tidak Setuju,Tidak Setuju,Tidak Setuju,Tidak Setuju,Tidak Setuju,Tidak Setuju,Tidak Setuju,Tidak Setuju,Tidak Setuju,Tidak Setuju,Tidak Setuju,Netral,Netral,Netral,Netral,Netral,Kadang-Kadang,Kadang-Kadang,Kadang-Kadang,Kadang-Kadang,Jarang,Kadang-Kadang,Kadang-Kadang,Kadang-Kadang,Kadang-Kadang,Kadang-Kadang,Tidak Terlalu Peduli,Jarang Memastikan,Kadang-Kadang,Kadang-Kadang,Kadang-Kadang,Cukup Tahu,Kadang-Kadang,Netral,Netral,Netral,1.500.000-3.000.000
Perempuan,18 -29 Tahun,Pelajar / Mahasiswa,SMA/Sederajat,2- 3 Platform,Instagram,4-5 Jam,Hiburan/Rekreasi,Tidak Setuju,Netral,Setuju,Setuju,Setuju,Netral,Netral,Setuju,Tidak Setuju,Setuju,Netral,Setuju,Tidak Setuju,Netral,Setuju,Netral,Tidak Setuju,Netral,Setuju,Netral,Setuju,Setuju,Tidak Setuju,Setuju,Setuju,Netral,Tidak Setuju,Tidak Setuju,Setuju,Setuju,Tidak Setuju,Setuju,Netral,Tidak Setuju,Tidak Setuju,Setuju,Tidak Setuju,Setuju,Netral,Netral,Setuju,Netral,Tidak Setuju,Tidak Setuju,Setuju,Setuju,Setuju,Tidak Setuju,Tidak Setuju,Setuju,Netral,Netral,Setuju,Tidak Setuju,Netral,Netral,Setuju,Tidak Setuju,Netral,Tidak Setuju,Setuju,Jarang,Kadang-Kadang,Sering,Jarang,Sering,Kadang-Kadang,Kadang-Kadang,Sering,Sering,Sering,Cukup Peduli,Kadang Memastikan,Kadang-Kadang,Sering,Kadang-Kadang,Cukup Tahu,Jarang,Setuju,Tidak Setuju,Tidak Setuju,Di bawah 500.000
Perempuan,18 -29 Tahun,Pelajar / Mahasiswa,SMA/Sederajat,4-5 Platform,X (Twitter),2-3 Jam,Hiburan/Rekreasi,Setuju,Setuju,Setuju,Setuju,Setuju,Setuju,Setuju,Setuju,Setuju,Setuju,Setuju,Setuju,Setuju,Setuju,Setuju,Setuju,Setuju,Setuju,Setuju,Setuju,Setuju,Setuju,Setuju,Setuju,Setuju,Setuju,Setuju,Setuju,Setuju,Setuju,Setuju,Setuju,Setuju,Setuju,Setuju,Setuju,Setuju,Setuju,Setuju,Setuju,Setuju,Setuju,Setuju,Setuju,Setuju,Setuju,Setuju,Setuju,Setuju,Setuju,Setuju,Setuju,Setuju,Setuju,Setuju,Setuju,Setuju,Setuju,Setuju,Setuju,Setuju,Kadang-Kadang,Selalu,Kadang-Kadang,Kadang-Kadang,Sering,Selalu,Selalu,Selalu,Selalu,Selalu,Sangat Peduli,Sangat/Selalu Memastikan,Selalu,Sering,Selalu,Sangat Tahu / Sangat Memahami Langkah-Langkah yang Tepat,Selalu,Setuju,Setuju,Setuju,Di bawah 500.000
Laki-Laki,18 -29 Tahun,Pelajar / Mahasiswa,S1/D3/D4,2- 3 Platform,Instagram,Kurang dari 1 jam,Komunikasi Sosial,Sangat Tidak Setuju,Sangat Setuju,Sangat Tidak Setuju,Sangat Tidak Setuju,Sangat Tidak Setuju,Sangat Tidak Setuju,Sangat Tidak Setuju,Sangat Tidak Setuju,Sangat Tidak Setuju,Sangat Tidak Setuju,Sangat Tidak Setuju,Sangat Tidak Setuju,Sangat Tidak Setuju,Sangat Tidak Setuju,Sangat Tidak Setuju,Sangat Tidak Setuju,Netral,Netral,Netral,Netral,Netral,Netral,Netral,Netral,Netral,Netral,Netral,Sangat Tidak Setuju,Sangat Tidak Setuju,Sangat Tidak Setuju,Sangat Setuju,Tidak Setuju,Tidak Setuju,Tidak Setuju,Tidak Setuju,Tidak Setuju,Tidak Setuju,Tidak Setuju,Tidak Setuju,Tidak Setuju,Tidak Setuju,Tidak Setuju,Sangat Tidak Setuju,Sangat Tidak Setuju,Sangat Tidak Setuju,Sangat Tidak Setuju,Sangat Tidak Setuju,Sangat Tidak Setuju,Sangat Tidak Setuju,Sangat Tidak Setuju,Sangat Tidak Setuju,Sangat Tidak Setuju,Sangat Tidak Setuju,Tidak Setuju,Tidak Setuju,Tidak Setuju,Tidak Setuju,Tidak Setuju,Tidak Setuju,Tidak Setuju,Tidak Setuju,Selalu,Selalu,Selalu,Sering,Selalu,Selalu,Selalu,Tidak pernah,Selalu,Tidak pernah,Sangat Peduli,Sangat/Selalu Memastikan,Selalu,Selalu,Selalu,Sangat Tahu / Sangat Memahami Langkah-Langkah yang Tepat,Selalu,Netral,Sangat Tidak Setuju,Tidak Setuju,Di bawah 500.000
Perempuan,18 -29 Tahun,Pelajar / Mahasiswa,S1/D3/D4,4-5 Platform,Instagram,3-4 Jam,Edukasi/Informasi,Tidak Setuju,Tidak Setuju,Tidak Setuju,Tidak Setuju,Tidak Setuju,Tidak Setuju,Tidak Setuju,Tidak Setuju,Tidak Setuju,Tidak Setuju,Tidak Setuju,Tidak Setuju,Tidak Setuju,Netral,Netral,Netral,Netral,Netral,Netral,Netral,Netral,Netral,Netral,Netral,Netral,Netral,Netral,Netral,Netral,Netral,Setuju,Setuju,Setuju,Setuju,Setuju,Setuju,Setuju,Setuju,Setuju,Setuju,Setuju,Setuju,Netral,Netral,Netral,Netral,Netral,Netral,Netral,Netral,Netral,Netral,Netral,Tidak Setuju,Tidak Setuju,Tidak Setuju,Tidak Setuju,Tidak Setuju,Tidak Setuju,Tidak Setuju,Tidak Setuju,Kadang-Kadang,Kadang-Kadang,Kadang-Kadang,Kadang-Kadang,Kadang-Kadang,Kadang-Kadang,Kadang-Kadang,Kadang-Kadang,Kadang-Kadang,Kadang-Kadang,Cukup Peduli,Kadang Memastikan,Kadang-Kadang,Kadang-Kadang,Kadang-Kadang,Cukup Tahu,Kadang-Kadang,Netral,Netral,Tidak Setuju,1.500.000-3.000.000
Perempuan,18 -29 Tahun,Pelajar / Mahasiswa,SMA/Sederajat,Lebih dari 5 Platform,TikTok,3-4 Jam,Hiburan/Rekreasi,Setuju,Setuju,Netral,Setuju,Netral,Setuju,Tidak Setuju,Netral,Setuju,Netral,Setuju,Netral,Setuju,Netral,Setuju,Netral,Netral,Netral,Setuju,Netral,Netral,Setuju,Netral,Setuju,Netral,Setuju,Netral,Netral,Setuju,Netral,Setuju,Netral,Netral,Netral,Setuju,Netral,Netral,Setuju,Netral,Netral,Netral,Setuju,Setuju,Setuju,Setuju,Netral,Setuju,Netral,Setuju,Netral,Setuju,Netral,Setuju,Netral,Netral,Setuju,Setuju,Netral,Netral,Setuju,Setuju,Kadang-Kadang,Kadang-Kadang,Sering,Kadang-Kadang,Jarang,Sering,Selalu,Sering,Sering,Sering,Peduli,Kadang Memastikan,Kadang-Kadang,Sering,Jarang,Tahu,Sering,Setuju,Netral,Tidak Setuju,1.500.000-3.000.000
Laki-Laki,18 -29 Tahun,Pelajar / Mahasiswa,S1/D3/D4,2- 3 Platform,Youtube,Lebih dari 5 Jam,Hiburan/Rekreasi,Netral,Setuju,Netral,Netral,Netral,Netral,Netral,Netral,Netral,Netral,Netral,Netral,Netral,Netral,Netral,Netral,Netral,Setuju,Setuju,Setuju,Setuju,Setuju,Netral,Netral,Setuju,Setuju,Setuju,Netral,Netral,Netral,Netral,Netral,Netral,Netral,Setuju,Netral,Setuju,Netral,Netral,Netral,Netral,Netral,Tidak Setuju,Netral,Netral,Netral,Netral,Tidak Setuju,Tidak Setuju,Netral,Netral,Netral,Netral,Tidak Setuju,Tidak Setuju,Tidak Setuju,Netral,Netral,Netral,Netral,Netral,Kadang-Kadang,Jarang,Jarang,Jarang,Jarang,Kadang-Kadang,Kadang-Kadang,Jarang,Jarang,Tidak pernah,Tidak Terlalu Peduli,Kadang Memastikan,Kadang-Kadang,Kadang-Kadang,Jarang,Cukup Tahu,Kadang-Kadang,Netral,Setuju,Tidak Setuju,3.000.000-5.000.000
Laki-Laki,18 -29 Tahun,Pelajar / Mahasiswa,SMA/Sederajat,2- 3 Platform,Instagram,3-4 Jam,Hiburan/Rekreasi,Tidak Setuju,Tidak Setuju,Netral,Netral,Tidak Setuju,Tidak Setuju,Netral,Netral,Tidak Setuju,Netral,Netral,Netral,Netral,Netral,Netral,Netral,Tidak Setuju,Tidak Setuju,Netral,Netral,Netral,Netral,Netral,Netral,Netral,Tidak Setuju,Tidak Setuju,Tidak Setuju,Tidak Setuju,Tidak Setuju,Netral,Netral,Netral,Netral,Netral,Netral,Netral,Netral,Netral,Netral,Netral,Netral,Tidak Setuju,Tidak Setuju,Tidak Setuju,Tidak Setuju,Tidak Setuju,Tidak Setuju,Tidak Setuju,Tidak Setuju,Tidak Setuju,Tidak Setuju,Tidak Setuju,Netral,Netral,Netral,Netral,Netral,Netral,Netral,Netral,Sering,Sering,Sering,Sering,Sering,Sering,Sering,Sering,Sering,Sering,Sangat Peduli,Sering Memastikan,Sering,Sering,Sering,Sangat Tahu / Sangat Memahami Langkah-Langkah yang Tepat,Sering,Netral,Tidak Setuju,Netral,1.500.000-3.000.000
Laki-Laki,18 -29 Tahun,Pelajar / Mahasiswa,SMA/Sederajat,2- 3 Platform,Instagram,2-3 Jam,Edukasi/Informasi,Tidak Setuju,Setuju,Sangat Tidak Setuju,Sangat Tidak Setuju,Tidak Setuju,Tidak Setuju,Netral,Tidak Setuju,Tidak Setuju,Netral,Netral,Tidak Setuju,Netral,Netral,Tidak Setuju,Setuju,Setuju,Setuju,Netral,Netral,Tidak Setuju,Netral,Setuju,Sangat Setuju,Netral,Setuju,Sangat Setuju,Setuju,Netral,Netral,Setuju,Netral,Setuju,Sangat Setuju,Setuju,Netral,Tidak Setuju,Sangat Setuju,Sangat Tidak Setuju,Tidak Setuju,Netral,Setuju,Sangat Tidak Setuju,Tidak Setuju,Tidak Setuju,Sangat Tidak Setuju,Netral,Setuju,Setuju,Netral,Tidak Setuju,Setuju,Tidak Setuju,Sangat Tidak Setuju,Sangat Tidak Setuju,Tidak Setuju,Tidak Setuju,Tidak Setuju,Tidak Setuju,Sangat Tidak Setuju,Tidak Setuju,Sering,Selalu,Selalu,Sering,Kadang-Kadang,Sering,Selalu,Sering,Selalu,Kadang-Kadang,Sangat Peduli,Sering Memastikan,Kadang-Kadang,Kadang-Kadang,Selalu,Tahu,Selalu,Sangat Setuju,Netral,Netral,500.000-1.500.000
Laki-Laki,18 -29 Tahun,ASN/ Pegawai Pemerintahan,SMA/Sederajat,1 Platform,Instagram,2-3 Jam,Komunikasi Sosial,Sangat Setuju,Setuju,Setuju,Setuju,Setuju,Setuju,Setuju,Setuju,Setuju,Setuju,Setuju,Setuju,Setuju,Setuju,Setuju,Setuju,Sangat Setuju,Setuju,Setuju,Setuju,Setuju,Setuju,Setuju,Setuju,Setuju,Setuju,Setuju,Setuju,Setuju,Setuju,Setuju,Setuju,Setuju,Setuju,Setuju,Setuju,Setuju,Setuju,Setuju,Setuju,Setuju,Setuju,Setuju,Setuju,Setuju,Setuju,Setuju,Setuju,Setuju,Setuju,Setuju,Setuju,Setuju,Setuju,Setuju,Setuju,Setuju,Setuju,Setuju,Setuju,Setuju,Sering,Kadang-Kadang,Kadang-Kadang,Selalu,Selalu,Kadang-Kadang,Sering,Kadang-Kadang,Sering,Sering,Sangat Peduli,Sangat/Selalu Memastikan,Selalu,Selalu,Selalu,Sangat Tahu / Sangat Memahami Langkah-Langkah yang Tepat,Selalu,Setuju,Setuju,Setuju,3.000.000-5.000.000
Laki-Laki,30-39 Tahun,ASN/ Pegawai Pemerintahan,SMA/Sederajat,2- 3 Platform,Youtube,2-3 Jam,Edukasi/Informasi,Tidak Setuju,Tidak Setuju,Tidak Setuju,Tidak Setuju,Tidak Setuju,Tidak Setuju,Tidak Setuju,Tidak Setuju,Tidak Setuju,Tidak Setuju,Tidak Setuju,Tidak Setuju,Tidak Setuju,Tidak Setuju,Tidak Setuju,Tidak Setuju,Tidak Setuju,Tidak Setuju,Tidak Setuju,Tidak Setuju,Tidak Setuju,Tidak Setuju,Tidak Setuju,Tidak Setuju,Tidak Setuju,Tidak Setuju,Tidak Setuju,Tidak Setuju,Tidak Setuju,Tidak Setuju,Setuju,Tidak Setuju,Tidak Setuju,Tidak Setuju,Tidak Setuju,Tidak Setuju,Tidak Setuju,Tidak Setuju,Tidak Setuju,Tidak Setuju,Tidak Setuju,Tidak Setuju,Tidak Setuju,Tidak Setuju,Tidak Setuju,Tidak Setuju,Tidak Setuju,Tidak Setuju,Tidak Setuju,Tidak Setuju,Tidak Setuju,Tidak Setuju,Tidak Setuju,Setuju,Tidak Setuju,Tidak Setuju,Tidak Setuju,Tidak Setuju,Tidak Setuju,Tidak Setuju,Tidak Setuju,Sering,Sering,Sering,Sering,Sering,Sering,Sering,Sering,Sering,Sering,Peduli,Sering Memastikan,Sering,Sering,Sering,Tahu,Sering,Tidak Setuju,Tidak Setuju,Tidak Setuju,5.000.000-10.000.000
Laki-Laki,18 -29 Tahun,ASN/ Pegawai Pemerintahan,SMA/Sederajat,2- 3 Platform,Facebook,2-3 Jam,Komunikasi Sosial,Sangat Setuju,Sangat Setuju,Sangat Setuju,Sangat Setuju,Sangat Setuju,Sangat Setuju,Sangat Setuju,Sangat Setuju,Sangat Setuju,Sangat Setuju,Sangat Setuju,Sangat Setuju,Sangat Setuju,Sangat Setuju,Sangat Setuju,Sangat Setuju,Sangat Setuju,Sangat Setuju,Sangat Setuju,Sangat Setuju,Sangat Setuju,Sangat Setuju,Sangat Setuju,Sangat Setuju,Sangat Setuju,Sangat Setuju,Sangat Setuju,Sangat Setuju,Sangat Setuju,Sangat Setuju,Sangat Setuju,Sangat Setuju,Sangat Setuju,Sangat Setuju,Sangat Setuju,Sangat Setuju,Setuju,Sangat Setuju,Sangat Setuju,Sangat Setuju,Sangat Setuju,Sangat Setuju,Sangat Setuju,Sangat Setuju,Sangat Setuju,Sangat Setuju,Sangat Setuju,Sangat Setuju,Setuju,Sangat Setuju,Setuju,Setuju,Setuju,Setuju,Setuju,Setuju,Sangat Setuju,Setuju,Sangat Setuju,Sangat Setuju,Sangat Setuju,Selalu,Selalu,Selalu,Sering,Sering,Sering,Sering,Sering,Selalu,Selalu,Sangat Peduli,Sangat/Selalu Memastikan,Selalu,Selalu,Selalu,Sangat Tahu / Sangat Memahami Langkah-Langkah yang Tepat,Selalu,Sangat Setuju,Sangat Setuju,Sangat Setuju,500.000-1.500.000
Laki-Laki,30-39 Tahun,ASN/ Pegawai Pemerintahan,SMA/Sederajat,2- 3 Platform,Youtube,3-4 Jam,Edukasi/Informasi,Sangat Setuju,Sangat Setuju,Sangat Setuju,Sangat Setuju,Sangat Setuju,Sangat Setuju,Sangat Setuju,Sangat Setuju,Sangat Setuju,Sangat Setuju,Sangat Setuju,Sangat Setuju,Sangat Setuju,Sangat Setuju,Sangat Setuju,Sangat Setuju,Sangat Setuju,Sangat Setuju,Sangat Setuju,Sangat Setuju,Sangat Setuju,Sangat Setuju,Sangat Setuju,Sangat Setuju,Sangat Setuju,Sangat Setuju,Sangat Setuju,Sangat Setuju,Sangat Setuju,Sangat Setuju,Sangat Setuju,Sangat Setuju,Sangat Setuju,Sangat Setuju,Sangat Setuju,Sangat Setuju,Sangat Setuju,Sangat Setuju,Sangat Setuju,Sangat Setuju,Sangat Setuju,Sangat Setuju,Sangat Setuju,Sangat Setuju,Sangat Setuju,Sangat Setuju,Sangat Setuju,Sangat Setuju,Sangat Setuju,Sangat Setuju,Sangat Setuju,Sangat Setuju,Sangat Setuju,Sangat Setuju,Sangat Setuju,Sangat Setuju,Sangat Setuju,Sangat Setuju,Sangat Setuju,Sangat Setuju,Sangat Setuju,Selalu,Selalu,Selalu,Selalu,Selalu,Selalu,Selalu,Selalu,Selalu,Selalu,Sangat Peduli,Sangat/Selalu Memastikan,Selalu,Selalu,Selalu,Sangat Tahu / Sangat Memahami Langkah-Langkah yang Tepat,Selalu,Sangat Setuju,Sangat Setuju,Sangat Setuju,Di bawah 500.000
Laki-Laki,30-39 Tahun,ASN/ Pegawai Pemerintahan,SMA/Sederajat,2- 3 Platform,Youtube,1 -2 Jam,Edukasi/Informasi,Sangat Setuju,Sangat Setuju,Sangat Setuju,Sangat Setuju,Sangat Setuju,Sangat Setuju,Sangat Setuju,Sangat Setuju,Sangat Setuju,Sangat Setuju,Sangat Setuju,Sangat Setuju,Sangat Setuju,Sangat Setuju,Sangat Setuju,Sangat Setuju,Sangat Setuju,Sangat Setuju,Sangat Setuju,Sangat Setuju,Sangat Setuju,Sangat Setuju,Sangat Setuju,Sangat Setuju,Sangat Setuju,Sangat Setuju,Sangat Setuju,Sangat Setuju,Sangat Setuju,Sangat Setuju,Sangat Setuju,Sangat Setuju,Sangat Setuju,Sangat Setuju,Sangat Setuju,Sangat Setuju,Sangat Setuju,Sangat Setuju,Sangat Setuju,Sangat Setuju,Sangat Setuju,Sangat Setuju,Sangat Setuju,Sangat Setuju,Sangat Setuju,Sangat Setuju,Sangat Setuju,Sangat Setuju,Sangat Setuju,Sangat Setuju,Sangat Setuju,Sangat Setuju,Sangat Setuju,Sangat Setuju,Sangat Setuju,Sangat Setuju,Sangat Setuju,Sangat Setuju,Sangat Setuju,Sangat Setuju,Sangat Setuju,Selalu,Selalu,Selalu,Selalu,Selalu,Selalu,Selalu,Selalu,Selalu,Selalu,Sangat Peduli,Sangat/Selalu Memastikan,Selalu,Selalu,Selalu,Sangat Tahu / Sangat Memahami Langkah-Langkah yang Tepat,Selalu,Sangat Setuju,Sangat Setuju,Sangat Setuju,5.000.000-10.000.000
Laki-Laki,18 -29 Tahun,ASN/ Pegawai Pemerintahan,S1/D3/D4,1 Platform,LinkedIn,2-3 Jam,Pekerjaan/Bisnis,Sangat Tidak Setuju,Sangat Tidak Setuju,Tidak Setuju,Netral,Setuju,Tidak Setuju,Tidak Setuju,Tidak Setuju,Setuju,Netral,Netral,Sangat Setuju,Setuju,Setuju,Setuju,Sangat Setuju,Netral,Netral,Sangat Setuju,Setuju,Setuju,Sangat Setuju,Setuju,Setuju,Sangat Setuju,Setuju,Sangat Setuju,Setuju,Netral,Setuju,Sangat Setuju,Setuju,Setuju,Setuju,Sangat Setuju,Setuju,Sangat Setuju,Setuju,Setuju,Sangat Setuju,Setuju,Setuju,Setuju,Setuju,Setuju,Setuju,Setuju,Setuju,Setuju,Sangat Setuju,Sangat Setuju,Setuju,Setuju,Setuju,Setuju,Sangat Setuju,Setuju,Setuju,Sangat Setuju,Setuju,Setuju,Jarang,Jarang,Sering,Kadang-Kadang,Sering,Sering,Sering,Selalu,Tidak pernah,Sering,Peduli,Sangat/Selalu Memastikan,Selalu,Sering,Jarang,Tahu,Sering,Setuju,Setuju,Setuju,5.000.000-10.000.000
Laki-Laki,18 -29 Tahun,Pelajar / Mahasiswa,SMA/Sederajat,4-5 Platform,Instagram,2-3 Jam,Komunikasi Sosial,Sangat Setuju,Sangat Setuju,Sangat Setuju,Sangat Setuju,Sangat Setuju,Sangat Setuju,Sangat Setuju,Sangat Setuju,Sangat Setuju,Sangat Setuju,Sangat Setuju,Sangat Setuju,Setuju,Sangat Setuju,Setuju,Sangat Setuju,Sangat Setuju,Setuju,Sangat Setuju,Sangat Setuju,Sangat Setuju,Sangat Setuju,Sangat Setuju,Sangat Setuju,Sangat Setuju,Setuju,Sangat Setuju,Sangat Setuju,Sangat Setuju,Setuju,Sangat Setuju,Sangat Setuju,Setuju,Sangat Setuju,Sangat Setuju,Setuju,Sangat Setuju,Sangat Setuju,Sangat Setuju,Setuju,Sangat Setuju,Setuju,Sangat Setuju,Sangat Setuju,Sangat Setuju,Sangat Setuju,Sangat Setuju,Setuju,Sangat Setuju,Sangat Setuju,Sangat Setuju,Setuju,Sangat Setuju,Sangat Setuju,Sangat Setuju,Sangat Setuju,Sangat Setuju,Sangat Setuju,Sangat Setuju,Setuju,Sangat Setuju,Selalu,Sering,Selalu,Selalu,Sering,Sering,Selalu,Sering,Selalu,Sering,Peduli,Sangat/Selalu Memastikan,Selalu,Selalu,Selalu,Sangat Tahu / Sangat Memahami Langkah-Langkah yang Tepat,Selalu,Setuju,Sangat Setuju,Setuju,3.000.000-5.000.000
Laki-Laki,30-39 Tahun,ASN/ Pegawai Pemerintahan,SMA/Sederajat,2- 3 Platform,Instagram,1 -2 Jam,Edukasi/Informasi,Netral,Netral,Netral,Netral,Netral,Setuju,Netral,Setuju,Netral,Setuju,Setuju,Setuju,Netral,Setuju,Netral,Setuju,Netral,Setuju,Setuju,Netral,Netral,Netral,Netral,Netral,Netral,Netral,Setuju,Setuju,Setuju,Netral,Netral,Netral,Netral,Netral,Netral,Setuju,Setuju,Netral,Setuju,Setuju,Setuju,Setuju,Netral,Setuju,Setuju,Setuju,Netral,Netral,Setuju,Setuju,Netral,Setuju,Setuju,Tidak Setuju,Netral,Netral,Setuju,Setuju,Setuju,Netral,Setuju,Sering,Sering,Kadang-Kadang,Sering,Kadang-Kadang,Selalu,Kadang-Kadang,Kadang-Kadang,Kadang-Kadang,Sering,Cukup Peduli,Sering Memastikan,Kadang-Kadang,Sering,Kadang-Kadang,Tahu,Sering,Netral,Netral,Tidak Setuju,3.000.000-5.000.000
Laki-Laki,18 -29 Tahun,ASN/ Pegawai Pemerintahan,SMA/Sederajat,2- 3 Platform,Instagram,Lebih dari 5 Jam,Komunikasi Sosial,Sangat Setuju,Sangat Setuju,Sangat Setuju,Sangat Setuju,Setuju,Setuju,Setuju,Setuju,Setuju,Setuju,Sangat Setuju,Sangat Setuju,Sangat Setuju,Sangat Setuju,Setuju,Setuju,Sangat Setuju,Setuju,Setuju,Sangat Setuju,Setuju,Sangat Setuju,Setuju,Sangat Setuju,Setuju,Sangat Setuju,Sangat Setuju,Setuju,Setuju,Setuju,Sangat Setuju,Setuju,Setuju,Setuju,Sangat Setuju,Sangat Setuju,Sangat Setuju,Setuju,Setuju,Setuju,Sangat Setuju,Sangat Setuju,Sangat Setuju,Setuju,Setuju,Setuju,Sangat Setuju,Setuju,Sangat Setuju,Sangat Setuju,Setuju,Setuju,Setuju,Setuju,Setuju,Sangat Setuju,Sangat Setuju,Sangat Setuju,Sangat Setuju,Sangat Setuju,Sangat Setuju,Selalu,Selalu,Selalu,Selalu,Sering,Sering,Selalu,Selalu,Selalu,Selalu,Sangat Peduli,Sangat/Selalu Memastikan,Selalu,Selalu,Selalu,Sangat Tahu / Sangat Memahami Langkah-Langkah yang Tepat,Selalu,Sangat Setuju,Setuju,Setuju,3.000.000-5.000.000
Laki-Laki,18 -29 Tahun,ASN/ Pegawai Pemerintahan,SMA/Sederajat,2- 3 Platform,TikTok,3-4 Jam,Edukasi/Informasi,Sangat Setuju,Sangat Setuju,Sangat Setuju,Sangat Setuju,Sangat Setuju,Sangat Setuju,Sangat Setuju,Sangat Setuju,Sangat Setuju,Sangat Setuju,Sangat Setuju,Sangat Setuju,Sangat Setuju,Sangat Setuju,Sangat Setuju,Sangat Setuju,Sangat Setuju,Sangat Setuju,Sangat Setuju,Sangat Setuju,Sangat Setuju,Sangat Setuju,Sangat Setuju,Sangat Setuju,Sangat Setuju,Sangat Setuju,Sangat Setuju,Sangat Setuju,Sangat Setuju,Sangat Setuju,Sangat Setuju,Sangat Setuju,Sangat Setuju,Sangat Setuju,Sangat Setuju,Sangat Setuju,Sangat Setuju,Sangat Setuju,Sangat Setuju,Sangat Setuju,Sangat Setuju,Sangat Setuju,Sangat Setuju,Sangat Setuju,Sangat Setuju,Sangat Setuju,Sangat Setuju,Sangat Setuju,Sangat Setuju,Sangat Setuju,Sangat Setuju,Sangat Setuju,Sangat Setuju,Sangat Setuju,Sangat Setuju,Sangat Setuju,Sangat Setuju,Sangat Setuju,Sangat Setuju,Sangat Setuju,Sangat Setuju,Selalu,Selalu,Selalu,Selalu,Selalu,Selalu,Selalu,Selalu,Selalu,Selalu,Sangat Peduli,Sangat/Selalu Memastikan,Selalu,Selalu,Selalu,Sangat Tahu / Sangat Memahami Langkah-Langkah yang Tepat,Selalu,Sangat Setuju,Sangat Setuju,Sangat Setuju,3.000.000-5.000.000
Laki-Laki,30-39 Tahun,ASN/ Pegawai Pemerintahan,SMA/Sederajat,2- 3 Platform,Youtube,3-4 Jam,Edukasi/Informasi,Tidak Setuju,Tidak Setuju,Tidak Setuju,Tidak Setuju,Tidak Setuju,Tidak Setuju,Tidak Setuju,Tidak Setuju,Tidak Setuju,Tidak Setuju,Tidak Setuju,Tidak Setuju,Tidak Setuju,Tidak Setuju,Tidak Setuju,Tidak Setuju,Tidak Setuju,Tidak Setuju,Tidak Setuju,Tidak Setuju,Tidak Setuju,Tidak Setuju,Tidak Setuju,Tidak Setuju,Tidak Setuju,Tidak Setuju,Tidak Setuju,Tidak Setuju,Tidak Setuju,Tidak Setuju,Setuju,Tidak Setuju,Tidak Setuju,Tidak Setuju,Tidak Setuju,Tidak Setuju,Tidak Setuju,Tidak Setuju,Tidak Setuju,Tidak Setuju,Tidak Setuju,Tidak Setuju,Tidak Setuju,Tidak Setuju,Tidak Setuju,Tidak Setuju,Tidak Setuju,Tidak Setuju,Tidak Setuju,Tidak Setuju,Tidak Setuju,Tidak Setuju,Tidak Setuju,Tidak Setuju,Tidak Setuju,Tidak Setuju,Tidak Setuju,Tidak Setuju,Tidak Setuju,Tidak Setuju,Tidak Setuju,Sering,Sering,Sering,Sering,Sering,Sering,Sering,Sering,Sering,Sering,Peduli,Sering Memastikan,Sering,Sering,Sering,Tahu,Sering,Tidak Setuju,Tidak Setuju,Tidak Setuju,5.000.000-10.000.000
Laki-Laki,30-39 Tahun,ASN/ Pegawai Pemerintahan,SMA/Sederajat,2- 3 Platform,Youtube,3-4 Jam,Hiburan/Rekreasi,Sangat Setuju,Sangat Setuju,Sangat Setuju,Sangat Setuju,Sangat Setuju,Sangat Setuju,Sangat Setuju,Sangat Setuju,Sangat Setuju,Sangat Setuju,Sangat Setuju,Sangat Setuju,Sangat Setuju,Sangat Setuju,Sangat Setuju,Sangat Setuju,Sangat Setuju,Sangat Setuju,Sangat Setuju,Sangat Setuju,Sangat Setuju,Sangat Setuju,Sangat Setuju,Sangat Setuju,Sangat Setuju,Sangat Setuju,Sangat Setuju,Sangat Setuju,Sangat Setuju,Sangat Setuju,Sangat Setuju,Sangat Setuju,Sangat Setuju,Sangat Setuju,Sangat Setuju,Sangat Setuju,Sangat Setuju,Sangat Setuju,Sangat Setuju,Sangat Setuju,Sangat Setuju,Sangat Setuju,Sangat Setuju,Sangat Setuju,Sangat Setuju,Sangat Setuju,Sangat Setuju,Sangat Setuju,Sangat Setuju,Sangat Setuju,Sangat Setuju,Sangat Setuju,Sangat Setuju,Sangat Setuju,Sangat Setuju,Sangat Setuju,Sangat Setuju,Sangat Setuju,Sangat Setuju,Sangat Setuju,Sangat Setuju,Selalu,Selalu,Selalu,Selalu,Selalu,Selalu,Selalu,Selalu,Selalu,Selalu,Sangat Peduli,Sangat/Selalu Memastikan,Selalu,Selalu,Selalu,Sangat Tahu / Sangat Memahami Langkah-Langkah yang Tepat,Selalu,Sangat Setuju,Sangat Setuju,Sangat Setuju,3.000.000-5.000.000
Laki-Laki,18 -29 Tahun,ASN/ Pegawai Pemerintahan,SMA/Sederajat,2- 3 Platform,WhatsApp,4-5 Jam,Komunikasi Sosial,Setuju,Setuju,Setuju,Setuju,Setuju,Setuju,Setuju,Setuju,Setuju,Setuju,Setuju,Setuju,Setuju,Setuju,Setuju,Setuju,Setuju,Setuju,Setuju,Setuju,Setuju,Setuju,Setuju,Setuju,Setuju,Setuju,Setuju,Setuju,Setuju,Setuju,Setuju,Setuju,Setuju,Setuju,Setuju,Setuju,Setuju,Setuju,Setuju,Setuju,Setuju,Setuju,Setuju,Setuju,Setuju,Setuju,Setuju,Setuju,Setuju,Setuju,Setuju,Setuju,Setuju,Setuju,Setuju,Setuju,Setuju,Setuju,Setuju,Setuju,Setuju,Sering,Sering,Sering,Sering,Sering,Sering,Sering,Sering,Sering,Sering,Peduli,Sering Memastikan,Sering,Sering,Sering,Tahu,Sering,Setuju,Setuju,Setuju,5.000.000-10.000.000
Laki-Laki,30-39 Tahun,ASN/ Pegawai Pemerintahan,SMA/Sederajat,2- 3 Platform,Instagram,Kurang dari 1 jam,Edukasi/Informasi,Setuju,Setuju,Setuju,Setuju,Setuju,Setuju,Setuju,Setuju,Setuju,Setuju,Setuju,Setuju,Setuju,Setuju,Setuju,Setuju,Setuju,Setuju,Setuju,Setuju,Setuju,Setuju,Setuju,Setuju,Setuju,Setuju,Setuju,Setuju,Setuju,Setuju,Setuju,Setuju,Setuju,Setuju,Setuju,Setuju,Setuju,Setuju,Setuju,Setuju,Setuju,Setuju,Setuju,Setuju,Setuju,Setuju,Setuju,Setuju,Setuju,Setuju,Setuju,Setuju,Setuju,Setuju,Setuju,Setuju,Setuju,Setuju,Setuju,Setuju,Setuju,Kadang-Kadang,Kadang-Kadang,Kadang-Kadang,Kadang-Kadang,Kadang-Kadang,Kadang-Kadang,Kadang-Kadang,Kadang-Kadang,Kadang-Kadang,Kadang-Kadang,Peduli,Jarang Memastikan,Kadang-Kadang,Kadang-Kadang,Kadang-Kadang,Tahu,Kadang-Kadang,Setuju,Setuju,Setuju,5.000.000-10.000.000
Laki-Laki,18 -29 Tahun,ASN/ Pegawai Pemerintahan,SMA/Sederajat,1 Platform,Instagram,1 -2 Jam,Edukasi/Informasi,Setuju,Setuju,Setuju,Setuju,Setuju,Setuju,Setuju,Setuju,Setuju,Setuju,Setuju,Setuju,Setuju,Setuju,Setuju,Setuju,Setuju,Setuju,Setuju,Setuju,Setuju,Setuju,Setuju,Setuju,Setuju,Setuju,Setuju,Setuju,Setuju,Setuju,Setuju,Setuju,Setuju,Setuju,Setuju,Setuju,Setuju,Setuju,Setuju,Setuju,Setuju,Setuju,Setuju,Setuju,Setuju,Setuju,Setuju,Setuju,Setuju,Setuju,Setuju,Setuju,Setuju,Setuju,Setuju,Setuju,Setuju,Setuju,Setuju,Setuju,Setuju,Sering,Sering,Sering,Sering,Sering,Sering,Sering,Sering,Sering,Sering,Peduli,Sering Memastikan,Sering,Sering,Sering,Tahu,Sering,Setuju,Setuju,Setuju,3.000.000-5.000.000
Laki-Laki,30-39 Tahun,ASN/ Pegawai Pemerintahan,SMA/Sederajat,1 Platform,Youtube,1 -2 Jam,Edukasi/Informasi,Sangat Setuju,Sangat Setuju,Sangat Setuju,Setuju,Setuju,Sangat Setuju,Sangat Setuju,Setuju,Sangat Setuju,Sangat Setuju,Setuju,Sangat Setuju,Sangat Setuju,Sangat Setuju,Setuju,Setuju,Setuju,Setuju,Setuju,Setuju,Sangat Setuju,Sangat Setuju,Sangat Setuju,Setuju,Setuju,Setuju,Sangat Setuju,Setuju,Sangat Setuju,Sangat Setuju,Sangat Setuju,Sangat Setuju,Sangat Setuju,Sangat Setuju,Setuju,Setuju,Sangat Setuju,Setuju,Sangat Setuju,Setuju,Sangat Setuju,Sangat Setuju,Sangat Setuju,Setuju,Setuju,Sangat Setuju,Setuju,Setuju,Setuju,Setuju,Sangat Setuju,Setuju,Sangat Setuju,Sangat Setuju,Sangat Setuju,Setuju,Setuju,Setuju,Setuju,Setuju,Setuju,Sering,Sering,Selalu,Sering,Sering,Selalu,Sering,Sering,Selalu,Selalu,Peduli,Sangat/Selalu Memastikan,Selalu,Sering,Selalu,Sangat Tahu / Sangat Memahami Langkah-Langkah yang Tepat,Selalu,Setuju,Sangat Setuju,Setuju,5.000.000-10.000.000
Laki-Laki,30-39 Tahun,Pelajar / Mahasiswa,SMA/Sederajat,2- 3 Platform,Instagram,1 -2 Jam,Edukasi/Informasi,Setuju,Setuju,Setuju,Setuju,Setuju,Setuju,Setuju,Setuju,Setuju,Setuju,Setuju,Setuju,Setuju,Setuju,Setuju,Setuju,Setuju,Setuju,Setuju,Setuju,Setuju,Setuju,Setuju,Setuju,Setuju,Setuju,Setuju,Setuju,Setuju,Setuju,Setuju,Setuju,Setuju,Setuju,Setuju,Setuju,Setuju,Setuju,Setuju,Setuju,Setuju,Setuju,Setuju,Setuju,Setuju,Setuju,Setuju,Setuju,Setuju,Setuju,Setuju,Setuju,Setuju,Setuju,Setuju,Setuju,Setuju,Setuju,Setuju,Setuju,Setuju,Sering,Sering,Sering,Sering,Sering,Sering,Sering,Sering,Sering,Sering,Cukup Peduli,Kadang Memastikan,Kadang-Kadang,Kadang-Kadang,Kadang-Kadang,Cukup Tahu,Kadang-Kadang,Setuju,Setuju,Setuju,1.500.000-3.000.000
Laki-Laki,30-39 Tahun,ASN/ Pegawai Pemerintahan,SMA/Sederajat,2- 3 Platform,Facebook,Kurang dari 1 jam,Edukasi/Informasi,Sangat Setuju,Setuju,Setuju,Setuju,Setuju,Setuju,Setuju,Setuju,Setuju,Setuju,Setuju,Setuju,Setuju,Setuju,Setuju,Setuju,Setuju,Setuju,Setuju,Setuju,Setuju,Setuju,Setuju,Setuju,Setuju,Setuju,Setuju,Setuju,Setuju,Setuju,Setuju,Setuju,Sangat Setuju,Setuju,Setuju,Setuju,Setuju,Setuju,Setuju,Setuju,Setuju,Setuju,Setuju,Setuju,Setuju,Setuju,Setuju,Setuju,Setuju,Setuju,Setuju,Setuju,Setuju,Sangat Setuju,Setuju,Setuju,Setuju,Setuju,Setuju,Setuju,Setuju,Sering,Sering,Sering,Sering,Sering,Sering,Sering,Sering,Sering,Sering,Peduli,Sering Memastikan,Sering,Sering,Sering,Tahu,Sering,Setuju,Setuju,Setuju,3.000.000-5.000.000
Laki-Laki,18 -29 Tahun,ASN/ Pegawai Pemerintahan,SMA/Sederajat,1 Platform,Instagram,1 -2 Jam,Komunikasi Sosial,Sangat Setuju,Sangat Setuju,Sangat Setuju,Sangat Setuju,Sangat Setuju,Sangat Setuju,Sangat Setuju,Sangat Setuju,Sangat Setuju,Sangat Setuju,Sangat Setuju,Sangat Setuju,Sangat Setuju,Sangat Setuju,Sangat Setuju,Sangat Setuju,Setuju,Setuju,Setuju,Setuju,Setuju,Setuju,Setuju,Setuju,Setuju,Setuju,Setuju,Setuju,Setuju,Setuju,Setuju,Setuju,Setuju,Setuju,Setuju,Setuju,Setuju,Setuju,Setuju,Setuju,Setuju,Setuju,Setuju,Setuju,Setuju,Setuju,Setuju,Setuju,Setuju,Setuju,Setuju,Setuju,Setuju,Setuju,Setuju,Setuju,Setuju,Setuju,Setuju,Setuju,Setuju,Sering,Sering,Sering,Sering,Sering,Sering,Sering,Sering,Sering,Sering,Sangat Peduli,Sangat/Selalu Memastikan,Selalu,Selalu,Selalu,Sangat Tahu / Sangat Memahami Langkah-Langkah yang Tepat,Sering,Sangat Setuju,Setuju,Setuju,3.000.000-5.000.000
Laki-Laki,18 -29 Tahun,ASN/ Pegawai Pemerintahan,SMA/Sederajat,1 Platform,Instagram,1 -2 Jam,Komunikasi Sosial,Sangat Setuju,Sangat Setuju,Sangat Setuju,Sangat Setuju,Sangat Setuju,Sangat Setuju,Setuju,Sangat Setuju,Sangat Setuju,Setuju,Setuju,Sangat Setuju,Sangat Setuju,Sangat Setuju,Sangat Setuju,Sangat Setuju,Sangat Setuju,Sangat Setuju,Sangat Setuju,Setuju,Sangat Setuju,Setuju,Setuju,Sangat Setuju,Sangat Setuju,Sangat Setuju,Sangat Setuju,Sangat Setuju,Sangat Setuju,Sangat Setuju,Sangat Setuju,Tidak Setuju,Sangat Setuju,Sangat Setuju,Sangat Setuju,Sangat Setuju,Sangat Setuju,Sangat Setuju,Sangat Setuju,Setuju,Sangat Setuju,Sangat Setuju,Sangat Setuju,Sangat Setuju,Setuju,Sangat Setuju,Sangat Setuju,Sangat Setuju,Sangat Setuju,Sangat Setuju,Sangat Setuju,Sangat Setuju,Sangat Setuju,Sangat Setuju,Sangat Setuju,Sangat Setuju,Sangat Setuju,Sangat Setuju,Sangat Setuju,Sangat Setuju,Sangat Setuju,Selalu,Sering,Kadang-Kadang,Kadang-Kadang,Kadang-Kadang,Kadang-Kadang,Jarang,Jarang,Kadang-Kadang,Jarang,Sangat Peduli,Sangat/Selalu Memastikan,Selalu,Kadang-Kadang,Sering,Cukup Tahu,Sering,Sangat Setuju,Sangat Setuju,Sangat Setuju,Di bawah 500.000
Laki-Laki,18 -29 Tahun,ASN/ Pegawai Pemerintahan,SMA/Sederajat,2- 3 Platform,Instagram,1 -2 Jam,Komunikasi Sosial,Setuju,Setuju,Setuju,Setuju,Setuju,Setuju,Setuju,Setuju,Setuju,Setuju,Setuju,Setuju,Setuju,Setuju,Setuju,Setuju,Netral,Netral,Setuju,Setuju,Setuju,Setuju,Setuju,Setuju,Setuju,Setuju,Setuju,Setuju,Setuju,Setuju,Setuju,Setuju,Setuju,Setuju,Setuju,Setuju,Setuju,Setuju,Setuju,Setuju,Setuju,Setuju,Setuju,Setuju,Setuju,Setuju,Setuju,Setuju,Setuju,Setuju,Setuju,Setuju,Setuju,Setuju,Setuju,Setuju,Setuju,Setuju,Setuju,Setuju,Setuju,Sering,Sering,Sering,Sering,Sering,Sering,Sering,Sering,Sering,Sering,Peduli,Sering Memastikan,Sering,Sering,Sering,Tahu,Sering,Setuju,Setuju,Setuju,5.000.000-10.000.000
Laki-Laki,18 -29 Tahun,ASN/ Pegawai Pemerintahan,SMA/Sederajat,2- 3 Platform,Instagram,4-5 Jam,Edukasi/Informasi,Setuju,Setuju,Setuju,Setuju,Setuju,Setuju,Setuju,Setuju,Setuju,Setuju,Setuju,Setuju,Setuju,Setuju,Setuju,Setuju,Setuju,Setuju,Setuju,Setuju,Setuju,Setuju,Setuju,Setuju,Setuju,Setuju,Setuju,Setuju,Setuju,Setuju,Setuju,Setuju,Setuju,Setuju,Setuju,Setuju,Setuju,Setuju,Setuju,Setuju,Setuju,Setuju,Setuju,Setuju,Setuju,Setuju,Setuju,Setuju,Setuju,Setuju,Setuju,Setuju,Setuju,Setuju,Setuju,Setuju,Setuju,Setuju,Setuju,Setuju,Setuju,Selalu,Selalu,Sering,Sering,Sering,Sering,Sering,Selalu,Selalu,Sering,Peduli,Sering Memastikan,Sering,Sering,Sering,Sangat Tahu / Sangat Memahami Langkah-Langkah yang Tepat,Selalu,Setuju,Setuju,Setuju,5.000.000-10.000.000
Laki-Laki,18 -29 Tahun,Pelajar / Mahasiswa,SMA/Sederajat,2- 3 Platform,Instagram,1 -2 Jam,Hiburan/Rekreasi,Sangat Setuju,Sangat Setuju,Sangat Setuju,Sangat Setuju,Sangat Setuju,Sangat Setuju,Sangat Setuju,Sangat Setuju,Sangat Setuju,Sangat Setuju,Sangat Setuju,Sangat Setuju,Sangat Setuju,Sangat Setuju,Sangat Setuju,Sangat Setuju,Sangat Setuju,Sangat Setuju,Sangat Setuju,Sangat Setuju,Sangat Setuju,Sangat Setuju,Sangat Setuju,Sangat Setuju,Sangat Setuju,Sangat Setuju,Sangat Setuju,Sangat Setuju,Sangat Setuju,Sangat Setuju,Sangat Setuju,Sangat Setuju,Sangat Setuju,Sangat Setuju,Sangat Setuju,Sangat Setuju,Sangat Setuju,Sangat Setuju,Sangat Setuju,Sangat Setuju,Sangat Setuju,Sangat Setuju,Sangat Setuju,Sangat Setuju,Sangat Setuju,Sangat Setuju,Sangat Setuju,Sangat Setuju,Sangat Setuju,Sangat Setuju,Sangat Setuju,Sangat Setuju,Sangat Setuju,Sangat Setuju,Sangat Setuju,Sangat Setuju,Sangat Setuju,Sangat Setuju,Sangat Setuju,Sangat Setuju,Sangat Setuju,Selalu,Sering,Sering,Selalu,Sering,Sering,Sering,Sering,Sering,Sering,Peduli,Sering Memastikan,Sering,Sering,Sering,Tahu,Sering,Sangat Setuju,Sangat Setuju,Sangat Setuju,Di bawah 500.000
Laki-Laki,18 -29 Tahun,ASN/ Pegawai Pemerintahan,SMA/Sederajat,2- 3 Platform,Instagram,1 -2 Jam,Komunikasi Sosial,Setuju,Setuju,Setuju,Netral,Netral,Setuju,Netral,Setuju,Netral,Setuju,Netral,Setuju,Netral,Setuju,Setuju,Setuju,Netral,Setuju,Setuju,Setuju,Setuju,Netral,Setuju,Sangat Setuju,Sangat Setuju,Setuju,Sangat Setuju,Sangat Setuju,Setuju,Sangat Setuju,Setuju,Setuju,Setuju,Sangat Setuju,Sangat Setuju,Sangat Setuju,Sangat Setuju,Setuju,Sangat Setuju,Setuju,Setuju,Setuju,Sangat Setuju,Setuju,Sangat Setuju,Setuju,Setuju,Netral,Sangat Setuju,Setuju,Setuju,Setuju,Sangat Setuju,Sangat Setuju,Setuju,Sangat Setuju,Sangat Setuju,Sangat Setuju,Setuju,Setuju,Sangat Setuju,Selalu,Selalu,Selalu,Selalu,Selalu,Selalu,Selalu,Selalu,Selalu,Selalu,Sangat Peduli,Sangat/Selalu Memastikan,Selalu,Selalu,Selalu,Sangat Tahu / Sangat Memahami Langkah-Langkah yang Tepat,Selalu,Setuju,Setuju,Sangat Setuju,5.000.000-10.000.000
Laki-Laki,30-39 Tahun,ASN/ Pegawai Pemerintahan,SMA/Sederajat,2- 3 Platform,Facebook,Kurang dari 1 jam,Edukasi/Informasi,Setuju,Netral,Netral,Setuju,Netral,Netral,Netral,Setuju,Setuju,Setuju,Setuju,Setuju,Setuju,Netral,Netral,Netral,Tidak Setuju,Tidak Setuju,Tidak Setuju,Tidak Setuju,Netral,Netral,Netral,Netral,Netral,Setuju,Setuju,Netral,Setuju,Setuju,Setuju,Netral,Setuju,Setuju,Setuju,Setuju,Setuju,Setuju,Setuju,Setuju,Netral,Netral,Netral,Setuju,Netral,Setuju,Setuju,Netral,Netral,Netral,Netral,Netral,Netral,Tidak Setuju,Netral,Netral,Netral,Netral,Netral,Setuju,Setuju,Kadang-Kadang,Sering,Sering,Sering,Sering,Selalu,Sering,Sering,Sering,Sering,Peduli,Sering Memastikan,Sering,Sering,Sering,Tahu,Sering,Netral,Netral,Netral,5.000.000-10.000.000
Laki-Laki,30-39 Tahun,Pelajar / Mahasiswa,S1/D3/D4,2- 3 Platform,Facebook,1 -2 Jam,Hiburan/Rekreasi,Setuju,Setuju,Setuju,Setuju,Setuju,Setuju,Setuju,Setuju,Setuju,Setuju,Setuju,Setuju,Setuju,Setuju,Setuju,Setuju,Setuju,Setuju,Setuju,Setuju,Setuju,Setuju,Setuju,Setuju,Setuju,Setuju,Setuju,Setuju,Setuju,Setuju,Setuju,Setuju,Setuju,Netral,Setuju,Setuju,Setuju,Setuju,Setuju,Setuju,Setuju,Setuju,Setuju,Netral,Setuju,Setuju,Netral,Netral,Setuju,Netral,Setuju,Sangat Setuju,Sangat Setuju,Sangat Setuju,Setuju,Setuju,Setuju,Setuju,Setuju,Netral,Setuju,Sering,Sering,Sering,Sering,Sering,Sering,Sering,Sering,Sering,Sering,Peduli,Sering Memastikan,Sering,Sering,Sering,Tahu,Selalu,Sangat Setuju,Setuju,Setuju,5.000.000-10.000.000
Laki-Laki,30-39 Tahun,ASN/ Pegawai Pemerintahan,SMA/Sederajat,2- 3 Platform,Youtube,2-3 Jam,Edukasi/Informasi,Netral,Netral,Netral,Netral,Netral,Netral,Netral,Netral,Netral,Netral,Netral,Netral,Netral,Netral,Netral,Netral,Netral,Netral,Netral,Netral,Netral,Netral,Netral,Netral,Netral,Netral,Netral,Netral,Netral,Netral,Netral,Netral,Netral,Netral,Netral,Netral,Netral,Netral,Netral,Netral,Netral,Netral,Netral,Netral,Netral,Netral,Netral,Netral,Netral,Netral,Netral,Netral,Netral,Netral,Netral,Netral,Netral,Netral,Netral,Netral,Netral,Kadang-Kadang,Kadang-Kadang,Kadang-Kadang,Kadang-Kadang,Kadang-Kadang,Kadang-Kadang,Kadang-Kadang,Kadang-Kadang,Kadang-Kadang,Kadang-Kadang,Peduli,Kadang Memastikan,Kadang-Kadang,Kadang-Kadang,Kadang-Kadang,Tahu,Kadang-Kadang,Netral,Netral,Netral,3.000.000-5.000.000
Laki-Laki,30-39 Tahun,ASN/ Pegawai Pemerintahan,SMA/Sederajat,Lebih dari 5 Platform,Instagram,2-3 Jam,Hiburan/Rekreasi,Setuju,Setuju,Setuju,Setuju,Netral,Setuju,Setuju,Netral,Setuju,Setuju,Setuju,Setuju,Setuju,Setuju,Setuju,Setuju,Setuju,Setuju,Setuju,Netral,Netral,Setuju,Netral,Setuju,Sangat Setuju,Setuju,Setuju,Setuju,Setuju,Setuju,Setuju,Setuju,Setuju,Setuju,Setuju,Setuju,Setuju,Setuju,Setuju,Setuju,Setuju,Setuju,Setuju,Setuju,Setuju,Setuju,Setuju,Setuju,Setuju,Setuju,Setuju,Setuju,Setuju,Setuju,Setuju,Setuju,Setuju,Setuju,Setuju,Setuju,Setuju,Sering,Sering,Selalu,Sering,Sering,Kadang-Kadang,Sering,Sering,Sering,Sering,Peduli,Sangat/Selalu Memastikan,Sering,Sering,Sering,Sangat Tahu / Sangat Memahami Langkah-Langkah yang Tepat,Sering,Setuju,Setuju,Setuju,3.000.000-5.000.000
Laki-Laki,18 -29 Tahun,Pelajar / Mahasiswa,SMA/Sederajat,2- 3 Platform,Facebook,2-3 Jam,Komunikasi Sosial,Setuju,Setuju,Sangat Setuju,Sangat Setuju,Setuju,Sangat Setuju,Setuju,Setuju,Sangat Setuju,Sangat Setuju,Sangat Setuju,Sangat Setuju,Setuju,Setuju,Sangat Setuju,Sangat Setuju,Sangat Setuju,Sangat Setuju,Setuju,Setuju,Sangat Setuju,Sangat Setuju,Setuju,Setuju,Sangat Setuju,Sangat Setuju,Sangat Setuju,Setuju,Sangat Setuju,Sangat Setuju,Sangat Setuju,Sangat Setuju,Setuju,Setuju,Setuju,Sangat Setuju,Sangat Setuju,Sangat Setuju,Sangat Setuju,Sangat Setuju,Sangat Setuju,Sangat Setuju,Sangat Setuju,Setuju,Sangat Setuju,Setuju,Setuju,Sangat Setuju,Sangat Setuju,Setuju,Setuju,Sangat Setuju,Setuju,Sangat Setuju,Sangat Setuju,Sangat Setuju,Setuju,Setuju,Sangat Setuju,Sangat Setuju,Setuju,Selalu,Selalu,Sering,Sering,Selalu,Selalu,Sering,Sering,Selalu,Sering,Peduli,Sangat/Selalu Memastikan,Selalu,Selalu,Sering,Sangat Tahu / Sangat Memahami Langkah-Langkah yang Tepat,Selalu,Sangat Setuju,Setuju,Sangat Tidak Setuju,3.000.000-5.000.000
Laki-Laki,18 -29 Tahun,ASN/ Pegawai Pemerintahan,SMA/Sederajat,2- 3 Platform,Youtube,2-3 Jam,Hiburan/Rekreasi,Sangat Setuju,Setuju,Setuju,Setuju,Setuju,Setuju,Setuju,Setuju,Setuju,Setuju,Setuju,Setuju,Setuju,Setuju,Setuju,Setuju,Netral,Setuju,Setuju,Setuju,Setuju,Setuju,Setuju,Setuju,Setuju,Setuju,Setuju,Setuju,Setuju,Setuju,Setuju,Setuju,Setuju,Setuju,Setuju,Setuju,Setuju,Setuju,Setuju,Setuju,Setuju,Setuju,Setuju,Setuju,Setuju,Setuju,Setuju,Setuju,Setuju,Setuju,Setuju,Setuju,Setuju,Setuju,Setuju,Setuju,Setuju,Setuju,Setuju,Setuju,Setuju,Sering,Sering,Sering,Sering,Sering,Sering,Sering,Sering,Sering,Sering,Peduli,Sering Memastikan,Sering,Sering,Sering,Tahu,Sering,Setuju,Setuju,Setuju,3.000.000-5.000.000
Laki-Laki,40-49 Tahun,ASN/ Pegawai Pemerintahan,S1/D3/D4,1 Platform,Facebook,Kurang dari 1 jam,Komunikasi Sosial,Sangat Setuju,Sangat Setuju,Sangat Setuju,Sangat Setuju,Sangat Setuju,Sangat Setuju,Sangat Setuju,Sangat Setuju,Sangat Setuju,Sangat Setuju,Sangat Setuju,Sangat Setuju,Sangat Setuju,Sangat Setuju,Sangat Setuju,Sangat Setuju,Sangat Setuju,Sangat Setuju,Sangat Setuju,Sangat Setuju,Sangat Setuju,Sangat Setuju,Sangat Setuju,Sangat Setuju,Sangat Setuju,Sangat Setuju,Sangat Setuju,Sangat Setuju,Sangat Setuju,Sangat Setuju,Sangat Setuju,Sangat Setuju,Sangat Setuju,Sangat Setuju,Sangat Setuju,Sangat Setuju,Sangat Setuju,Sangat Setuju,Sangat Setuju,Sangat Setuju,Sangat Setuju,Sangat Setuju,Sangat Setuju,Sangat Setuju,Sangat Setuju,Sangat Setuju,Sangat Setuju,Sangat Setuju,Sangat Setuju,Sangat Setuju,Sangat Setuju,Sangat Setuju,Sangat Setuju,Sangat Setuju,Sangat Setuju,Sangat Setuju,Sangat Setuju,Sangat Setuju,Sangat Setuju,Sangat Setuju,Sangat Setuju,Selalu,Selalu,Selalu,Selalu,Selalu,Selalu,Selalu,Selalu,Selalu,Selalu,Sangat Peduli,Sangat/Selalu Memastikan,Selalu,Selalu,Selalu,Tahu,Selalu,Sangat Setuju,Sangat Setuju,Sangat Setuju,Di bawah 500.000
Laki-Laki,18 -29 Tahun,ASN/ Pegawai Pemerintahan,SMA/Sederajat,4-5 Platform,Instagram,Lebih dari 5 Jam,Hiburan/Rekreasi,Sangat Setuju,Netral,Netral,Netral,Setuju,Netral,Netral,Netral,Netral,Netral,Setuju,Netral,Tidak Setuju,Netral,Setuju,Setuju,Setuju,Netral,Netral,Tidak Setuju,Tidak Setuju,Tidak Setuju,Tidak Setuju,Tidak Setuju,Tidak Setuju,Tidak Setuju,Tidak Setuju,Tidak Setuju,Tidak Setuju,Tidak Setuju,Netral,Netral,Netral,Netral,Netral,Netral,Netral,Netral,Netral,Netral,Netral,Netral,Netral,Netral,Tidak Setuju,Netral,Netral,Netral,Setuju,Netral,Netral,Netral,Netral,Netral,Netral,Tidak Setuju,Tidak Setuju,Netral,Netral,Netral,Netral,Sering,Sering,Sering,Kadang-Kadang,Kadang-Kadang,Sering,Kadang-Kadang,Kadang-Kadang,Kadang-Kadang,Kadang-Kadang,Peduli,Kadang Memastikan,Sering,Sering,Sering,Tahu,Kadang-Kadang,Setuju,Tidak Setuju,Netral,5.000.000-10.000.000
Laki-Laki,30-39 Tahun,ASN/ Pegawai Pemerintahan,SMA/Sederajat,2- 3 Platform,Instagram,Kurang dari 1 jam,Edukasi/Informasi,Sangat Setuju,Sangat Setuju,Sangat Setuju,Sangat Setuju,Sangat Setuju,Sangat Setuju,Sangat Setuju,Sangat Setuju,Sangat Setuju,Setuju,Sangat Setuju,Setuju,Sangat Setuju,Setuju,Sangat Setuju,Setuju,Sangat Setuju,Setuju,Sangat Setuju,Setuju,Sangat Setuju,Setuju,Sangat Setuju,Setuju,Sangat Setuju,Setuju,Sangat Setuju,Setuju,Sangat Setuju,Setuju,Sangat Setuju,Setuju,Sangat Setuju,Setuju,Sangat Setuju,Setuju,Sangat Setuju,Setuju,Sangat Setuju,Setuju,Sangat Setuju,Setuju,Sangat Setuju,Setuju,Sangat Setuju,Setuju,Sangat Setuju,Setuju,Sangat Setuju,Setuju,Sangat Setuju,Setuju,Sangat Setuju,Setuju,Sangat Setuju,Setuju,Sangat Setuju,Setuju,Sangat Setuju,Setuju,Sangat Setuju,Selalu,Sering,Selalu,Sering,Selalu,Sering,Selalu,Sering,Selalu,Sering,Sangat Peduli,Sering Memastikan,Selalu,Sering,Selalu,Tahu,Selalu,Sangat Setuju,Sangat Setuju,Setuju,1.500.000-3.000.000
Laki-Laki,30-39 Tahun,Pelajar / Mahasiswa,SMA/Sederajat,2- 3 Platform,Instagram,3-4 Jam,Pekerjaan/Bisnis,Sangat Setuju,Sangat Setuju,Sangat Setuju,Sangat Setuju,Sangat Setuju,Sangat Setuju,Sangat Setuju,Sangat Setuju,Sangat Setuju,Sangat Setuju,Sangat Setuju,Sangat Setuju,Sangat Setuju,Sangat Setuju,Sangat Setuju,Sangat Setuju,Setuju,Setuju,Setuju,Netral,Setuju,Sangat Setuju,Setuju,Setuju,Setuju,Setuju,Sangat Setuju,Netral,Setuju,Sangat Setuju,Sangat Setuju,Sangat Setuju,Netral,Setuju,Setuju,Netral,Setuju,Setuju,Netral,Sangat Setuju,Setuju,Netral,Sangat Setuju,Sangat Setuju,Sangat Setuju,Sangat Setuju,Sangat Setuju,Sangat Setuju,Sangat Setuju,Sangat Setuju,Sangat Setuju,Sangat Setuju,Sangat Setuju,Setuju,Setuju,Sangat Setuju,Sangat Setuju,Sangat Setuju,Sangat Setuju,Sangat Setuju,Sangat Setuju,Selalu,Selalu,Selalu,Selalu,Selalu,Selalu,Selalu,Selalu,Selalu,Selalu,Sangat Peduli,Sangat/Selalu Memastikan,Selalu,Selalu,Selalu,Sangat Tahu / Sangat Memahami Langkah-Langkah yang Tepat,Selalu,Sangat Setuju,Sangat Setuju,Setuju,Di bawah 500.000
Laki-Laki,18 -29 Tahun,Pelajar / Mahasiswa,SMA/Sederajat,2- 3 Platform,Instagram,2-3 Jam,Hiburan/Rekreasi,Setuju,Setuju,Setuju,Setuju,Setuju,Tidak Setuju,Setuju,Setuju,Setuju,Setuju,Setuju,Setuju,Setuju,Setuju,Setuju,Setuju,Tidak Setuju,Tidak Setuju,Tidak Setuju,Tidak Setuju,Tidak Setuju,Setuju,Tidak Setuju,Tidak Setuju,Tidak Setuju,Tidak Setuju,Tidak Setuju,Tidak Setuju,Tidak Setuju,Tidak Setuju,Setuju,Setuju,Setuju,Setuju,Setuju,Setuju,Setuju,Setuju,Setuju,Setuju,Setuju,Setuju,Setuju,Tidak Setuju,Setuju,Setuju,Setuju,Setuju,Setuju,Setuju,Setuju,Setuju,Setuju,Tidak Setuju,Setuju,Setuju,Setuju,Setuju,Setuju,Setuju,Setuju,Selalu,Sering,Selalu,Sering,Sering,Sering,Selalu,Sering,Sering,Selalu,Sangat Peduli,Sangat/Selalu Memastikan,Selalu,Selalu,Selalu,Sangat Tahu / Sangat Memahami Langkah-Langkah yang Tepat,Selalu,Setuju,Tidak Setuju,Setuju,5.000.000-10.000.000
Laki-Laki,30-39 Tahun,ASN/ Pegawai Pemerintahan,S2/S3,2- 3 Platform,Youtube,3-4 Jam,Edukasi/Informasi,Sangat Setuju,Setuju,Setuju,Setuju,Setuju,Setuju,Setuju,Setuju,Setuju,Setuju,Setuju,Setuju,Setuju,Setuju,Setuju,Sangat Setuju,Tidak Setuju,Setuju,Setuju,Setuju,Setuju,Setuju,Setuju,Setuju,Setuju,Setuju,Setuju,Setuju,Setuju,Setuju,Setuju,Setuju,Setuju,Setuju,Setuju,Setuju,Setuju,Setuju,Setuju,Setuju,Setuju,Setuju,Setuju,Sangat Setuju,Setuju,Setuju,Setuju,Setuju,Setuju,Setuju,Setuju,Setuju,Setuju,Setuju,Setuju,Tidak Setuju,Tidak Setuju,Tidak Setuju,Setuju,Setuju,Setuju,Kadang-Kadang,Kadang-Kadang,Kadang-Kadang,Sering,Sering,Kadang-Kadang,Selalu,Sering,Selalu,Sering,Sangat Peduli,Kadang Memastikan,Kadang-Kadang,Sering,Kadang-Kadang,Tahu,Kadang-Kadang,Setuju,Setuju,Setuju,5.000.000-10.000.000
Laki-Laki,30-39 Tahun,Pelajar / Mahasiswa,S1/D3/D4,4-5 Platform,Youtube,Lebih dari 5 Jam,Hiburan/Rekreasi,Setuju,Setuju,Setuju,Setuju,Setuju,Setuju,Setuju,Setuju,Netral,Netral,Netral,Netral,Netral,Netral,Netral,Netral,Netral,Netral,Netral,Netral,Tidak Setuju,Tidak Setuju,Tidak Setuju,Tidak Setuju,Netral,Tidak Setuju,Tidak Setuju,Tidak Setuju,Tidak Setuju,Tidak Setuju,Netral,Netral,Tidak Setuju,Netral,Tidak Setuju,Tidak Setuju,Tidak Setuju,Tidak Setuju,Tidak Setuju,Tidak Setuju,Tidak Setuju,Tidak Setuju,Netral,Netral,Netral,Netral,Netral,Netral,Netral,Netral,Netral,Netral,Netral,Netral,Netral,Tidak Setuju,Tidak Setuju,Tidak Setuju,Tidak Setuju,Tidak Setuju,Tidak Setuju,Kadang-Kadang,Kadang-Kadang,Kadang-Kadang,Kadang-Kadang,Jarang,Jarang,Tidak pernah,Tidak pernah,Jarang,Jarang,Tidak Terlalu Peduli,Jarang Memastikan,Kadang-Kadang,Jarang,Jarang,Kurang Tahu,Jarang,Setuju,Tidak Setuju,Netral,5.000.000-10.000.000
Laki-Laki,30-39 Tahun,ASN/ Pegawai Pemerintahan,SMA/Sederajat,2- 3 Platform,Instagram,3-4 Jam,Edukasi/Informasi,Tidak Setuju,Netral,Tidak Setuju,Tidak Setuju,Netral,Tidak Setuju,Tidak Setuju,Netral,Setuju,Setuju,Tidak Setuju,Tidak Setuju,Netral,Setuju,Tidak Setuju,Netral,Netral,Tidak Setuju,Tidak Setuju,Netral,Tidak Setuju,Netral,Netral,Setuju,Tidak Setuju,Setuju,Tidak Setuju,Netral,Tidak Setuju,Netral,Setuju,Tidak Setuju,Netral,Netral,Netral,Setuju,Tidak Setuju,Setuju,Netral,Tidak Setuju,Setuju,Netral,Netral,Setuju,Tidak Setuju,Netral,Netral,Tidak Setuju,Tidak Setuju,Tidak Setuju,Setuju,Netral,Tidak Setuju,Tidak Setuju,Netral,Netral,Setuju,Tidak Setuju,Tidak Setuju,Setuju,Netral,Kadang-Kadang,Sering,Kadang-Kadang,Kadang-Kadang,Jarang,Sering,Sering,Kadang-Kadang,Selalu,Kadang-Kadang,Sangat Peduli,Sangat/Selalu Memastikan,Sering,Kadang-Kadang,Sering,Sangat Tahu / Sangat Memahami Langkah-Langkah yang Tepat,Selalu,Netral,Setuju,Netral,5.000.000-10.000.000
Laki-Laki,30-39 Tahun,ASN/ Pegawai Pemerintahan,SMA/Sederajat,2- 3 Platform,Instagram,1 -2 Jam,Hiburan/Rekreasi,Setuju,Setuju,Setuju,Setuju,Setuju,Setuju,Setuju,Setuju,Setuju,Setuju,Setuju,Setuju,Setuju,Setuju,Setuju,Setuju,Setuju,Setuju,Setuju,Setuju,Setuju,Setuju,Setuju,Setuju,Setuju,Setuju,Setuju,Setuju,Setuju,Setuju,Setuju,Setuju,Setuju,Setuju,Setuju,Setuju,Setuju,Setuju,Setuju,Setuju,Setuju,Setuju,Setuju,Setuju,Setuju,Setuju,Setuju,Setuju,Setuju,Setuju,Setuju,Setuju,Setuju,Netral,Netral,Setuju,Setuju,Setuju,Setuju,Setuju,Setuju,Sering,Kadang-Kadang,Kadang-Kadang,Kadang-Kadang,Kadang-Kadang,Sering,Kadang-Kadang,Kadang-Kadang,Sering,Sering,Peduli,Kadang Memastikan,Kadang-Kadang,Sering,Kadang-Kadang,Tahu,Kadang-Kadang,Setuju,Setuju,Setuju,5.000.000-10.000.000
Laki-Laki,18 -29 Tahun,ASN/ Pegawai Pemerintahan,SMA/Sederajat,2- 3 Platform,Instagram,2-3 Jam,Edukasi/Informasi,Setuju,Sangat Setuju,Sangat Setuju,Sangat Setuju,Setuju,Setuju,Sangat Setuju,Setuju,Setuju,Sangat Setuju,Setuju,Sangat Setuju,Setuju,Setuju,Setuju,Sangat Setuju,Sangat Setuju,Sangat Setuju,Setuju,Setuju,Sangat Setuju,Setuju,Sangat Setuju,Setuju,Setuju,Setuju,Setuju,Sangat Setuju,Sangat Setuju,Setuju,Sangat Setuju,Setuju,Setuju,Setuju,Setuju,Setuju,Setuju,Setuju,Setuju,Setuju,Sangat Setuju,Setuju,Sangat Setuju,Sangat Setuju,Setuju,Setuju,Setuju,Setuju,Sangat Setuju,Setuju,Sangat Setuju,Setuju,Setuju,Sangat Setuju,Sangat Setuju,Sangat Setuju,Setuju,Setuju,Setuju,Setuju,Setuju,Sering,Selalu,Sering,Sering,Selalu,Selalu,Sering,Sering,Selalu,Sering,Sangat Peduli,Sangat/Selalu Memastikan,Selalu,Sering,Selalu,Sangat Tahu / Sangat Memahami Langkah-Langkah yang Tepat,Selalu,Sangat Setuju,Sangat Setuju,Setuju,3.000.000-5.000.000
Laki-Laki,18 -29 Tahun,ASN/ Pegawai Pemerintahan,SMA/Sederajat,2- 3 Platform,Instagram,2-3 Jam,Hiburan/Rekreasi,Sangat Setuju,Setuju,Setuju,Setuju,Setuju,Setuju,Setuju,Netral,Setuju,Setuju,Setuju,Netral,Setuju,Setuju,Setuju,Setuju,Netral,Netral,Setuju,Setuju,Netral,Setuju,Netral,Setuju,Setuju,Setuju,Sangat Setuju,Sangat Setuju,Sangat Setuju,Sangat Setuju,Netral,Setuju,Setuju,Netral,Setuju,Setuju,Netral,Setuju,Netral,Setuju,Setuju,Netral,Setuju,Setuju,Setuju,Sangat Setuju,Setuju,Setuju,Netral,Setuju,Setuju,Setuju,Netral,Setuju,Sangat Setuju,Setuju,Setuju,Netral,Setuju,Setuju,Netral,Kadang-Kadang,Sering,Sering,Sering,Sering,Sering,Sering,Sering,Sering,Sering,Peduli,Sering Memastikan,Sering,Selalu,Selalu,Cukup Tahu,Sering,Setuju,Setuju,Setuju,3.000.000-5.000.000
Laki-Laki,18 -29 Tahun,ASN/ Pegawai Pemerintahan,SMA/Sederajat,1 Platform,Instagram,Kurang dari 1 jam,Edukasi/Informasi,Setuju,Setuju,Setuju,Setuju,Setuju,Setuju,Setuju,Setuju,Setuju,Setuju,Setuju,Setuju,Setuju,Setuju,Setuju,Setuju,Setuju,Setuju,Setuju,Setuju,Setuju,Setuju,Setuju,Setuju,Setuju,Setuju,Setuju,Setuju,Setuju,Setuju,Setuju,Setuju,Setuju,Setuju,Setuju,Setuju,Setuju,Setuju,Setuju,Setuju,Setuju,Setuju,Setuju,Setuju,Setuju,Setuju,Setuju,Setuju,Setuju,Setuju,Setuju,Setuju,Setuju,Setuju,Setuju,Setuju,Setuju,Setuju,Setuju,Setuju,Setuju,Sering,Sering,Sering,Sering,Sering,Sering,Sering,Sering,Sering,Sering,Peduli,Sering Memastikan,Sering,Sering,Sering,Tahu,Sering,Setuju,Setuju,Setuju,3.000.000-5.000.000
Laki-Laki,18 -29 Tahun,ASN/ Pegawai Pemerintahan,SMA/Sederajat,2- 3 Platform,Instagram,2-3 Jam,Edukasi/Informasi,Netral,Netral,Setuju,Netral,Setuju,Netral,Netral,Netral,Setuju,Netral,Setuju,Netral,Setuju,Setuju,Netral,Netral,Setuju,Setuju,Netral,Setuju,Setuju,Netral,Setuju,Setuju,Netral,Setuju,Netral,Setuju,Netral,Setuju,Tidak Setuju,Setuju,Netral,Setuju,Netral,Setuju,Setuju,Netral,Setuju,Setuju,Setuju,Netral,Netral,Setuju,Netral,Tidak Setuju,Setuju,Setuju,Netral,Netral,Setuju,Netral,Netral,Setuju,Netral,Netral,Setuju,Sangat Setuju,Setuju,Setuju,Netral,Kadang-Kadang,Kadang-Kadang,Jarang,Jarang,Tidak pernah,Jarang,Kadang-Kadang,Kadang-Kadang,Jarang,Kadang-Kadang,Sangat Peduli,Sangat/Selalu Memastikan,Kadang-Kadang,Sering,Selalu,Tahu,Sering,Netral,Setuju,Setuju,5.000.000-10.000.000
Laki-Laki,30-39 Tahun,ASN/ Pegawai Pemerintahan,SMA/Sederajat,4-5 Platform,TikTok,Kurang dari 1 jam,Edukasi/Informasi,Setuju,Setuju,Setuju,Setuju,Setuju,Setuju,Setuju,Setuju,Setuju,Setuju,Setuju,Setuju,Setuju,Setuju,Setuju,Setuju,Netral,Setuju,Setuju,Setuju,Setuju,Setuju,Setuju,Setuju,Setuju,Setuju,Setuju,Setuju,Setuju,Setuju,Setuju,Setuju,Setuju,Setuju,Setuju,Setuju,Setuju,Setuju,Setuju,Setuju,Setuju,Setuju,Setuju,Setuju,Setuju,Setuju,Setuju,Setuju,Setuju,Setuju,Setuju,Setuju,Setuju,Setuju,Setuju,Setuju,Setuju,Setuju,Setuju,Setuju,Setuju,Sering,Sering,Sering,Sering,Sering,Sering,Sering,Sering,Sering,Sering,Sangat Peduli,Sering Memastikan,Sering,Sering,Sering,Tahu,Sering,Setuju,Setuju,Setuju,5.000.000-10.000.000
Laki-Laki,18 -29 Tahun,ASN/ Pegawai Pemerintahan,SMA/Sederajat,2- 3 Platform,Instagram,3-4 Jam,Edukasi/Informasi,Setuju,Setuju,Sangat Setuju,Setuju,Setuju,Sangat Setuju,Setuju,Setuju,Setuju,Setuju,Setuju,Setuju,Setuju,Setuju,Setuju,Sangat Setuju,Setuju,Netral,Setuju,Setuju,Netral,Setuju,Setuju,Setuju,Setuju,Setuju,Sangat Setuju,Sangat Setuju,Sangat Setuju,Setuju,Setuju,Setuju,Setuju,Sangat Setuju,Setuju,Sangat Setuju,Setuju,Setuju,Setuju,Setuju,Setuju,Sangat Setuju,Setuju,Setuju,Sangat Setuju,Setuju,Setuju,Setuju,Setuju,Setuju,Setuju,Sangat Setuju,Sangat Setuju,Sangat Setuju,Sangat Setuju,Sangat Setuju,Sangat Setuju,Sangat Setuju,Setuju,Setuju,Setuju,Selalu,Selalu,Selalu,Selalu,Selalu,Selalu,Selalu,Selalu,Selalu,Selalu,Sangat Peduli,Sangat/Selalu Memastikan,Selalu,Selalu,Selalu,Sangat Tahu / Sangat Memahami Langkah-Langkah yang Tepat,Selalu,Sangat Setuju,Sangat Setuju,Setuju,3.000.000-5.000.000
Laki-Laki,18 -29 Tahun,ASN/ Pegawai Pemerintahan,SMA/Sederajat,1 Platform,Instagram,1 -2 Jam,Hiburan/Rekreasi,Setuju,Setuju,Setuju,Setuju,Setuju,Setuju,Setuju,Setuju,Setuju,Setuju,Setuju,Setuju,Setuju,Setuju,Setuju,Setuju,Netral,Netral,Sangat Setuju,Sangat Setuju,Setuju,Setuju,Setuju,Setuju,Sangat Setuju,Setuju,Setuju,Setuju,Sangat Setuju,Sangat Setuju,Sangat Setuju,Sangat Setuju,Sangat Setuju,Sangat Setuju,Sangat Setuju,Sangat Setuju,Sangat Setuju,Sangat Setuju,Sangat Setuju,Sangat Setuju,Sangat Setuju,Sangat Setuju,Sangat Setuju,Sangat Setuju,Setuju,Setuju,Setuju,Setuju,Setuju,Setuju,Setuju,Setuju,Setuju,Setuju,Setuju,Setuju,Setuju,Setuju,Setuju,Setuju,Setuju,Kadang-Kadang,Kadang-Kadang,Kadang-Kadang,Kadang-Kadang,Sering,Sering,Sering,Sering,Sering,Sering,Sangat Peduli,Sangat/Selalu Memastikan,Selalu,Selalu,Selalu,Sangat Tahu / Sangat Memahami Langkah-Langkah yang Tepat,Selalu,Setuju,Sangat Setuju,Setuju,3.000.000-5.000.000
Laki-Laki,18 -29 Tahun,ASN/ Pegawai Pemerintahan,SMA/Sederajat,2- 3 Platform,Instagram,2-3 Jam,Edukasi/Informasi,Sangat Setuju,Sangat Setuju,Sangat Setuju,Sangat Setuju,Setuju,Sangat Setuju,Sangat Setuju,Sangat Setuju,Sangat Setuju,Sangat Setuju,Sangat Setuju,Sangat Setuju,Sangat Setuju,Sangat Setuju,Sangat Setuju,Sangat Setuju,Setuju,Setuju,Sangat Setuju,Sangat Setuju,Sangat Setuju,Sangat Setuju,Sangat Setuju,Sangat Setuju,Sangat Setuju,Sangat Setuju,Sangat Setuju,Sangat Setuju,Sangat Setuju,Sangat Setuju,Setuju,Setuju,Setuju,Sangat Setuju,Sangat Setuju,Sangat Setuju,Sangat Setuju,Setuju,Sangat Setuju,Sangat Setuju,Sangat Setuju,Sangat Setuju,Sangat Setuju,Setuju,Setuju,Setuju,Setuju,Setuju,Setuju,Setuju,Setuju,Setuju,Setuju,Setuju,Setuju,Setuju,Setuju,Setuju,Setuju,Setuju,Setuju,Sering,Sering,Sering,Sering,Sering,Sering,Sering,Sering,Sering,Sering,Peduli,Sering Memastikan,Sering,Sering,Sering,Tahu,Sering,Sangat Setuju,Sangat Setuju,Setuju,3.000.000-5.000.000
Laki-Laki,18 -29 Tahun,ASN/ Pegawai Pemerintahan,SMA/Sederajat,2- 3 Platform,Instagram,Kurang dari 1 jam,Hiburan/Rekreasi,Setuju,Setuju,Setuju,Setuju,Setuju,Setuju,Setuju,Setuju,Setuju,Setuju,Setuju,Setuju,Setuju,Setuju,Setuju,Setuju,Setuju,Setuju,Setuju,Setuju,Setuju,Setuju,Setuju,Setuju,Setuju,Setuju,Setuju,Setuju,Setuju,Setuju,Setuju,Setuju,Setuju,Setuju,Setuju,Setuju,Setuju,Setuju,Setuju,Setuju,Setuju,Setuju,Setuju,Setuju,Setuju,Setuju,Setuju,Setuju,Setuju,Setuju,Setuju,Setuju,Setuju,Setuju,Setuju,Setuju,Setuju,Setuju,Setuju,Setuju,Setuju,Sering,Sering,Sering,Sering,Sering,Selalu,Sering,Sering,Selalu,Sering,Sangat Peduli,Sering Memastikan,Selalu,Selalu,Selalu,Sangat Tahu / Sangat Memahami Langkah-Langkah yang Tepat,Selalu,Setuju,Setuju,Setuju,3.000.000-5.000.000
Laki-Laki,18 -29 Tahun,Pelajar / Mahasiswa,SMA/Sederajat,4-5 Platform,Instagram,2-3 Jam,Komunikasi Sosial,Sangat Setuju,Sangat Setuju,Sangat Setuju,Sangat Setuju,Sangat Setuju,Sangat Setuju,Sangat Setuju,Sangat Setuju,Sangat Setuju,Sangat Setuju,Sangat Setuju,Sangat Setuju,Sangat Setuju,Sangat Setuju,Sangat Setuju,Sangat Setuju,Sangat Setuju,Sangat Setuju,Sangat Setuju,Sangat Setuju,Sangat Setuju,Sangat Setuju,Sangat Setuju,Sangat Setuju,Sangat Setuju,Sangat Setuju,Sangat Setuju,Sangat Setuju,Sangat Setuju,Sangat Setuju,Sangat Setuju,Sangat Setuju,Sangat Setuju,Sangat Setuju,Sangat Setuju,Sangat Setuju,Sangat Setuju,Sangat Setuju,Sangat Setuju,Sangat Setuju,Sangat Setuju,Sangat Setuju,Sangat Setuju,Sangat Setuju,Sangat Setuju,Sangat Setuju,Sangat Setuju,Sangat Setuju,Sangat Setuju,Sangat Setuju,Sangat Setuju,Sangat Setuju,Sangat Setuju,Sangat Setuju,Sangat Setuju,Sangat Setuju,Sangat Setuju,Sangat Setuju,Sangat Setuju,Sangat Setuju,Sangat Setuju,Selalu,Selalu,Sering,Selalu,Sering,Selalu,Selalu,Selalu,Selalu,Selalu,Sangat Peduli,Sangat/Selalu Memastikan,Selalu,Sering,Selalu,Tahu,Sering,Sangat Setuju,Sangat Setuju,Sangat Setuju,Di bawah 500.000
Laki-Laki,18 -29 Tahun,ASN/ Pegawai Pemerintahan,SMA/Sederajat,2- 3 Platform,Youtube,2-3 Jam,Komunikasi Sosial,Sangat Setuju,Sangat Setuju,Sangat Setuju,Sangat Setuju,Sangat Setuju,Sangat Setuju,Sangat Setuju,Sangat Setuju,Sangat Setuju,Sangat Setuju,Sangat Setuju,Sangat Setuju,Sangat Setuju,Sangat Setuju,Sangat Setuju,Sangat Setuju,Sangat Setuju,Sangat Setuju,Sangat Setuju,Sangat Setuju,Sangat Setuju,Sangat Setuju,Sangat Setuju,Sangat Setuju,Sangat Setuju,Sangat Setuju,Sangat Setuju,Sangat Setuju,Sangat Setuju,Sangat Setuju,Sangat Setuju,Sangat Setuju,Sangat Setuju,Sangat Setuju,Sangat Setuju,Sangat Setuju,Sangat Setuju,Sangat Setuju,Sangat Setuju,Sangat Setuju,Sangat Setuju,Sangat Setuju,Sangat Setuju,Sangat Setuju,Sangat Setuju,Sangat Setuju,Sangat Setuju,Sangat Setuju,Sangat Setuju,Sangat Setuju,Sangat Setuju,Sangat Setuju,Sangat Setuju,Sangat Setuju,Sangat Setuju,Sangat Setuju,Sangat Setuju,Sangat Setuju,Setuju,Sangat Setuju,Setuju,Sering,Selalu,Sering,Selalu,Sering,Sering,Selalu,Sering,Selalu,Selalu,Sangat Peduli,Sangat/Selalu Memastikan,Selalu,Sering,Selalu,Tahu,Selalu,Sangat Setuju,Sangat Setuju,Sangat Setuju,3.000.000-5.000.000
Laki-Laki,18 -29 Tahun,ASN/ Pegawai Pemerintahan,SMA/Sederajat,1 Platform,Facebook,1 -2 Jam,Hiburan/Rekreasi,Setuju,Setuju,Setuju,Setuju,Setuju,Setuju,Setuju,Setuju,Setuju,Setuju,Setuju,Setuju,Setuju,Setuju,Setuju,Setuju,Setuju,Setuju,Setuju,Setuju,Setuju,Setuju,Setuju,Setuju,Setuju,Setuju,Setuju,Setuju,Setuju,Setuju,Setuju,Setuju,Setuju,Setuju,Setuju,Setuju,Setuju,Setuju,Setuju,Setuju,Setuju,Setuju,Setuju,Setuju,Setuju,Setuju,Setuju,Setuju,Setuju,Setuju,Setuju,Setuju,Setuju,Setuju,Setuju,Setuju,Setuju,Setuju,Setuju,Setuju,Setuju,Sering,Sering,Sering,Sering,Sering,Sering,Sering,Sering,Sering,Sering,Peduli,Sering Memastikan,Sering,Sering,Sering,Tahu,Sering,Setuju,Setuju,Setuju,3.000.000-5.000.000
Laki-Laki,18 -29 Tahun,ASN/ Pegawai Pemerintahan,SMA/Sederajat,1 Platform,Instagram,1 -2 Jam,Edukasi/Informasi,Setuju,Setuju,Setuju,Netral,Setuju,Setuju,Setuju,Setuju,Setuju,Setuju,Setuju,Setuju,Setuju,Setuju,Setuju,Setuju,Setuju,Setuju,Setuju,Setuju,Setuju,Setuju,Setuju,Setuju,Setuju,Setuju,Setuju,Setuju,Setuju,Setuju,Setuju,Setuju,Setuju,Setuju,Setuju,Setuju,Setuju,Setuju,Setuju,Setuju,Setuju,Setuju,Setuju,Setuju,Setuju,Setuju,Setuju,Setuju,Setuju,Setuju,Setuju,Setuju,Setuju,Setuju,Setuju,Setuju,Setuju,Setuju,Setuju,Setuju,Setuju,Sering,Kadang-Kadang,Sering,Sering,Sering,Sering,Sering,Sering,Sering,Sering,Peduli,Sering Memastikan,Sering,Sering,Sering,Tahu,Sering,Setuju,Setuju,Setuju,5.000.000-10.000.000
Laki-Laki,18 -29 Tahun,ASN/ Pegawai Pemerintahan,SMA/Sederajat,1 Platform,Instagram,1 -2 Jam,Edukasi/Informasi,Setuju,Setuju,Setuju,Setuju,Setuju,Setuju,Setuju,Setuju,Setuju,Setuju,Setuju,Setuju,Setuju,Setuju,Setuju,Setuju,Tidak Setuju,Tidak Setuju,Setuju,Setuju,Setuju,Setuju,Setuju,Setuju,Setuju,Setuju,Setuju,Setuju,Setuju,Setuju,Setuju,Setuju,Setuju,Setuju,Setuju,Setuju,Setuju,Setuju,Setuju,Setuju,Setuju,Setuju,Setuju,Setuju,Setuju,Setuju,Setuju,Setuju,Setuju,Setuju,Setuju,Setuju,Setuju,Setuju,Setuju,Setuju,Setuju,Setuju,Setuju,Setuju,Setuju,Sering,Selalu,Sering,Selalu,Selalu,Selalu,Selalu,Selalu,Selalu,Selalu,Sangat Peduli,Sangat/Selalu Memastikan,Selalu,Selalu,Selalu,Sangat Tahu / Sangat Memahami Langkah-Langkah yang Tepat,Selalu,Setuju,Setuju,Setuju,3.000.000-5.000.000
Laki-Laki,18 -29 Tahun,ASN/ Pegawai Pemerintahan,SMA/Sederajat,2- 3 Platform,Instagram,4-5 Jam,Hiburan/Rekreasi,Sangat Setuju,Sangat Setuju,Sangat Setuju,Sangat Setuju,Sangat Setuju,Sangat Setuju,Sangat Setuju,Sangat Setuju,Sangat Setuju,Sangat Setuju,Sangat Setuju,Sangat Setuju,Sangat Setuju,Sangat Setuju,Sangat Setuju,Sangat Setuju,Sangat Setuju,Sangat Setuju,Sangat Setuju,Sangat Setuju,Sangat Setuju,Sangat Setuju,Sangat Setuju,Sangat Setuju,Sangat Setuju,Sangat Setuju,Sangat Setuju,Sangat Setuju,Sangat Setuju,Sangat Setuju,Sangat Setuju,Sangat Setuju,Sangat Setuju,Sangat Setuju,Sangat Setuju,Sangat Setuju,Sangat Setuju,Sangat Setuju,Sangat Setuju,Sangat Setuju,Sangat Setuju,Sangat Setuju,Sangat Setuju,Sangat Setuju,Sangat Setuju,Sangat Setuju,Sangat Setuju,Sangat Setuju,Sangat Setuju,Sangat Setuju,Sangat Setuju,Sangat Setuju,Sangat Setuju,Sangat Setuju,Sangat Setuju,Sangat Setuju,Sangat Setuju,Sangat Setuju,Sangat Setuju,Sangat Setuju,Sangat Setuju,Sering,Selalu,Selalu,Selalu,Selalu,Selalu,Selalu,Selalu,Selalu,Selalu,Sangat Peduli,Sangat/Selalu Memastikan,Selalu,Selalu,Selalu,Sangat Tahu / Sangat Memahami Langkah-Langkah yang Tepat,Selalu,Sangat Setuju,Sangat Setuju,Sangat Setuju,5.000.000-10.000.000
Laki-Laki,18 -29 Tahun,ASN/ Pegawai Pemerintahan,SMA/Sederajat,2- 3 Platform,Instagram,2-3 Jam,Hiburan/Rekreasi,Sangat Setuju,Sangat Setuju,Sangat Setuju,Sangat Setuju,Sangat Setuju,Sangat Setuju,Sangat Setuju,Sangat Setuju,Sangat Setuju,Sangat Setuju,Sangat Setuju,Sangat Setuju,Sangat Setuju,Sangat Setuju,Sangat Setuju,Sangat Setuju,Sangat Setuju,Sangat Setuju,Sangat Setuju,Sangat Setuju,Sangat Setuju,Sangat Setuju,Sangat Setuju,Sangat Setuju,Sangat Setuju,Sangat Setuju,Sangat Setuju,Sangat Setuju,Sangat Setuju,Sangat Setuju,Sangat Setuju,Sangat Setuju,Sangat Setuju,Sangat Setuju,Sangat Setuju,Sangat Setuju,Sangat Setuju,Sangat Setuju,Sangat Setuju,Sangat Setuju,Sangat Setuju,Sangat Setuju,Sangat Setuju,Sangat Setuju,Sangat Setuju,Sangat Setuju,Sangat Setuju,Sangat Setuju,Sangat Setuju,Sangat Setuju,Sangat Setuju,Sangat Setuju,Sangat Setuju,Sangat Setuju,Sangat Setuju,Sangat Setuju,Sangat Setuju,Sangat Setuju,Sangat Setuju,Sangat Setuju,Sangat Setuju,Selalu,Selalu,Selalu,Selalu,Selalu,Selalu,Selalu,Selalu,Selalu,Selalu,Sangat Peduli,Sangat/Selalu Memastikan,Selalu,Selalu,Selalu,Sangat Tahu / Sangat Memahami Langkah-Langkah yang Tepat,Selalu,Sangat Setuju,Sangat Setuju,Sangat Setuju,5.000.000-10.000.000
Laki-Laki,30-39 Tahun,ASN/ Pegawai Pemerintahan,SMA/Sederajat,2- 3 Platform,Youtube,3-4 Jam,Edukasi/Informasi,Sangat Setuju,Sangat Setuju,Sangat Setuju,Sangat Setuju,Sangat Setuju,Sangat Setuju,Sangat Setuju,Sangat Setuju,Sangat Setuju,Sangat Setuju,Sangat Setuju,Sangat Setuju,Sangat Setuju,Sangat Setuju,Sangat Setuju,Sangat Setuju,Sangat Setuju,Sangat Setuju,Sangat Setuju,Sangat Setuju,Sangat Setuju,Sangat Setuju,Sangat Setuju,Sangat Setuju,Sangat Setuju,Sangat Setuju,Sangat Setuju,Sangat Setuju,Sangat Setuju,Sangat Setuju,Sangat Setuju,Sangat Setuju,Sangat Setuju,Sangat Setuju,Sangat Setuju,Sangat Setuju,Sangat Setuju,Sangat Setuju,Sangat Setuju,Sangat Setuju,Sangat Setuju,Sangat Setuju,Sangat Setuju,Sangat Setuju,Sangat Setuju,Sangat Setuju,Sangat Setuju,Sangat Setuju,Sangat Setuju,Sangat Setuju,Sangat Setuju,Sangat Setuju,Sangat Setuju,Sangat Setuju,Sangat Setuju,Sangat Setuju,Sangat Setuju,Sangat Setuju,Sangat Setuju,Sangat Setuju,Sangat Setuju,Selalu,Selalu,Selalu,Selalu,Selalu,Selalu,Selalu,Selalu,Selalu,Selalu,Sangat Peduli,Sangat/Selalu Memastikan,Selalu,Selalu,Selalu,Tahu,Sering,Sangat Setuju,Sangat Setuju,Sangat Setuju,5.000.000-10.000.000
Laki-Laki,18 -29 Tahun,ASN/ Pegawai Pemerintahan,SMA/Sederajat,2- 3 Platform,Instagram,Kurang dari 1 jam,Edukasi/Informasi,Netral,Setuju,Setuju,Netral,Setuju,Setuju,Setuju,Setuju,Setuju,Setuju,Setuju,Setuju,Setuju,Setuju,Setuju,Setuju,Netral,Netral,Netral,Netral,Netral,Netral,Netral,Netral,Netral,Netral,Netral,Netral,Netral,Netral,Netral,Netral,Netral,Netral,Netral,Netral,Netral,Netral,Netral,Netral,Netral,Netral,Netral,Netral,Netral,Setuju,Setuju,Netral,Netral,Netral,Setuju,Netral,Setuju,Setuju,Netral,Netral,Netral,Netral,Netral,Netral,Netral,Selalu,Sering,Sering,Sering,Sering,Sering,Sering,Sering,Sering,Sering,Peduli,Sering Memastikan,Sering,Sering,Sering,Tahu,Sering,Setuju,Netral,Netral,5.000.000-10.000.000
Laki-Laki,18 -29 Tahun,ASN/ Pegawai Pemerintahan,SMA/Sederajat,1 Platform,Youtube,1 -2 Jam,Komunikasi Sosial,Setuju,Setuju,Setuju,Setuju,Setuju,Setuju,Setuju,Setuju,Setuju,Setuju,Setuju,Setuju,Setuju,Setuju,Setuju,Setuju,Setuju,Setuju,Setuju,Setuju,Setuju,Setuju,Setuju,Setuju,Setuju,Setuju,Setuju,Setuju,Setuju,Setuju,Setuju,Setuju,Setuju,Setuju,Netral,Setuju,Setuju,Setuju,Setuju,Setuju,Setuju,Setuju,Setuju,Setuju,Setuju,Setuju,Setuju,Setuju,Setuju,Setuju,Setuju,Setuju,Setuju,Setuju,Setuju,Setuju,Setuju,Setuju,Setuju,Setuju,Setuju,Sering,Sering,Sering,Sering,Sering,Sering,Sering,Sering,Sering,Sering,Peduli,Sering Memastikan,Sering,Sering,Sering,Tahu,Sering,Setuju,Setuju,Setuju,5.000.000-10.000.000
Laki-Laki,18 -29 Tahun,ASN/ Pegawai Pemerintahan,SMA/Sederajat,1 Platform,Instagram,1 -2 Jam,Komunikasi Sosial,Setuju,Setuju,Sangat Setuju,Setuju,Sangat Setuju,Setuju,Setuju,Sangat Setuju,Setuju,Setuju,Setuju,Setuju,Setuju,Setuju,Sangat Setuju,Sangat Setuju,Sangat Setuju,Sangat Setuju,Setuju,Sangat Setuju,Setuju,Setuju,Setuju,Setuju,Sangat Setuju,Setuju,Sangat Setuju,Setuju,Setuju,Sangat Setuju,Sangat Setuju,Setuju,Setuju,Setuju,Setuju,Setuju,Setuju,Setuju,Sangat Setuju,Netral,Setuju,Setuju,Setuju,Setuju,Setuju,Setuju,Setuju,Setuju,Setuju,Setuju,Setuju,Setuju,Setuju,Sangat Setuju,Setuju,Setuju,Setuju,Setuju,Setuju,Sangat Setuju,Setuju,Sering,Sering,Sering,Sering,Sering,Kadang-Kadang,Selalu,Sering,Selalu,Sering,Sangat Peduli,Sangat/Selalu Memastikan,Sering,Kadang-Kadang,Sering,Tahu,Selalu,Setuju,Setuju,Netral,5.000.000-10.000.000
Laki-Laki,18 -29 Tahun,ASN/ Pegawai Pemerintahan,SMA/Sederajat,2- 3 Platform,TikTok,2-3 Jam,Hiburan/Rekreasi,Netral,Setuju,Tidak Setuju,Netral,Setuju,Netral,Netral,Netral,Setuju,Netral,Netral,Netral,Netral,Netral,Netral,Netral,Netral,Netral,Netral,Netral,Netral,Netral,Netral,Netral,Netral,Netral,Netral,Netral,Netral,Netral,Netral,Netral,Netral,Netral,Netral,Netral,Netral,Netral,Netral,Netral,Netral,Netral,Netral,Netral,Netral,Netral,Netral,Netral,Netral,Netral,Netral,Netral,Netral,Netral,Netral,Netral,Netral,Netral,Netral,Netral,Netral,Kadang-Kadang,Jarang,Jarang,Kadang-Kadang,Tidak pernah,Jarang,Jarang,Kadang-Kadang,Kadang-Kadang,Sering,Peduli,Sangat/Selalu Memastikan,Selalu,Selalu,Sering,Sangat Tahu / Sangat Memahami Langkah-Langkah yang Tepat,Selalu,Netral,Netral,Netral,3.000.000-5.000.000
Laki-Laki,18 -29 Tahun,ASN/ Pegawai Pemerintahan,SMA/Sederajat,2- 3 Platform,WhatsApp,4-5 Jam,Komunikasi Sosial,Setuju,Setuju,Setuju,Setuju,Setuju,Setuju,Setuju,Setuju,Setuju,Setuju,Setuju,Setuju,Setuju,Setuju,Setuju,Setuju,Setuju,Setuju,Setuju,Setuju,Setuju,Setuju,Setuju,Setuju,Setuju,Setuju,Setuju,Setuju,Setuju,Setuju,Setuju,Setuju,Setuju,Setuju,Setuju,Setuju,Setuju,Setuju,Setuju,Setuju,Setuju,Setuju,Setuju,Setuju,Setuju,Setuju,Setuju,Setuju,Setuju,Setuju,Setuju,Setuju,Setuju,Setuju,Setuju,Setuju,Setuju,Setuju,Setuju,Setuju,Setuju,Sering,Sering,Sering,Sering,Sering,Sering,Sering,Sering,Sering,Sering,Peduli,Sering Memastikan,Sering,Sering,Sering,Tahu,Sering,Setuju,Setuju,Setuju,3.000.000-5.000.000
Laki-Laki,18 -29 Tahun,ASN/ Pegawai Pemerintahan,SMA/Sederajat,2- 3 Platform,Youtube,Kurang dari 1 jam,Edukasi/Informasi,Setuju,Setuju,Setuju,Setuju,Setuju,Setuju,Setuju,Setuju,Setuju,Setuju,Setuju,Setuju,Setuju,Setuju,Setuju,Setuju,Setuju,Setuju,Setuju,Setuju,Setuju,Setuju,Setuju,Setuju,Setuju,Setuju,Setuju,Setuju,Setuju,Setuju,Setuju,Setuju,Setuju,Setuju,Setuju,Setuju,Setuju,Setuju,Setuju,Setuju,Setuju,Setuju,Setuju,Setuju,Setuju,Setuju,Setuju,Setuju,Setuju,Setuju,Setuju,Setuju,Setuju,Setuju,Setuju,Setuju,Setuju,Setuju,Setuju,Setuju,Setuju,Sering,Selalu,Sering,Sering,Sering,Sering,Sering,Sering,Sering,Sering,Peduli,Kadang Memastikan,Sering,Sering,Sering,Tahu,Sering,Setuju,Setuju,Setuju,5.000.000-10.000.000
Laki-Laki,18 -29 Tahun,ASN/ Pegawai Pemerintahan,SMA/Sederajat,2- 3 Platform,Youtube,1 -2 Jam,Hiburan/Rekreasi,Netral,Tidak Setuju,Tidak Setuju,Tidak Setuju,Tidak Setuju,Netral,Netral,Netral,Netral,Netral,Netral,Netral,Netral,Netral,Netral,Netral,Tidak Setuju,Tidak Setuju,Setuju,Setuju,Setuju,Setuju,Setuju,Setuju,Setuju,Setuju,Setuju,Setuju,Setuju,Setuju,Setuju,Setuju,Setuju,Setuju,Setuju,Setuju,Setuju,Setuju,Setuju,Setuju,Setuju,Setuju,Setuju,Setuju,Setuju,Setuju,Setuju,Setuju,Setuju,Setuju,Setuju,Setuju,Setuju,Setuju,Setuju,Setuju,Setuju,Setuju,Setuju,Setuju,Setuju,Kadang-Kadang,Jarang,Jarang,Jarang,Jarang,Jarang,Jarang,Jarang,Jarang,Jarang,Cukup Peduli,Kadang Memastikan,Kadang-Kadang,Kadang-Kadang,Kadang-Kadang,Cukup Tahu,Kadang-Kadang,Netral,Setuju,Setuju,3.000.000-5.000.000
Laki-Laki,18 -29 Tahun,ASN/ Pegawai Pemerintahan,SMA/Sederajat,1 Platform,Facebook,Kurang dari 1 jam,Komunikasi Sosial,Sangat Setuju,Setuju,Setuju,Setuju,Setuju,Setuju,Setuju,Setuju,Setuju,Setuju,Setuju,Setuju,Setuju,Setuju,Setuju,Setuju,Setuju,Setuju,Setuju,Sangat Setuju,Sangat Setuju,Sangat Setuju,Sangat Setuju,Sangat Setuju,Sangat Setuju,Sangat Setuju,Sangat Setuju,Sangat Setuju,Sangat Setuju,Sangat Setuju,Sangat Setuju,Sangat Setuju,Sangat Setuju,Sangat Setuju,Sangat Setuju,Sangat Setuju,Sangat Setuju,Sangat Setuju,Sangat Setuju,Sangat Setuju,Sangat Setuju,Sangat Setuju,Sangat Setuju,Sangat Setuju,Sangat Setuju,Sangat Setuju,Sangat Setuju,Sangat Setuju,Sangat Setuju,Sangat Setuju,Sangat Setuju,Sangat Setuju,Sangat Setuju,Sangat Setuju,Sangat Setuju,Sangat Setuju,Sangat Setuju,Sangat Setuju,Sangat Setuju,Sangat Setuju,Sangat Setuju,Selalu,Selalu,Selalu,Selalu,Selalu,Selalu,Selalu,Selalu,Selalu,Selalu,Sangat Peduli,Sangat/Selalu Memastikan,Selalu,Selalu,Selalu,Sangat Tahu / Sangat Memahami Langkah-Langkah yang Tepat,Selalu,Setuju,Sangat Setuju,Sangat Setuju,Di bawah 500.000
Laki-Laki,18 -29 Tahun,ASN/ Pegawai Pemerintahan,SMA/Sederajat,2- 3 Platform,Instagram,3-4 Jam,Komunikasi Sosial,Sangat Setuju,Sangat Setuju,Sangat Setuju,Sangat Setuju,Setuju,Sangat Setuju,Sangat Setuju,Sangat Setuju,Sangat Setuju,Sangat Setuju,Sangat Setuju,Sangat Setuju,Sangat Setuju,Sangat Setuju,Sangat Setuju,Sangat Setuju,Sangat Setuju,Sangat Setuju,Sangat Setuju,Sangat Setuju,Sangat Setuju,Sangat Setuju,Sangat Setuju,Sangat Setuju,Setuju,Setuju,Sangat Setuju,Sangat Setuju,Setuju,Sangat Setuju,Sangat Setuju,Sangat Setuju,Sangat Setuju,Sangat Setuju,Sangat Setuju,Sangat Setuju,Sangat Setuju,Sangat Setuju,Sangat Setuju,Sangat Setuju,Sangat Setuju,Sangat Setuju,Sangat Setuju,Sangat Setuju,Setuju,Setuju,Setuju,Setuju,Sangat Setuju,Sangat Setuju,Sangat Setuju,Sangat Setuju,Sangat Setuju,Sangat Setuju,Setuju,Setuju,Setuju,Setuju,Setuju,Setuju,Setuju,Selalu,Selalu,Sering,Sering,Sering,Sering,Sering,Sering,Sering,Kadang-Kadang,Peduli,Sangat/Selalu Memastikan,Selalu,Selalu,Sering,Tahu,Selalu,Sangat Setuju,Sangat Setuju,Sangat Setuju,3.000.000-5.000.000
Laki-Laki,18 -29 Tahun,ASN/ Pegawai Pemerintahan,SMA/Sederajat,2- 3 Platform,Instagram,2-3 Jam,Edukasi/Informasi,Sangat Setuju,Sangat Setuju,Sangat Setuju,Sangat Setuju,Sangat Setuju,Sangat Setuju,Sangat Setuju,Sangat Setuju,Sangat Setuju,Sangat Setuju,Sangat Setuju,Sangat Setuju,Sangat Setuju,Sangat Setuju,Sangat Setuju,Sangat Setuju,Sangat Setuju,Sangat Setuju,Sangat Setuju,Sangat Setuju,Sangat Setuju,Sangat Setuju,Sangat Setuju,Sangat Setuju,Sangat Setuju,Sangat Setuju,Sangat Setuju,Sangat Setuju,Sangat Setuju,Sangat Setuju,Sangat Setuju,Sangat Setuju,Sangat Setuju,Sangat Setuju,Sangat Setuju,Sangat Setuju,Sangat Setuju,Sangat Setuju,Sangat Setuju,Sangat Setuju,Sangat Setuju,Sangat Setuju,Sangat Setuju,Sangat Setuju,Sangat Setuju,Sangat Setuju,Sangat Setuju,Sangat Setuju,Sangat Setuju,Sangat Setuju,Sangat Setuju,Sangat Setuju,Sangat Setuju,Sangat Setuju,Sangat Setuju,Sangat Setuju,Sangat Setuju,Sangat Setuju,Sangat Setuju,Sangat Setuju,Sangat Setuju,Selalu,Selalu,Selalu,Selalu,Selalu,Selalu,Selalu,Selalu,Selalu,Selalu,Sangat Peduli,Sangat/Selalu Memastikan,Selalu,Selalu,Selalu,Sangat Tahu / Sangat Memahami Langkah-Langkah yang Tepat,Selalu,Sangat Setuju,Sangat Setuju,Sangat Setuju,3.000.000-5.000.000
Laki-Laki,18 -29 Tahun,ASN/ Pegawai Pemerintahan,SMA/Sederajat,2- 3 Platform,Instagram,1 -2 Jam,Edukasi/Informasi,Tidak Setuju,Netral,Netral,Netral,Netral,Netral,Netral,Netral,Netral,Netral,Netral,Netral,Netral,Netral,Netral,Netral,Netral,Netral,Netral,Netral,Netral,Netral,Netral,Netral,Netral,Netral,Netral,Netral,Netral,Netral,Netral,Netral,Netral,Netral,Netral,Netral,Netral,Netral,Netral,Netral,Netral,Netral,Netral,Netral,Netral,Netral,Netral,Netral,Netral,Netral,Netral,Netral,Netral,Netral,Netral,Netral,Netral,Netral,Netral,Netral,Netral,Sering,Selalu,Sering,Sering,Selalu,Sering,Sering,Sering,Sering,Sering,Peduli,Sangat/Selalu Memastikan,Sering,Sering,Sering,Sangat Tahu / Sangat Memahami Langkah-Langkah yang Tepat,Sering,Netral,Netral,Netral,5.000.000-10.000.000
Laki-Laki,30-39 Tahun,ASN/ Pegawai Pemerintahan,SMA/Sederajat,2- 3 Platform,Instagram,2-3 Jam,Hiburan/Rekreasi,Netral,Netral,Netral,Netral,Netral,Netral,Netral,Tidak Setuju,Netral,Netral,Netral,Netral,Netral,Netral,Netral,Netral,Tidak Setuju,Tidak Setuju,Netral,Netral,Netral,Netral,Netral,Netral,Netral,Netral,Netral,Tidak Setuju,Tidak Setuju,Netral,Netral,Tidak Setuju,Tidak Setuju,Netral,Netral,Netral,Netral,Netral,Netral,Tidak Setuju,Netral,Netral,Netral,Netral,Netral,Netral,Tidak Setuju,Netral,Netral,Netral,Netral,Netral,Netral,Netral,Netral,Netral,Netral,Netral,Netral,Netral,Netral,Sering,Kadang-Kadang,Sering,Sering,Sering,Kadang-Kadang,Sering,Sering,Sering,Sering,Peduli,Sering Memastikan,Sering,Kadang-Kadang,Sering,Cukup Tahu,Sering,Netral,Netral,Netral,3.000.000-5.000.000
Laki-Laki,18 -29 Tahun,ASN/ Pegawai Pemerintahan,SMA/Sederajat,2- 3 Platform,Instagram,4-5 Jam,Hiburan/Rekreasi,Setuju,Setuju,Setuju,Setuju,Setuju,Setuju,Setuju,Setuju,Setuju,Netral,Netral,Setuju,Netral,Setuju,Netral,Setuju,Setuju,Setuju,Setuju,Setuju,Setuju,Setuju,Setuju,Setuju,Setuju,Setuju,Setuju,Setuju,Setuju,Setuju,Setuju,Netral,Sangat Setuju,Setuju,Setuju,Setuju,Setuju,Setuju,Setuju,Setuju,Setuju,Setuju,Setuju,Sangat Setuju,Sangat Setuju,Sangat Setuju,Setuju,Sangat Setuju,Setuju,Sangat Setuju,Sangat Setuju,Setuju,Sangat Setuju,Sangat Setuju,Setuju,Sangat Setuju,Setuju,Sangat Setuju,Setuju,Sangat Setuju,Setuju,Kadang-Kadang,Sering,Kadang-Kadang,Kadang-Kadang,Kadang-Kadang,Sering,Kadang-Kadang,Sering,Kadang-Kadang,Sering,Sangat Peduli,Sangat/Selalu Memastikan,Selalu,Selalu,Selalu,Sangat Tahu / Sangat Memahami Langkah-Langkah yang Tepat,Selalu,Setuju,Setuju,Sangat Setuju,5.000.000-10.000.000
Laki-Laki,18 -29 Tahun,ASN/ Pegawai Pemerintahan,SMA/Sederajat,2- 3 Platform,Youtube,3-4 Jam,Edukasi/Informasi,Setuju,Setuju,Setuju,Setuju,Setuju,Setuju,Setuju,Setuju,Setuju,Setuju,Setuju,Setuju,Setuju,Setuju,Setuju,Setuju,Tidak Setuju,Netral,Netral,Setuju,Setuju,Setuju,Setuju,Setuju,Setuju,Setuju,Setuju,Setuju,Setuju,Setuju,Setuju,Setuju,Setuju,Setuju,Setuju,Setuju,Setuju,Setuju,Setuju,Setuju,Setuju,Setuju,Setuju,Setuju,Setuju,Setuju,Setuju,Setuju,Setuju,Setuju,Setuju,Setuju,Setuju,Setuju,Setuju,Setuju,Setuju,Setuju,Setuju,Setuju,Setuju,Sering,Jarang,Kadang-Kadang,Kadang-Kadang,Kadang-Kadang,Sering,Kadang-Kadang,Kadang-Kadang,Kadang-Kadang,Kadang-Kadang,Cukup Peduli,Kadang Memastikan,Kadang-Kadang,Kadang-Kadang,Kadang-Kadang,Cukup Tahu,Kadang-Kadang,Setuju,Setuju,Setuju,5.000.000-10.000.000
Laki-Laki,18 -29 Tahun,ASN/ Pegawai Pemerintahan,SMA/Sederajat,2- 3 Platform,Instagram,2-3 Jam,Komunikasi Sosial,Setuju,Setuju,Setuju,Setuju,Setuju,Setuju,Setuju,Setuju,Setuju,Setuju,Setuju,Setuju,Setuju,Setuju,Setuju,Setuju,Setuju,Setuju,Setuju,Setuju,Setuju,Setuju,Setuju,Setuju,Setuju,Setuju,Setuju,Setuju,Setuju,Setuju,Setuju,Setuju,Setuju,Setuju,Setuju,Setuju,Setuju,Setuju,Setuju,Setuju,Setuju,Setuju,Sangat Setuju,Setuju,Setuju,Setuju,Setuju,Setuju,Setuju,Setuju,Setuju,Setuju,Setuju,Setuju,Setuju,Setuju,Setuju,Setuju,Setuju,Setuju,Setuju,Sering,Jarang,Sering,Jarang,Tidak pernah,Jarang,Sering,Sering,Sering,Jarang,Sangat Peduli,Sering Memastikan,Sering,Jarang,Jarang,Tahu,Sering,Setuju,Setuju,Setuju,5.000.000-10.000.000
Laki-Laki,18 -29 Tahun,Pelajar / Mahasiswa,SMA/Sederajat,1 Platform,Instagram,1 -2 Jam,Komunikasi Sosial,Sangat Setuju,Sangat Setuju,Setuju,Setuju,Sangat Setuju,Sangat Setuju,Sangat Tidak Setuju,Netral,Netral,Sangat Setuju,Tidak Setuju,Netral,Netral,Netral,Sangat Setuju,Sangat Setuju,Sangat Setuju,Sangat Tidak Setuju,Tidak Setuju,Sangat Setuju,Netral,Netral,Sangat Setuju,Sangat Setuju,Setuju,Setuju,Netral,Setuju,Netral,Sangat Setuju,Setuju,Sangat Setuju,Sangat Setuju,Setuju,Setuju,Setuju,Setuju,Setuju,Setuju,Setuju,Setuju,Setuju,Setuju,Setuju,Setuju,Setuju,Setuju,Setuju,Setuju,Setuju,Setuju,Setuju,Setuju,Sangat Setuju,Sangat Setuju,Sangat Setuju,Sangat Setuju,Sangat Setuju,Sangat Setuju,Sangat Setuju,Sangat Setuju,Jarang,Jarang,Jarang,Jarang,Jarang,Jarang,Kadang-Kadang,Jarang,Jarang,Jarang,Sangat Peduli,Sangat/Selalu Memastikan,Jarang,Jarang,Jarang,Tahu,Jarang,Setuju,Netral,Setuju,Di bawah 500.000
Laki-Laki,18 -29 Tahun,ASN/ Pegawai Pemerintahan,SMA/Sederajat,1 Platform,Instagram,2-3 Jam,Komunikasi Sosial,Sangat Setuju,Sangat Setuju,Sangat Setuju,Sangat Setuju,Sangat Setuju,Sangat Setuju,Sangat Setuju,Sangat Setuju,Sangat Setuju,Sangat Setuju,Sangat Setuju,Sangat Setuju,Sangat Setuju,Sangat Setuju,Sangat Setuju,Sangat Setuju,Sangat Setuju,Sangat Setuju,Sangat Setuju,Sangat Setuju,Sangat Setuju,Sangat Setuju,Sangat Setuju,Sangat Setuju,Sangat Setuju,Sangat Setuju,Sangat Setuju,Sangat Setuju,Sangat Setuju,Sangat Setuju,Sangat Setuju,Sangat Setuju,Sangat Setuju,Sangat Setuju,Sangat Setuju,Sangat Setuju,Sangat Setuju,Sangat Setuju,Sangat Setuju,Sangat Setuju,Sangat Setuju,Sangat Setuju,Sangat Setuju,Sangat Setuju,Sangat Setuju,Sangat Setuju,Sangat Setuju,Sangat Setuju,Sangat Setuju,Sangat Setuju,Sangat Setuju,Sangat Setuju,Sangat Setuju,Sangat Setuju,Sangat Setuju,Sangat Setuju,Sangat Setuju,Sangat Setuju,Sangat Setuju,Sangat Setuju,Sangat Setuju,Selalu,Selalu,Selalu,Selalu,Selalu,Selalu,Selalu,Selalu,Selalu,Selalu,Sangat Peduli,Sangat/Selalu Memastikan,Selalu,Selalu,Selalu,Sangat Tahu / Sangat Memahami Langkah-Langkah yang Tepat,Selalu,Sangat Setuju,Sangat Setuju,Sangat Setuju,1.500.000-3.000.000
Laki-Laki,30-39 Tahun,ASN/ Pegawai Pemerintahan,SMA/Sederajat,2- 3 Platform,Youtube,1 -2 Jam,Edukasi/Informasi,Setuju,Setuju,Setuju,Setuju,Setuju,Setuju,Setuju,Setuju,Setuju,Setuju,Setuju,Setuju,Setuju,Setuju,Setuju,Setuju,Setuju,Setuju,Setuju,Setuju,Setuju,Netral,Netral,Setuju,Setuju,Sangat Setuju,Setuju,Netral,Setuju,Netral,Sangat Setuju,Setuju,Sangat Setuju,Setuju,Setuju,Setuju,Netral,Sangat Setuju,Setuju,Sangat Setuju,Sangat Setuju,Setuju,Setuju,Sangat Setuju,Sangat Setuju,Netral,Setuju,Sangat Setuju,Setuju,Sangat Setuju,Netral,Setuju,Netral,Setuju,Setuju,Netral,Setuju,Sangat Setuju,Sangat Setuju,Setuju,Netral,Selalu,Selalu,Sering,Kadang-Kadang,Sering,Sering,Selalu,Sering,Kadang-Kadang,Kadang-Kadang,Sangat Peduli,Sering Memastikan,Sering,Kadang-Kadang,Kadang-Kadang,Tahu,Selalu,Setuju,Setuju,Setuju,3.000.000-5.000.000
Laki-Laki,18 -29 Tahun,ASN/ Pegawai Pemerintahan,SMA/Sederajat,1 Platform,Instagram,1 -2 Jam,Hiburan/Rekreasi,Sangat Setuju,Sangat Setuju,Sangat Setuju,Sangat Setuju,Sangat Setuju,Sangat Setuju,Sangat Setuju,Sangat Setuju,Sangat Setuju,Sangat Setuju,Sangat Setuju,Sangat Setuju,Sangat Setuju,Sangat Setuju,Sangat Setuju,Sangat Setuju,Sangat Setuju,Sangat Setuju,Sangat Setuju,Sangat Setuju,Sangat Setuju,Sangat Setuju,Sangat Setuju,Sangat Setuju,Sangat Setuju,Sangat Setuju,Sangat Setuju,Sangat Setuju,Sangat Setuju,Sangat Setuju,Sangat Setuju,Sangat Setuju,Sangat Setuju,Sangat Setuju,Sangat Setuju,Sangat Setuju,Sangat Setuju,Sangat Setuju,Sangat Setuju,Sangat Setuju,Sangat Setuju,Sangat Setuju,Sangat Setuju,Sangat Setuju,Sangat Setuju,Sangat Setuju,Sangat Setuju,Sangat Setuju,Sangat Setuju,Sangat Setuju,Sangat Setuju,Sangat Setuju,Sangat Setuju,Sangat Setuju,Sangat Setuju,Sangat Setuju,Sangat Setuju,Sangat Setuju,Sangat Setuju,Sangat Setuju,Sangat Setuju,Selalu,Selalu,Selalu,Selalu,Selalu,Selalu,Selalu,Selalu,Selalu,Selalu,Sangat Peduli,Sangat/Selalu Memastikan,Selalu,Selalu,Selalu,Sangat Tahu / Sangat Memahami Langkah-Langkah yang Tepat,Selalu,Sangat Setuju,Sangat Setuju,Sangat Setuju,3.000.000-5.000.000
Laki-Laki,Kurang dari 18 tahun,Pelajar / Mahasiswa,Di bawah SMA/Sederajat,Lebih dari 5 Platform,Instagram,2-3 Jam,Hiburan/Rekreasi,Netral,Netral,Netral,Netral,Setuju,Netral,Tidak Setuju,Netral,Tidak Setuju,Netral,Setuju,Setuju,Setuju,Netral,Tidak Setuju,Netral,Netral,Setuju,Netral,Tidak Setuju,Tidak Setuju,Setuju,Setuju,Setuju,Setuju,Setuju,Netral,Netral,Setuju,Netral,Netral,Netral,Netral,Netral,Netral,Netral,Setuju,Setuju,Netral,Tidak Setuju,Tidak Setuju,Tidak Setuju,Netral,Setuju,Tidak Setuju,Setuju,Tidak Setuju,Setuju,Netral,Netral,Tidak Setuju,Setuju,Tidak Setuju,Netral,Netral,Setuju,Setuju,Setuju,Setuju,Netral,Setuju,Kadang-Kadang,Kadang-Kadang,Kadang-Kadang,Sering,Jarang,Jarang,Jarang,Jarang,Kadang-Kadang,Jarang,Tidak Terlalu Peduli,Jarang Memastikan,Kadang-Kadang,Jarang,Jarang,Kurang Tahu,Jarang,Setuju,Netral,Setuju,3.000.000-5.000.000
Laki-Laki,18 -29 Tahun,Pelajar / Mahasiswa,SMA/Sederajat,4-5 Platform,Instagram,2-3 Jam,Edukasi/Informasi,Sangat Setuju,Sangat Setuju,Sangat Setuju,Setuju,Sangat Setuju,Sangat Setuju,Setuju,Sangat Setuju,Sangat Setuju,Sangat Setuju,Sangat Setuju,Sangat Setuju,Sangat Setuju,Sangat Setuju,Sangat Setuju,Sangat Setuju,Sangat Setuju,Sangat Setuju,Sangat Setuju,Sangat Setuju,Sangat Setuju,Sangat Setuju,Setuju,Sangat Setuju,Setuju,Sangat Setuju,Sangat Setuju,Sangat Setuju,Sangat Setuju,Sangat Setuju,Sangat Setuju,Sangat Setuju,Sangat Setuju,Sangat Setuju,Sangat Setuju,Sangat Setuju,Sangat Setuju,Sangat Setuju,Sangat Setuju,Sangat Setuju,Sangat Setuju,Sangat Setuju,Sangat Setuju,Sangat Setuju,Sangat Setuju,Sangat Setuju,Sangat Setuju,Sangat Setuju,Sangat Setuju,Setuju,Sangat Setuju,Sangat Setuju,Setuju,Sangat Setuju,Setuju,Sangat Setuju,Sangat Setuju,Sangat Setuju,Setuju,Sangat Setuju,Sangat Setuju,Selalu,Selalu,Selalu,Selalu,Sering,Selalu,Selalu,Selalu,Selalu,Selalu,Sangat Peduli,Sangat/Selalu Memastikan,Selalu,Selalu,Selalu,Sangat Tahu / Sangat Memahami Langkah-Langkah yang Tepat,Selalu,Sangat Setuju,Setuju,Sangat Setuju,5.000.000-10.000.000
Laki-Laki,18 -29 Tahun,ASN/ Pegawai Pemerintahan,SMA/Sederajat,2- 3 Platform,Instagram,2-3 Jam,Hiburan/Rekreasi,Setuju,Tidak Setuju,Tidak Setuju,Netral,Tidak Setuju,Tidak Setuju,Netral,Tidak Setuju,Tidak Setuju,Netral,Tidak Setuju,Netral,Tidak Setuju,Netral,Netral,Tidak Setuju,Tidak Setuju,Netral,Tidak Setuju,Tidak Setuju,Netral,Tidak Setuju,Tidak Setuju,Tidak Setuju,Tidak Setuju,Netral,Netral,Setuju,Netral,Tidak Setuju,Netral,Tidak Setuju,Tidak Setuju,Tidak Setuju,Tidak Setuju,Tidak Setuju,Tidak Setuju,Tidak Setuju,Tidak Setuju,Tidak Setuju,Tidak Setuju,Tidak Setuju,Tidak Setuju,Tidak Setuju,Tidak Setuju,Tidak Setuju,Tidak Setuju,Tidak Setuju,Netral,Netral,Tidak Setuju,Netral,Tidak Setuju,Netral,Tidak Setuju,Tidak Setuju,Tidak Setuju,Setuju,Tidak Setuju,Netral,Netral,Sering,Sering,Sering,Sering,Sering,Sering,Sering,Sering,Sering,Sering,Peduli,Kadang Memastikan,Sering,Sering,Kadang-Kadang,Tahu,Sering,Tidak Setuju,Netral,Tidak Setuju,5.000.000-10.000.000
Laki-Laki,30-39 Tahun,ASN/ Pegawai Pemerintahan,Di bawah SMA/Sederajat,2- 3 Platform,Youtube,Kurang dari 1 jam,Edukasi/Informasi,Sangat Setuju,Sangat Setuju,Sangat Setuju,Setuju,Setuju,Setuju,Setuju,Setuju,Setuju,Setuju,Sangat Setuju,Setuju,Setuju,Setuju,Sangat Setuju,Setuju,Netral,Setuju,Netral,Netral,Setuju,Setuju,Netral,Netral,Netral,Setuju,Netral,Netral,Netral,Netral,Setuju,Setuju,Setuju,Setuju,Setuju,Setuju,Setuju,Setuju,Setuju,Setuju,Setuju,Setuju,Setuju,Setuju,Setuju,Setuju,Setuju,Setuju,Setuju,Setuju,Setuju,Setuju,Setuju,Setuju,Setuju,Setuju,Setuju,Setuju,Setuju,Setuju,Setuju,Selalu,Selalu,Sering,Sering,Sering,Sering,Sering,Selalu,Selalu,Selalu,Sangat Peduli,Sangat/Selalu Memastikan,Selalu,Selalu,Sering,Sangat Tahu / Sangat Memahami Langkah-Langkah yang Tepat,Selalu,Setuju,Setuju,Setuju,5.000.000-10.000.000
Laki-Laki,18 -29 Tahun,ASN/ Pegawai Pemerintahan,SMA/Sederajat,2- 3 Platform,Instagram,1 -2 Jam,Pekerjaan/Bisnis,Sangat Setuju,Sangat Setuju,Sangat Setuju,Sangat Setuju,Sangat Setuju,Sangat Setuju,Sangat Setuju,Sangat Setuju,Sangat Setuju,Sangat Setuju,Sangat Setuju,Sangat Setuju,Sangat Setuju,Sangat Setuju,Sangat Setuju,Sangat Setuju,Sangat Setuju,Sangat Setuju,Sangat Setuju,Sangat Setuju,Sangat Setuju,Sangat Setuju,Sangat Setuju,Sangat Setuju,Sangat Setuju,Sangat Setuju,Sangat Setuju,Sangat Setuju,Sangat Setuju,Sangat Setuju,Sangat Setuju,Sangat Setuju,Sangat Setuju,Sangat Setuju,Sangat Setuju,Sangat Setuju,Sangat Setuju,Sangat Setuju,Sangat Setuju,Sangat Setuju,Sangat Setuju,Sangat Setuju,Sangat Setuju,Sangat Setuju,Sangat Setuju,Sangat Setuju,Sangat Setuju,Sangat Setuju,Sangat Setuju,Sangat Setuju,Sangat Setuju,Sangat Setuju,Sangat Setuju,Sangat Setuju,Sangat Setuju,Sangat Setuju,Sangat Setuju,Sangat Setuju,Sangat Setuju,Sangat Setuju,Sangat Setuju,Selalu,Selalu,Selalu,Selalu,Selalu,Selalu,Selalu,Selalu,Selalu,Selalu,Sangat Peduli,Sangat/Selalu Memastikan,Selalu,Selalu,Selalu,Sangat Tahu / Sangat Memahami Langkah-Langkah yang Tepat,Selalu,Sangat Setuju,Sangat Setuju,Sangat Setuju,Di bawah 500.000
Laki-Laki,18 -29 Tahun,ASN/ Pegawai Pemerintahan,SMA/Sederajat,4-5 Platform,Instagram,1 -2 Jam,Edukasi/Informasi,Sangat Setuju,Sangat Setuju,Sangat Setuju,Setuju,Setuju,Setuju,Setuju,Setuju,Setuju,Setuju,Setuju,Setuju,Setuju,Setuju,Setuju,Setuju,Setuju,Setuju,Setuju,Setuju,Setuju,Setuju,Setuju,Setuju,Sangat Setuju,Sangat Setuju,Sangat Setuju,Setuju,Setuju,Setuju,Setuju,Setuju,Setuju,Setuju,Sangat Setuju,Sangat Setuju,Setuju,Sangat Setuju,Sangat Setuju,Sangat Setuju,Setuju,Setuju,Setuju,Setuju,Sangat Setuju,Setuju,Setuju,Sangat Setuju,Sangat Setuju,Setuju,Sangat Setuju,Setuju,Setuju,Setuju,Setuju,Setuju,Setuju,Setuju,Setuju,Setuju,Setuju,Selalu,Selalu,Selalu,Selalu,Selalu,Selalu,Selalu,Selalu,Selalu,Selalu,Sangat Peduli,Sangat/Selalu Memastikan,Selalu,Selalu,Selalu,Sangat Tahu / Sangat Memahami Langkah-Langkah yang Tepat,Selalu,Setuju,Sangat Setuju,Setuju,5.000.000-10.000.000
Laki-Laki,18 -29 Tahun,ASN/ Pegawai Pemerintahan,SMA/Sederajat,2- 3 Platform,Youtube,1 -2 Jam,Komunikasi Sosial,Sangat Setuju,Sangat Setuju,Sangat Setuju,Sangat Setuju,Sangat Setuju,Sangat Setuju,Sangat Setuju,Sangat Setuju,Sangat Setuju,Sangat Setuju,Sangat Setuju,Sangat Setuju,Sangat Setuju,Sangat Setuju,Sangat Setuju,Sangat Setuju,Sangat Setuju,Sangat Setuju,Sangat Setuju,Sangat Setuju,Sangat Setuju,Sangat Setuju,Sangat Setuju,Sangat Setuju,Sangat Setuju,Sangat Setuju,Sangat Setuju,Sangat Setuju,Sangat Setuju,Sangat Setuju,Sangat Setuju,Sangat Setuju,Sangat Setuju,Sangat Setuju,Sangat Setuju,Sangat Setuju,Sangat Setuju,Sangat Setuju,Sangat Setuju,Sangat Setuju,Sangat Setuju,Sangat Setuju,Sangat Setuju,Sangat Setuju,Sangat Setuju,Sangat Setuju,Sangat Setuju,Sangat Setuju,Sangat Setuju,Sangat Setuju,Sangat Setuju,Sangat Setuju,Sangat Setuju,Sangat Setuju,Sangat Setuju,Sangat Setuju,Sangat Setuju,Sangat Setuju,Sangat Setuju,Sangat Setuju,Sangat Setuju,Selalu,Selalu,Selalu,Selalu,Selalu,Selalu,Selalu,Selalu,Selalu,Selalu,Sangat Peduli,Sangat/Selalu Memastikan,Selalu,Selalu,Selalu,Sangat Tahu / Sangat Memahami Langkah-Langkah yang Tepat,Selalu,Sangat Setuju,Sangat Setuju,Sangat Setuju,3.000.000-5.000.000
Laki-Laki,18 -29 Tahun,ASN/ Pegawai Pemerintahan,SMA/Sederajat,2- 3 Platform,Instagram,2-3 Jam,Hiburan/Rekreasi,Sangat Setuju,Sangat Setuju,Sangat Setuju,Sangat Setuju,Sangat Setuju,Sangat Setuju,Sangat Setuju,Sangat Setuju,Sangat Setuju,Sangat Setuju,Setuju,Setuju,Sangat Setuju,Setuju,Sangat Setuju,Setuju,Setuju,Setuju,Setuju,Setuju,Sangat Setuju,Setuju,Setuju,Netral,Setuju,Setuju,Setuju,Setuju,Setuju,Setuju,Setuju,Setuju,Setuju,Setuju,Setuju,Setuju,Sangat Setuju,Sangat Setuju,Setuju,Setuju,Setuju,Setuju,Sangat Setuju,Sangat Setuju,Sangat Setuju,Setuju,Sangat Setuju,Sangat Setuju,Sangat Setuju,Setuju,Sangat Setuju,Setuju,Sangat Setuju,Setuju,Setuju,Netral,Setuju,Setuju,Setuju,Setuju,Setuju,Sering,Sering,Kadang-Kadang,Kadang-Kadang,Kadang-Kadang,Sering,Kadang-Kadang,Sering,Sering,Kadang-Kadang,Peduli,Sering Memastikan,Sering,Sering,Kadang-Kadang,Tahu,Sering,Sangat Setuju,Setuju,Setuju,3.000.000-5.000.000
Laki-Laki,18 -29 Tahun,Pelajar / Mahasiswa,SMA/Sederajat,2- 3 Platform,Instagram,Kurang dari 1 jam,Hiburan/Rekreasi,Setuju,Sangat Setuju,Sangat Setuju,Setuju,Setuju,Setuju,Setuju,Setuju,Setuju,Setuju,Setuju,Setuju,Setuju,Setuju,Setuju,Setuju,Setuju,Setuju,Setuju,Setuju,Setuju,Setuju,Setuju,Setuju,Setuju,Setuju,Setuju,Setuju,Setuju,Setuju,Setuju,Setuju,Setuju,Setuju,Setuju,Setuju,Setuju,Setuju,Setuju,Setuju,Setuju,Setuju,Setuju,Setuju,Setuju,Setuju,Setuju,Setuju,Setuju,Setuju,Setuju,Setuju,Setuju,Setuju,Setuju,Setuju,Setuju,Setuju,Setuju,Setuju,Setuju,Sering,Sering,Sering,Sering,Sering,Sering,Sering,Sering,Sering,Sering,Peduli,Sering Memastikan,Sering,Sering,Sering,Tahu,Sering,Setuju,Setuju,Setuju,Di bawah 500.000
Laki-Laki,18 -29 Tahun,ASN/ Pegawai Pemerintahan,SMA/Sederajat,2- 3 Platform,Youtube,4-5 Jam,Hiburan/Rekreasi,Netral,Netral,Netral,Netral,Netral,Netral,Netral,Netral,Netral,Netral,Netral,Netral,Netral,Netral,Netral,Netral,Netral,Netral,Netral,Netral,Netral,Netral,Netral,Netral,Netral,Netral,Netral,Netral,Netral,Netral,Netral,Netral,Netral,Netral,Netral,Netral,Netral,Netral,Netral,Netral,Netral,Netral,Netral,Netral,Netral,Netral,Netral,Netral,Netral,Netral,Netral,Netral,Netral,Netral,Netral,Netral,Netral,Netral,Netral,Netral,Netral,Selalu,Selalu,Selalu,Selalu,Selalu,Selalu,Selalu,Selalu,Selalu,Selalu,Sangat Peduli,Sangat/Selalu Memastikan,Selalu,Selalu,Selalu,Sangat Tahu / Sangat Memahami Langkah-Langkah yang Tepat,Selalu,Netral,Netral,Netral,3.000.000-5.000.000
